HUC12,NAME,Amphibian_summed_Composite_Index_score,Amphibian_standardized_Composite_Index_score__0_1_,Amphibian_Quantile_rank,Bird_summed_Composite_Index_score,Bird_standardized_Composite_Index_score__0_1_,Bird_Quantile_rank,Mammal_summed_Composite_Index_score,Mammal_standardized_Composite_Index_score__0_1_,Mammal_Quantile_rank,Reptile_summed_Composite_Index_score,Reptile_standardized_Composite_Index_score__0_1_,Reptile_Quantile_rank,Macrorefugua_summed_Composite_Index_score,Macrorefugia_standardized_Composite_Index_score__0_1_,Macrorefugia_Quantile_rank
140801041002,Ditch Canyon-Animas River,-0.300000000000000,0.090000000000000,2,0.220000000000000,0.320000000000000,4,0.140000000000000,0.290000000000000,4,-0.740000000000000,0.050000000000000,1,0.000000000000000,0.590000000000000,3
150400040302,Trout Creek,-0.160000000000000,0.110000000000000,2,0.100000000000000,0.290000000000000,4,-0.410000000000000,0.160000000000000,2,-0.470000000000000,0.090000000000000,1,0.860000000000000,0.790000000000000,5
140801050110,Johnny Pond Arroyo-La Plata River,999.000000000000000,999.000000000000000,999,999.000000000000000,999.000000000000000,999,999.000000000000000,999.000000000000000,999,999.000000000000000,999.000000000000000,999,999.000000000000000,999.000000000000000,999
150400040303,Stone Creek-San Francisco River,-0.020000000000000,0.130000000000000,3,0.410000000000000,0.370000000000000,5,-0.040000000000000,0.250000000000000,3,-0.520000000000000,0.080000000000000,1,0.810000000000000,0.780000000000000,5
150400040502,Dry Blue Creek,0.170000000000000,0.150000000000000,4,0.970000000000000,0.490000000000000,5,0.640000000000000,0.400000000000000,5,-0.600000000000000,0.070000000000000,1,0.640000000000000,0.740000000000000,5
150400040503,Campbell Blue Creek,-0.340000000000000,0.080000000000000,2,0.270000000000000,0.330000000000000,4,0.560000000000000,0.380000000000000,5,-1.070000000000000,0.000000000000000,1,0.480000000000000,0.700000000000000,5
150400040504,Centerfire Creek-Blue River,-0.200000000000000,0.100000000000000,2,0.460000000000000,0.380000000000000,5,0.120000000000000,0.280000000000000,4,-0.730000000000000,0.050000000000000,1,0.900000000000000,0.800000000000000,5
150400040506,Steeple Canyon-Blue River,-0.340000000000000,0.080000000000000,2,0.410000000000000,0.370000000000000,5,0.190000000000000,0.300000000000000,4,-0.860000000000000,0.030000000000000,1,0.920000000000000,0.800000000000000,5
150400040601,Upper Pueblo Creek,-0.140000000000000,0.110000000000000,3,0.580000000000000,0.400000000000000,5,0.690000000000000,0.410000000000000,5,-0.790000000000000,0.040000000000000,1,0.940000000000000,0.810000000000000,5
150400040602,Lower Pueblo Creek,0.670000000000000,0.220000000000000,5,1.080000000000000,0.520000000000000,5,1.010000000000000,0.480000000000000,5,-0.130000000000000,0.140000000000000,3,1.210000000000000,0.870000000000000,5
150400040603,Keller Canyon,0.430000000000000,0.190000000000000,5,0.500000000000000,0.390000000000000,5,0.470000000000000,0.360000000000000,5,0.160000000000000,0.190000000000000,4,1.380000000000000,0.910000000000000,5
150400040604,Vigil Canyon,0.420000000000000,0.180000000000000,5,1.080000000000000,0.510000000000000,5,0.650000000000000,0.400000000000000,5,0.060000000000000,0.170000000000000,4,1.340000000000000,0.900000000000000,5
150400040704,Little Blue Creek,-0.610000000000000,0.050000000000000,1,0.370000000000000,0.360000000000000,4,0.660000000000000,0.410000000000000,5,-0.860000000000000,0.030000000000000,1,1.760000000000000,1.000000000000000,5
150400040806,Citizen Canyon,-0.200000000000000,0.100000000000000,2,0.490000000000000,0.380000000000000,5,0.740000000000000,0.420000000000000,5,-0.390000000000000,0.100000000000000,1,1.080000000000000,0.840000000000000,5
150400040807,Big Pine Canyon-San Francisco River,-0.020000000000000,0.130000000000000,3,1.170000000000000,0.530000000000000,5,1.860000000000000,0.680000000000000,5,-0.450000000000000,0.090000000000000,1,0.760000000000000,0.770000000000000,5
150400040808,Harden Cienega Creek,-0.290000000000000,0.090000000000000,2,-0.050000000000000,0.260000000000000,3,-0.050000000000000,0.240000000000000,3,-0.320000000000000,0.110000000000000,2,0.950000000000000,0.810000000000000,5
150400040809,Coal Creek,-0.190000000000000,0.100000000000000,2,0.540000000000000,0.390000000000000,5,0.590000000000000,0.390000000000000,5,-0.830000000000000,0.040000000000000,1,0.580000000000000,0.720000000000000,5
150400040811,Coalson Creek-San Francisco River,999.000000000000000,999.000000000000000,999,999.000000000000000,999.000000000000000,999,999.000000000000000,999.000000000000000,999,999.000000000000000,999.000000000000000,999,999.000000000000000,999.000000000000000,999
110200100802,Mike Creek-Trinchera Creek,-0.470000000000000,0.070000000000000,1,0.440000000000000,0.370000000000000,5,0.450000000000000,0.360000000000000,5,-0.470000000000000,0.090000000000000,1,0.640000000000000,0.740000000000000,5
110200100803,Doss Arroyo-Trinchera Creek,-0.260000000000000,0.090000000000000,2,0.470000000000000,0.380000000000000,5,0.540000000000000,0.380000000000000,5,-0.490000000000000,0.090000000000000,1,0.670000000000000,0.750000000000000,5
130201020203,Wolf Creek,0.510000000000000,0.200000000000000,5,1.130000000000000,0.530000000000000,5,1.170000000000000,0.520000000000000,5,-0.460000000000000,0.090000000000000,1,1.420000000000000,0.920000000000000,5
130201020205,Rio Chamita-Rio Chama,0.490000000000000,0.190000000000000,5,1.260000000000000,0.560000000000000,5,1.370000000000000,0.570000000000000,5,-0.360000000000000,0.110000000000000,2,1.310000000000000,0.890000000000000,5
140801010605,Little Navajo River-Navajo River,0.120000000000000,0.140000000000000,4,0.790000000000000,0.450000000000000,5,0.920000000000000,0.460000000000000,5,-0.680000000000000,0.060000000000000,1,0.300000000000000,0.660000000000000,4
140801010607,Coyote Creek,999.000000000000000,999.000000000000000,999,999.000000000000000,999.000000000000000,999,999.000000000000000,999.000000000000000,999,999.000000000000000,999.000000000000000,999,0.600000000000000,0.730000000000000,5
140801010608,Coyote Creek-Navajo River,0.020000000000000,0.130000000000000,3,0.500000000000000,0.390000000000000,5,0.800000000000000,0.440000000000000,5,-0.570000000000000,0.080000000000000,1,0.510000000000000,0.710000000000000,5
140801010609,Amargo Canyon-Navajo River,0.370000000000000,0.180000000000000,5,0.660000000000000,0.420000000000000,5,1.060000000000000,0.500000000000000,5,-0.310000000000000,0.120000000000000,2,0.580000000000000,0.720000000000000,5
140801010610,Navajo River-San Juan River,0.130000000000000,0.150000000000000,4,1.080000000000000,0.510000000000000,5,1.020000000000000,0.490000000000000,5,-0.630000000000000,0.070000000000000,1,0.570000000000000,0.720000000000000,5
140801010801,Carracas Canyon,-0.160000000000000,0.110000000000000,2,0.150000000000000,0.310000000000000,4,0.240000000000000,0.310000000000000,4,-0.760000000000000,0.050000000000000,1,0.550000000000000,0.720000000000000,5
140801010803,San Juan River-Navajo Reservoir,-0.400000000000000,0.080000000000000,1,0.170000000000000,0.310000000000000,4,0.170000000000000,0.290000000000000,4,-0.870000000000000,0.030000000000000,1,0.520000000000000,0.710000000000000,5
140801011506,Shellhammer Ridge-Los Pinos River,999.000000000000000,999.000000000000000,999,999.000000000000000,999.000000000000000,999,999.000000000000000,999.000000000000000,999,999.000000000000000,999.000000000000000,999,0.260000000000000,0.650000000000000,4
140801011507,Los Pinos River,1.150000000000000,0.280000000000000,5,0.380000000000000,0.360000000000000,4,0.170000000000000,0.290000000000000,4,0.670000000000000,0.260000000000000,5,0.280000000000000,0.650000000000000,4
140801011601,Sambrito Creek-Navajo Reservoir,0.280000000000000,0.170000000000000,4,-0.080000000000000,0.250000000000000,3,0.000000000000000,0.250000000000000,3,0.350000000000000,0.210000000000000,5,0.360000000000000,0.670000000000000,4
140801070301,Mancos River-Moqui Canyon,-0.700000000000000,0.040000000000000,1,-0.200000000000000,0.230000000000000,2,-0.210000000000000,0.210000000000000,3,-0.710000000000000,0.050000000000000,1,0.650000000000000,0.740000000000000,5
140801070307,140801070307,0.020000000000000,0.130000000000000,3,-0.680000000000000,0.120000000000000,1,-0.590000000000000,0.120000000000000,1,0.490000000000000,0.240000000000000,5,-0.010000000000000,0.590000000000000,3
110400010303,Cow Canyon,-0.290000000000000,0.090000000000000,2,-0.210000000000000,0.230000000000000,2,-0.130000000000000,0.220000000000000,3,-0.320000000000000,0.110000000000000,2,0.000000000000000,0.000000000000000,1
110200100704,Rito Seco,-0.520000000000000,0.060000000000000,1,0.150000000000000,0.310000000000000,4,0.120000000000000,0.280000000000000,4,-0.500000000000000,0.090000000000000,1,0.820000000000000,0.780000000000000,5
110400010907,Blacksmith Canyon,0.200000000000000,0.150000000000000,4,0.110000000000000,0.300000000000000,4,0.320000000000000,0.330000000000000,4,-0.050000000000000,0.150000000000000,3,0.500000000000000,0.700000000000000,5
110400010908,Blacksmith Canyon-North Carrizo Creek,0.330000000000000,0.170000000000000,5,0.000000000000000,0.270000000000000,3,0.280000000000000,0.320000000000000,4,0.050000000000000,0.170000000000000,4,0.000000000000000,0.000000000000000,1
110400010301,Upper Long Canyon,-0.510000000000000,0.060000000000000,1,0.040000000000000,0.280000000000000,3,0.250000000000000,0.310000000000000,4,-0.350000000000000,0.110000000000000,2,0.420000000000000,0.690000000000000,5
110400010304,Middle Long Canyon,-0.520000000000000,0.060000000000000,1,-0.090000000000000,0.250000000000000,3,-0.160000000000000,0.220000000000000,3,-0.350000000000000,0.110000000000000,2,0.290000000000000,0.660000000000000,4
110200100801,Salazar Arroyo,-0.330000000000000,0.080000000000000,2,0.200000000000000,0.320000000000000,4,0.210000000000000,0.300000000000000,4,-0.420000000000000,0.100000000000000,1,0.440000000000000,0.690000000000000,5
110400010602,Escondido Canyon-Cobert Canyon,-0.600000000000000,0.050000000000000,1,-0.410000000000000,0.180000000000000,2,-0.390000000000000,0.170000000000000,2,-0.230000000000000,0.130000000000000,2,0.000000000000000,0.000000000000000,1
110400010603,Cobert Canyon,-0.510000000000000,0.060000000000000,1,-0.560000000000000,0.150000000000000,1,-0.460000000000000,0.150000000000000,2,-0.230000000000000,0.130000000000000,2,0.230000000000000,0.640000000000000,4
110400010604,Jesus Canyon,0.020000000000000,0.130000000000000,3,0.560000000000000,0.400000000000000,5,0.920000000000000,0.470000000000000,5,-0.450000000000000,0.090000000000000,1,0.480000000000000,0.700000000000000,5
110400010605,Travesser Creek-Dry Cimarron River,-0.490000000000000,0.060000000000000,1,-0.010000000000000,0.270000000000000,3,0.280000000000000,0.320000000000000,4,-0.350000000000000,0.110000000000000,2,0.270000000000000,0.650000000000000,4
110400011001,Flathead Canyon,-0.260000000000000,0.090000000000000,2,-0.100000000000000,0.250000000000000,3,-0.020000000000000,0.250000000000000,3,-0.380000000000000,0.110000000000000,1,0.390000000000000,0.680000000000000,4
110400011003,Sheep Pen Creek,0.150000000000000,0.150000000000000,4,0.000000000000000,0.270000000000000,3,0.040000000000000,0.260000000000000,3,-0.040000000000000,0.160000000000000,3,0.280000000000000,0.650000000000000,4
110400011005,Miller Canyon-Dry Cimarron RIver,-0.190000000000000,0.100000000000000,2,0.560000000000000,0.400000000000000,5,0.660000000000000,0.410000000000000,5,-0.080000000000000,0.150000000000000,3,0.320000000000000,0.660000000000000,4
110800010101,Upper Chicorica Creek,0.090000000000000,0.140000000000000,4,0.690000000000000,0.430000000000000,5,0.440000000000000,0.350000000000000,5,-0.290000000000000,0.120000000000000,2,1.620000000000000,0.970000000000000,5
110800010104,Raton Creek,-0.190000000000000,0.100000000000000,2,-0.130000000000000,0.240000000000000,3,-0.070000000000000,0.240000000000000,3,-0.230000000000000,0.130000000000000,2,0.930000000000000,0.800000000000000,5
110800010201,Six-Horse Canyon-Canadian River,-0.290000000000000,0.090000000000000,2,0.290000000000000,0.340000000000000,4,0.080000000000000,0.270000000000000,4,-0.520000000000000,0.080000000000000,1,0.990000000000000,0.820000000000000,5
110800010203,Dillon Canyon,0.000000000000000,0.130000000000000,3,0.610000000000000,0.410000000000000,5,0.580000000000000,0.390000000000000,5,-0.560000000000000,0.080000000000000,1,0.930000000000000,0.810000000000000,5
110800010301,Gold Creek-Vermejo River,0.070000000000000,0.140000000000000,4,0.570000000000000,0.400000000000000,5,0.880000000000000,0.460000000000000,5,-0.460000000000000,0.090000000000000,1,1.300000000000000,0.890000000000000,5
110800010304,Rock Creek-Vermejo River,0.010000000000000,0.130000000000000,3,0.400000000000000,0.360000000000000,4,0.480000000000000,0.360000000000000,5,-0.520000000000000,0.080000000000000,1,1.340000000000000,0.900000000000000,5
130100020801,Headwaters Ventero Creek,0.090000000000000,0.140000000000000,4,0.810000000000000,0.450000000000000,5,0.520000000000000,0.370000000000000,5,-0.200000000000000,0.130000000000000,2,0.970000000000000,0.810000000000000,5
130100021103,Cove Lake Reservoir,-0.540000000000000,0.060000000000000,1,-0.150000000000000,0.240000000000000,3,-0.470000000000000,0.150000000000000,2,-0.070000000000000,0.150000000000000,3,0.630000000000000,0.740000000000000,5
130100021104,Punche Arroyo,-0.620000000000000,0.050000000000000,1,-0.440000000000000,0.170000000000000,2,-0.680000000000000,0.100000000000000,1,-0.060000000000000,0.150000000000000,3,0.810000000000000,0.780000000000000,5
130100050203,Toltec Creek-Rio de Los Pinos,0.270000000000000,0.160000000000000,4,1.190000000000000,0.540000000000000,5,1.260000000000000,0.540000000000000,5,-0.350000000000000,0.110000000000000,2,0.660000000000000,0.740000000000000,5
130100050204,City of Ortiz-Rio de Los Pinos,-0.120000000000000,0.110000000000000,3,0.580000000000000,0.400000000000000,5,0.680000000000000,0.410000000000000,5,-0.370000000000000,0.110000000000000,2,-0.440000000000000,0.490000000000000,1
130100050302,Canada de Los Ranchos-Rio San Antonio,-0.340000000000000,0.080000000000000,2,0.000000000000000,0.270000000000000,3,-0.190000000000000,0.210000000000000,3,-0.160000000000000,0.140000000000000,2,0.480000000000000,0.700000000000000,5
130100050303,San Antonio Cemetery-Rio San Antonio,-0.650000000000000,0.040000000000000,1,-0.380000000000000,0.190000000000000,2,-0.440000000000000,0.160000000000000,2,-0.130000000000000,0.140000000000000,3,0.500000000000000,0.710000000000000,5
130100050404,Bighorn Creek,-0.460000000000000,0.070000000000000,1,-0.030000000000000,0.270000000000000,3,0.520000000000000,0.370000000000000,5,-0.470000000000000,0.090000000000000,1,0.000000000000000,0.000000000000000,1
130201010101,Casias Creek-Costillo Creek,0.400000000000000,0.180000000000000,5,1.520000000000000,0.610000000000000,5,1.730000000000000,0.650000000000000,5,-0.360000000000000,0.110000000000000,2,1.150000000000000,0.860000000000000,5
130201010106,Town of Garcia-Costillo River,-0.290000000000000,0.090000000000000,2,0.580000000000000,0.400000000000000,5,0.710000000000000,0.420000000000000,5,-0.420000000000000,0.100000000000000,1,0.490000000000000,0.700000000000000,5
130201010110,Eastdale Creek-Costillo Creek,-0.360000000000000,0.080000000000000,2,-0.420000000000000,0.180000000000000,2,-0.270000000000000,0.190000000000000,2,0.090000000000000,0.180000000000000,4,0.430000000000000,0.690000000000000,5
130201010201,Mesita Hill-Rio Grande,0.160000000000000,0.150000000000000,4,-0.510000000000000,0.160000000000000,1,-0.250000000000000,0.200000000000000,2,0.440000000000000,0.230000000000000,5,0.000000000000000,0.000000000000000,1
130201010202,130201010202,-0.490000000000000,0.060000000000000,1,-0.570000000000000,0.150000000000000,1,-0.820000000000000,0.070000000000000,1,-0.010000000000000,0.160000000000000,3,0.760000000000000,0.770000000000000,5
130201010204,130201010204-Rio Grande,-0.180000000000000,0.110000000000000,2,-0.490000000000000,0.160000000000000,1,-0.490000000000000,0.140000000000000,1,0.070000000000000,0.170000000000000,4,0.710000000000000,0.750000000000000,5
110200100307,Lower Long Canyon,999.000000000000000,999.000000000000000,999,999.000000000000000,999.000000000000000,999,999.000000000000000,999.000000000000000,999,999.000000000000000,999.000000000000000,999,999.000000000000000,999.000000000000000,999
110200100401,Gallinas Creek,999.000000000000000,999.000000000000000,999,999.000000000000000,999.000000000000000,999,999.000000000000000,999.000000000000000,999,999.000000000000000,999.000000000000000,999,999.000000000000000,999.000000000000000,999
110200100703,Headwaters San Isidro Creek,-0.340000000000000,0.080000000000000,2,0.200000000000000,0.320000000000000,4,0.090000000000000,0.270000000000000,4,-0.430000000000000,0.100000000000000,1,1.370000000000000,0.910000000000000,5
140801050402,Headwaters Shumway Arroyo,-0.310000000000000,0.090000000000000,2,-0.030000000000000,0.270000000000000,3,0.160000000000000,0.290000000000000,4,-0.510000000000000,0.080000000000000,1,-0.030000000000000,0.580000000000000,3
140801050601,Upper Salt Creek Wash,-0.160000000000000,0.110000000000000,2,0.380000000000000,0.360000000000000,4,0.540000000000000,0.380000000000000,5,-0.360000000000000,0.110000000000000,2,0.020000000000000,0.590000000000000,3
110200100304,Upper Long Canyon,-0.150000000000000,0.110000000000000,2,0.460000000000000,0.380000000000000,5,0.160000000000000,0.290000000000000,4,-0.640000000000000,0.070000000000000,1,0.760000000000000,0.770000000000000,5
140801011602,Canon Bancos-Navajo Reservoir,4.500000000000000,0.720000000000000,5,0.010000000000000,0.280000000000000,3,-0.120000000000000,0.230000000000000,3,3.590000000000000,0.700000000000000,5,0.340000000000000,0.670000000000000,4
140801011801,Trail Canyon,-0.470000000000000,0.070000000000000,1,-0.220000000000000,0.220000000000000,2,-0.530000000000000,0.130000000000000,1,-0.750000000000000,0.050000000000000,1,0.150000000000000,0.620000000000000,4
140801011802,Upper Pump Canyon,-0.250000000000000,0.100000000000000,2,0.080000000000000,0.290000000000000,4,-0.440000000000000,0.160000000000000,2,-0.720000000000000,0.050000000000000,1,0.200000000000000,0.630000000000000,4
140801011803,Rawhide Canyon,-0.390000000000000,0.080000000000000,1,-0.100000000000000,0.250000000000000,3,-0.430000000000000,0.160000000000000,2,-0.640000000000000,0.070000000000000,1,0.140000000000000,0.620000000000000,3
140801041001,Cox Canyon,-0.520000000000000,0.060000000000000,1,-0.200000000000000,0.230000000000000,2,-0.030000000000000,0.250000000000000,3,-0.710000000000000,0.060000000000000,1,0.160000000000000,0.630000000000000,4
110200100305,Colorow Canyon,-0.140000000000000,0.110000000000000,3,0.290000000000000,0.340000000000000,4,0.200000000000000,0.300000000000000,4,-0.700000000000000,0.060000000000000,1,0.000000000000000,0.000000000000000,1
110200100306,Middle Long Canyon,999.000000000000000,999.000000000000000,999,999.000000000000000,999.000000000000000,999,999.000000000000000,999.000000000000000,999,999.000000000000000,999.000000000000000,999,999.000000000000000,999.000000000000000,999
140801050301,Barker Arroyo,-0.400000000000000,0.080000000000000,1,-0.110000000000000,0.250000000000000,3,0.070000000000000,0.270000000000000,4,-0.590000000000000,0.070000000000000,1,-0.190000000000000,0.540000000000000,2
140801050202,McDermott Arroyo,-0.640000000000000,0.040000000000000,1,-0.270000000000000,0.210000000000000,2,-0.840000000000000,0.060000000000000,1,-0.700000000000000,0.060000000000000,1,0.100000000000000,0.610000000000000,3
140801050203,Jaquez Arroyo-McDermott Arroyo,-0.450000000000000,0.070000000000000,1,-0.380000000000000,0.190000000000000,2,-0.140000000000000,0.220000000000000,3,-0.480000000000000,0.090000000000000,1,-0.060000000000000,0.580000000000000,3
140801050205,Murphy Arroyo-La Plata River,-0.530000000000000,0.060000000000000,1,-0.410000000000000,0.180000000000000,2,-0.100000000000000,0.230000000000000,3,-0.420000000000000,0.100000000000000,1,-0.210000000000000,0.540000000000000,2
110200100202,McWilliams Canyon,-0.320000000000000,0.090000000000000,2,0.190000000000000,0.320000000000000,4,-0.090000000000000,0.240000000000000,3,-0.660000000000000,0.060000000000000,1,0.980000000000000,0.820000000000000,5
110200101503,Upper Bachicha Creek,-0.390000000000000,0.080000000000000,1,-0.190000000000000,0.230000000000000,2,0.180000000000000,0.300000000000000,4,-0.360000000000000,0.110000000000000,2,0.000000000000000,0.000000000000000,1
140801050902,Upper Red Wash,-0.460000000000000,0.070000000000000,1,-0.120000000000000,0.250000000000000,3,-0.070000000000000,0.240000000000000,3,-0.580000000000000,0.080000000000000,1,0.300000000000000,0.660000000000000,4
140801050905,Horse Mesa Wash,0.850000000000000,0.240000000000000,5,0.040000000000000,0.280000000000000,4,-0.070000000000000,0.240000000000000,3,0.300000000000000,0.210000000000000,4,0.000000000000000,0.000000000000000,1
140801050906,Blackrock Wash,-0.260000000000000,0.090000000000000,2,-0.320000000000000,0.200000000000000,2,-0.210000000000000,0.210000000000000,3,-0.370000000000000,0.110000000000000,2,0.460000000000000,0.700000000000000,5
140801050908,Cottonwood Wash,-0.290000000000000,0.090000000000000,2,-0.070000000000000,0.260000000000000,3,0.090000000000000,0.280000000000000,4,-0.660000000000000,0.060000000000000,1,0.500000000000000,0.700000000000000,5
140801050909,First Gray Wash,-0.450000000000000,0.070000000000000,1,-0.350000000000000,0.200000000000000,2,0.100000000000000,0.280000000000000,4,-0.480000000000000,0.090000000000000,1,0.710000000000000,0.750000000000000,5
140801051002,Beclabito Wash,-0.300000000000000,0.090000000000000,2,-0.430000000000000,0.180000000000000,2,0.190000000000000,0.300000000000000,4,-0.160000000000000,0.140000000000000,2,0.750000000000000,0.760000000000000,5
140801051004,Shoe Game Wash,-0.310000000000000,0.090000000000000,2,-0.640000000000000,0.130000000000000,1,0.190000000000000,0.300000000000000,4,0.010000000000000,0.160000000000000,3,0.710000000000000,0.750000000000000,5
140801051005,Salt Wash-San Juan River,-0.060000000000000,0.120000000000000,3,-0.390000000000000,0.190000000000000,2,0.380000000000000,0.340000000000000,4,-0.050000000000000,0.150000000000000,3,0.540000000000000,0.710000000000000,5
140801061701,Upper Sanostee Wash,-0.140000000000000,0.110000000000000,3,0.600000000000000,0.410000000000000,5,0.550000000000000,0.380000000000000,5,-0.720000000000000,0.050000000000000,1,0.040000000000000,0.600000000000000,3
140802040101,Prarie Dog Valley,0.270000000000000,0.170000000000000,4,0.340000000000000,0.350000000000000,4,0.200000000000000,0.300000000000000,4,-0.440000000000000,0.100000000000000,1,-0.340000000000000,0.510000000000000,2
140802040102,Upper Wheatfields Creek,0.330000000000000,0.170000000000000,5,0.680000000000000,0.430000000000000,5,0.420000000000000,0.350000000000000,5,-0.440000000000000,0.100000000000000,1,-0.450000000000000,0.480000000000000,1
140802040202,Star Peak Springs,0.250000000000000,0.160000000000000,4,0.090000000000000,0.290000000000000,4,-0.090000000000000,0.230000000000000,3,0.030000000000000,0.170000000000000,3,-0.370000000000000,0.500000000000000,1
140802040204,Crystal Wash,0.150000000000000,0.150000000000000,4,0.440000000000000,0.370000000000000,5,0.230000000000000,0.310000000000000,4,-0.400000000000000,0.100000000000000,1,-0.290000000000000,0.520000000000000,2
140802040206,Whiskey Creek (Local Drainage),0.310000000000000,0.170000000000000,5,0.620000000000000,0.410000000000000,5,0.500000000000000,0.370000000000000,5,-0.430000000000000,0.100000000000000,1,-0.450000000000000,0.480000000000000,1
140802040401,Tsaile Creek-Tsaile Lake,999.000000000000000,999.000000000000000,999,999.000000000000000,999.000000000000000,999,999.000000000000000,999.000000000000000,999,999.000000000000000,999.000000000000000,999,999.000000000000000,999.000000000000000,999
150200010302,Canovas Creek-Coyote Creek,0.030000000000000,0.130000000000000,3,0.350000000000000,0.350000000000000,4,0.060000000000000,0.270000000000000,4,-0.320000000000000,0.110000000000000,2,1.040000000000000,0.830000000000000,5
150200010305,150200010305,-0.440000000000000,0.070000000000000,1,-0.380000000000000,0.190000000000000,2,-0.450000000000000,0.150000000000000,2,-0.080000000000000,0.150000000000000,3,0.920000000000000,0.800000000000000,5
150200020101,Henry Platt Springs,-0.350000000000000,0.080000000000000,2,-0.290000000000000,0.210000000000000,2,-0.290000000000000,0.190000000000000,2,0.110000000000000,0.180000000000000,4,0.920000000000000,0.800000000000000,5
150200030705,Cottonwood Canyon,-0.180000000000000,0.100000000000000,2,-0.040000000000000,0.260000000000000,3,-0.100000000000000,0.230000000000000,3,-0.180000000000000,0.140000000000000,2,0.910000000000000,0.800000000000000,5
150200030902,Gallegos Springs,999.000000000000000,999.000000000000000,999,999.000000000000000,999.000000000000000,999,999.000000000000000,999.000000000000000,999,999.000000000000000,999.000000000000000,999,999.000000000000000,999.000000000000000,999
150200030906,Carrisito Spring-Carrizo Wash,0.030000000000000,0.130000000000000,3,-0.370000000000000,0.190000000000000,2,-0.040000000000000,0.240000000000000,3,0.150000000000000,0.180000000000000,4,0.430000000000000,0.690000000000000,5
150200030907,Blanco Canyon,-0.280000000000000,0.090000000000000,2,-0.220000000000000,0.220000000000000,2,-0.140000000000000,0.220000000000000,3,-0.150000000000000,0.140000000000000,2,0.420000000000000,0.690000000000000,5
150200030908,Aguaje Draw,-0.440000000000000,0.070000000000000,1,-0.520000000000000,0.160000000000000,1,-0.570000000000000,0.120000000000000,1,0.040000000000000,0.170000000000000,3,0.340000000000000,0.670000000000000,4
150200040606,Mazon Camp-Jaralosa Draw,0.070000000000000,0.140000000000000,4,-0.120000000000000,0.250000000000000,3,-0.150000000000000,0.220000000000000,3,0.120000000000000,0.180000000000000,4,0.140000000000000,0.620000000000000,3
150200040607,Ortega Well-Jaralosa Draw,0.060000000000000,0.140000000000000,4,-0.170000000000000,0.240000000000000,3,-0.110000000000000,0.230000000000000,3,0.050000000000000,0.170000000000000,4,0.200000000000000,0.630000000000000,4
150200040701,East Pasture Tank,0.040000000000000,0.130000000000000,4,-0.400000000000000,0.180000000000000,2,-0.480000000000000,0.150000000000000,2,0.180000000000000,0.190000000000000,4,-0.030000000000000,0.580000000000000,3
150200040703,Devil Pass Well,-0.240000000000000,0.100000000000000,2,-0.580000000000000,0.140000000000000,1,-0.480000000000000,0.140000000000000,1,0.060000000000000,0.170000000000000,4,-0.110000000000000,0.560000000000000,2
150200040707,Barth Well-Zuni River,-0.200000000000000,0.100000000000000,2,0.970000000000000,0.490000000000000,5,1.250000000000000,0.540000000000000,5,0.040000000000000,0.170000000000000,3,-0.100000000000000,0.570000000000000,2
150200040708,Lower Venedito Draw,-0.270000000000000,0.090000000000000,2,-0.480000000000000,0.160000000000000,1,-0.230000000000000,0.200000000000000,2,-0.050000000000000,0.150000000000000,3,0.160000000000000,0.630000000000000,4
150200040709,Ojo Peak-Zuni River,-0.260000000000000,0.090000000000000,2,-0.380000000000000,0.190000000000000,2,0.060000000000000,0.270000000000000,4,0.200000000000000,0.190000000000000,4,-0.030000000000000,0.580000000000000,3
150200040801,Chafin Well-Hardscrabble Wash,-0.370000000000000,0.080000000000000,2,-0.360000000000000,0.190000000000000,2,-0.770000000000000,0.080000000000000,1,-0.080000000000000,0.150000000000000,3,-0.050000000000000,0.580000000000000,3
150200040901,Pine Springs Wash,-0.740000000000000,0.030000000000000,1,-0.900000000000000,0.070000000000000,1,-0.320000000000000,0.180000000000000,2,-0.120000000000000,0.140000000000000,3,0.370000000000000,0.680000000000000,4
150200060303,Red Valley-Red Lake,-0.120000000000000,0.110000000000000,3,-0.330000000000000,0.200000000000000,2,-0.020000000000000,0.250000000000000,3,-0.070000000000000,0.150000000000000,3,-0.280000000000000,0.520000000000000,2
150200060304,Twin Buttes Wash,-0.340000000000000,0.080000000000000,2,-0.200000000000000,0.230000000000000,2,-0.410000000000000,0.160000000000000,2,-0.570000000000000,0.080000000000000,1,-0.180000000000000,0.550000000000000,2
150200060305,Buell Wash-Black Creek,-0.180000000000000,0.110000000000000,2,-0.380000000000000,0.190000000000000,2,-0.220000000000000,0.200000000000000,2,-0.190000000000000,0.130000000000000,2,-0.400000000000000,0.490000000000000,1
150200060308,Slick Rock Wash,-0.210000000000000,0.100000000000000,2,-0.120000000000000,0.250000000000000,3,-0.370000000000000,0.170000000000000,2,-0.500000000000000,0.090000000000000,1,-0.060000000000000,0.570000000000000,3
150200060503,Good Luck Spring,-0.380000000000000,0.080000000000000,1,-0.590000000000000,0.140000000000000,1,-0.840000000000000,0.060000000000000,1,-0.270000000000000,0.120000000000000,2,-0.140000000000000,0.560000000000000,2
150200060504,Lower Whitewater Arroyo,-0.160000000000000,0.110000000000000,2,-0.250000000000000,0.220000000000000,2,-0.330000000000000,0.180000000000000,2,-0.140000000000000,0.140000000000000,2,-0.180000000000000,0.550000000000000,2
150200060603,Tse Bonita Wash,-0.110000000000000,0.110000000000000,3,0.070000000000000,0.290000000000000,4,0.110000000000000,0.280000000000000,4,-0.460000000000000,0.090000000000000,1,0.000000000000000,0.590000000000000,3
150200060604,Black Creek Valley-Black Creek,-0.410000000000000,0.070000000000000,1,-0.650000000000000,0.130000000000000,1,-0.270000000000000,0.190000000000000,2,-0.500000000000000,0.090000000000000,1,-0.060000000000000,0.580000000000000,3
150200060701,Peterson Well,-0.300000000000000,0.090000000000000,2,-0.160000000000000,0.240000000000000,3,0.360000000000000,0.340000000000000,4,-0.550000000000000,0.080000000000000,1,-0.180000000000000,0.550000000000000,2
150200060706,Surrender Canyon-Puerco River,0.010000000000000,0.130000000000000,3,0.310000000000000,0.340000000000000,4,0.720000000000000,0.420000000000000,5,-0.340000000000000,0.110000000000000,2,-0.360000000000000,0.500000000000000,2
150200060707,Slims Spring-Puerco River,0.030000000000000,0.130000000000000,3,0.510000000000000,0.390000000000000,5,1.220000000000000,0.530000000000000,5,-0.440000000000000,0.100000000000000,1,-0.260000000000000,0.530000000000000,2
140802010202,Toh Dahstini Wash,999.000000000000000,999.000000000000000,999,999.000000000000000,999.000000000000000,999,999.000000000000000,999.000000000000000,999,999.000000000000000,999.000000000000000,999,999.000000000000000,999.000000000000000,999
110800010603,Dry Arroyo,0.330000000000000,0.170000000000000,5,-0.690000000000000,0.120000000000000,1,-0.690000000000000,0.100000000000000,1,0.700000000000000,0.270000000000000,5,0.250000000000000,0.650000000000000,4
110800010604,Outlet Rio del Plano,0.380000000000000,0.180000000000000,5,-0.590000000000000,0.140000000000000,1,-0.900000000000000,0.050000000000000,1,0.620000000000000,0.260000000000000,5,0.350000000000000,0.670000000000000,4
110800010605,Alkali Arroyo,0.650000000000000,0.220000000000000,5,-0.570000000000000,0.150000000000000,1,-0.990000000000000,0.030000000000000,1,0.640000000000000,0.260000000000000,5,0.290000000000000,0.660000000000000,4
110800010606,Cimarron River-Canadian River,0.730000000000000,0.230000000000000,5,-0.570000000000000,0.150000000000000,1,-0.730000000000000,0.090000000000000,1,0.820000000000000,0.290000000000000,5,0.210000000000000,0.640000000000000,4
110800020101,Headwaters Moreno Creek,0.400000000000000,0.180000000000000,5,0.930000000000000,0.480000000000000,5,0.710000000000000,0.420000000000000,5,-0.300000000000000,0.120000000000000,2,1.040000000000000,0.830000000000000,5
110800020102,Outlet Moreno Creek,0.300000000000000,0.170000000000000,5,0.830000000000000,0.460000000000000,5,0.740000000000000,0.420000000000000,5,-0.300000000000000,0.120000000000000,2,0.740000000000000,0.760000000000000,5
110800020103,Headwaters Cieneguilla Creek,0.070000000000000,0.140000000000000,4,0.800000000000000,0.450000000000000,5,0.610000000000000,0.390000000000000,5,-0.260000000000000,0.120000000000000,2,0.730000000000000,0.760000000000000,5
110800010108,Headwaters Blosser Arroyo,-0.390000000000000,0.080000000000000,1,-0.210000000000000,0.230000000000000,2,-0.410000000000000,0.160000000000000,2,-0.310000000000000,0.120000000000000,2,1.220000000000000,0.870000000000000,5
110800010109,Outlet Blosser Arroyo,-0.490000000000000,0.060000000000000,1,-0.380000000000000,0.190000000000000,2,-0.410000000000000,0.160000000000000,2,-0.180000000000000,0.130000000000000,2,0.780000000000000,0.770000000000000,5
110800010110,Lower Chicorica Creek,-0.170000000000000,0.110000000000000,2,-0.650000000000000,0.130000000000000,1,-0.800000000000000,0.070000000000000,1,0.140000000000000,0.180000000000000,4,0.290000000000000,0.660000000000000,4
110800020304,Chicoso Creek,-0.560000000000000,0.050000000000000,1,-0.510000000000000,0.160000000000000,1,-0.540000000000000,0.130000000000000,1,-0.330000000000000,0.110000000000000,2,0.460000000000000,0.690000000000000,5
110800020305,Urraca Creek,-0.070000000000000,0.120000000000000,3,0.100000000000000,0.300000000000000,4,0.080000000000000,0.270000000000000,4,-0.250000000000000,0.130000000000000,2,0.480000000000000,0.700000000000000,5
110800020306,Outlet Rayado Creek,0.050000000000000,0.130000000000000,4,-0.390000000000000,0.190000000000000,2,-0.420000000000000,0.160000000000000,2,0.100000000000000,0.180000000000000,4,0.310000000000000,0.660000000000000,4
110800020401,Springer Lake,0.740000000000000,0.230000000000000,5,-1.070000000000000,0.030000000000000,1,-0.930000000000000,0.040000000000000,1,1.100000000000000,0.330000000000000,5,0.210000000000000,0.640000000000000,4
110800010202,Potato Canyon-Canadian River,0.000000000000000,0.130000000000000,3,0.720000000000000,0.430000000000000,5,0.470000000000000,0.360000000000000,5,-0.610000000000000,0.070000000000000,1,0.720000000000000,0.760000000000000,5
110800010204,Dillon Canyon-Canadian River,0.010000000000000,0.130000000000000,3,0.780000000000000,0.450000000000000,5,0.730000000000000,0.420000000000000,5,-0.640000000000000,0.070000000000000,1,0.600000000000000,0.730000000000000,5
110800010205,Chicorica Creek-Canadian River,-0.200000000000000,0.100000000000000,2,-0.600000000000000,0.140000000000000,1,-0.540000000000000,0.130000000000000,1,-0.070000000000000,0.150000000000000,3,0.300000000000000,0.660000000000000,4
110800010302,Leandro Creek,-0.120000000000000,0.110000000000000,3,0.500000000000000,0.390000000000000,5,0.730000000000000,0.420000000000000,5,-0.400000000000000,0.100000000000000,1,1.220000000000000,0.870000000000000,5
110800010303,Rock Creek,-0.090000000000000,0.120000000000000,3,0.210000000000000,0.320000000000000,4,0.350000000000000,0.340000000000000,4,-0.280000000000000,0.120000000000000,2,1.220000000000000,0.870000000000000,5
110800010305,York Canyon,0.060000000000000,0.140000000000000,4,0.490000000000000,0.380000000000000,5,0.350000000000000,0.340000000000000,4,-0.530000000000000,0.080000000000000,1,1.170000000000000,0.860000000000000,5
110800010306,York Canyon-Vermejo River,0.040000000000000,0.130000000000000,4,0.730000000000000,0.440000000000000,5,0.680000000000000,0.410000000000000,5,-0.620000000000000,0.070000000000000,1,1.200000000000000,0.870000000000000,5
110800010307,Headwaters Caliente Canyon,-0.010000000000000,0.130000000000000,3,0.480000000000000,0.380000000000000,5,0.250000000000000,0.310000000000000,4,-0.580000000000000,0.080000000000000,1,0.840000000000000,0.780000000000000,5
110800010308,Outlet Caliente Canyon,-0.040000000000000,0.120000000000000,3,0.310000000000000,0.340000000000000,4,0.410000000000000,0.350000000000000,5,-0.620000000000000,0.070000000000000,1,0.780000000000000,0.770000000000000,5
110800010601,Rondeau Creek,0.240000000000000,0.160000000000000,4,-0.360000000000000,0.190000000000000,2,-0.820000000000000,0.070000000000000,1,0.160000000000000,0.190000000000000,4,0.590000000000000,0.730000000000000,5
120800040304,Pope Ranch,-0.700000000000000,0.040000000000000,1,-0.920000000000000,0.070000000000000,1,-0.390000000000000,0.160000000000000,2,0.090000000000000,0.180000000000000,4,0.000000000000000,0.590000000000000,3
120800060101,Town of Gladiola,-0.600000000000000,0.050000000000000,1,-1.060000000000000,0.040000000000000,1,-0.560000000000000,0.130000000000000,1,0.110000000000000,0.180000000000000,4,0.120000000000000,0.620000000000000,3
120800060102,120800060102,-0.640000000000000,0.040000000000000,1,-1.150000000000000,0.020000000000000,1,-0.720000000000000,0.090000000000000,1,0.080000000000000,0.170000000000000,4,0.100000000000000,0.610000000000000,3
110800030102,Apache Lake,-0.390000000000000,0.080000000000000,1,0.530000000000000,0.390000000000000,5,0.470000000000000,0.360000000000000,5,-0.090000000000000,0.150000000000000,3,0.340000000000000,0.670000000000000,4
110800030103,Los Huerros Creek,-0.270000000000000,0.090000000000000,2,0.120000000000000,0.300000000000000,4,0.000000000000000,0.250000000000000,3,-0.240000000000000,0.130000000000000,2,0.290000000000000,0.660000000000000,4
110800030104,LeFebres Creek,-0.110000000000000,0.110000000000000,3,0.180000000000000,0.310000000000000,4,0.250000000000000,0.310000000000000,4,-0.330000000000000,0.110000000000000,2,0.360000000000000,0.670000000000000,4
110800030105,Chavez Creek,-0.010000000000000,0.130000000000000,3,0.490000000000000,0.380000000000000,5,0.360000000000000,0.340000000000000,4,-0.270000000000000,0.120000000000000,2,0.370000000000000,0.680000000000000,4
110800030106,Chavez Creek-Ocate Creek,-0.130000000000000,0.110000000000000,3,0.300000000000000,0.340000000000000,4,0.430000000000000,0.350000000000000,5,-0.320000000000000,0.110000000000000,2,0.390000000000000,0.680000000000000,4
110800030107,Charette Lake-Ocate Creek,-0.410000000000000,0.070000000000000,1,0.290000000000000,0.340000000000000,4,0.180000000000000,0.300000000000000,4,-0.020000000000000,0.160000000000000,3,0.520000000000000,0.710000000000000,5
110800030108,Laguna Yeso,-0.220000000000000,0.100000000000000,2,-0.020000000000000,0.270000000000000,3,-0.070000000000000,0.240000000000000,3,-0.210000000000000,0.130000000000000,2,0.330000000000000,0.670000000000000,4
110800030109,Headwaters Sweetwater Creek,-0.210000000000000,0.100000000000000,2,-0.210000000000000,0.230000000000000,2,-0.280000000000000,0.190000000000000,2,-0.130000000000000,0.140000000000000,3,0.370000000000000,0.670000000000000,4
110800030110,Outlet Sweetwater Creek,0.170000000000000,0.150000000000000,4,-0.450000000000000,0.170000000000000,1,-0.630000000000000,0.110000000000000,1,0.300000000000000,0.210000000000000,4,0.500000000000000,0.710000000000000,5
110800030201,Stony Lake,0.520000000000000,0.200000000000000,5,-0.150000000000000,0.240000000000000,3,-0.560000000000000,0.130000000000000,1,0.770000000000000,0.280000000000000,5,0.460000000000000,0.700000000000000,5
110800030202,Stony Lake-Ocate Creek,0.800000000000000,0.230000000000000,5,-0.530000000000000,0.160000000000000,1,-0.870000000000000,0.060000000000000,1,0.900000000000000,0.300000000000000,5,0.410000000000000,0.680000000000000,5
110800020104,Outlet Cieneguilla Creek,0.320000000000000,0.170000000000000,5,0.610000000000000,0.410000000000000,5,0.300000000000000,0.320000000000000,4,-0.270000000000000,0.120000000000000,2,0.790000000000000,0.770000000000000,5
110800020105,Eagle Nest Lake,2.050000000000000,0.400000000000000,5,0.550000000000000,0.400000000000000,5,0.320000000000000,0.330000000000000,4,1.490000000000000,0.390000000000000,5,0.490000000000000,0.700000000000000,5
110800020106,Ute Creek,0.160000000000000,0.150000000000000,4,0.810000000000000,0.450000000000000,5,0.820000000000000,0.440000000000000,5,-0.500000000000000,0.090000000000000,1,0.790000000000000,0.770000000000000,5
110800020107,Ute Creek-Cimarron River,0.360000000000000,0.180000000000000,5,1.400000000000000,0.590000000000000,5,1.600000000000000,0.620000000000000,5,-0.530000000000000,0.080000000000000,1,0.730000000000000,0.760000000000000,5
110800020108,Cimarroncito Creek,-0.140000000000000,0.110000000000000,3,0.510000000000000,0.390000000000000,5,0.690000000000000,0.410000000000000,5,-0.550000000000000,0.080000000000000,1,0.600000000000000,0.730000000000000,5
110800020109,Cimarroncito Creek-Cimarron River,-0.160000000000000,0.110000000000000,2,0.430000000000000,0.370000000000000,5,0.390000000000000,0.340000000000000,4,-0.570000000000000,0.080000000000000,1,0.510000000000000,0.710000000000000,5
110800020201,Greenwood Canyon,0.430000000000000,0.190000000000000,5,1.220000000000000,0.540000000000000,5,1.090000000000000,0.500000000000000,5,-0.440000000000000,0.100000000000000,1,0.950000000000000,0.810000000000000,5
110800020202,Middle Ponil Creek,0.090000000000000,0.140000000000000,4,0.970000000000000,0.490000000000000,5,0.820000000000000,0.440000000000000,5,-0.430000000000000,0.100000000000000,1,0.980000000000000,0.820000000000000,5
110800020203,Headwaters North Ponil Creek,-0.220000000000000,0.100000000000000,2,0.140000000000000,0.300000000000000,4,0.070000000000000,0.270000000000000,4,-0.450000000000000,0.090000000000000,1,1.130000000000000,0.850000000000000,5
110800030303,Jaritas Arroyo,0.250000000000000,0.160000000000000,4,-0.560000000000000,0.150000000000000,1,-0.870000000000000,0.060000000000000,1,0.460000000000000,0.230000000000000,5,0.300000000000000,0.660000000000000,4
110800010309,Caliente Canyon-Vermejo River,-0.140000000000000,0.110000000000000,3,0.380000000000000,0.360000000000000,4,0.460000000000000,0.360000000000000,5,-0.660000000000000,0.060000000000000,1,0.820000000000000,0.780000000000000,5
110800010401,Rail Canyon-Vermejo River,0.010000000000000,0.130000000000000,3,0.640000000000000,0.420000000000000,5,0.780000000000000,0.430000000000000,5,-0.690000000000000,0.060000000000000,1,0.450000000000000,0.690000000000000,5
110800010402,Saltpeter Creek,0.110000000000000,0.140000000000000,4,0.380000000000000,0.360000000000000,4,0.250000000000000,0.310000000000000,4,-0.520000000000000,0.080000000000000,1,0.520000000000000,0.710000000000000,5
110800010403,Headwaters Van Bremmer Creek,-0.220000000000000,0.100000000000000,2,0.390000000000000,0.360000000000000,4,0.350000000000000,0.330000000000000,4,-0.630000000000000,0.070000000000000,1,0.980000000000000,0.820000000000000,5
110800010404,Outlet Van Bremmer Creek,-0.130000000000000,0.110000000000000,3,-0.150000000000000,0.240000000000000,3,-0.080000000000000,0.240000000000000,3,-0.240000000000000,0.130000000000000,2,0.480000000000000,0.700000000000000,5
110800010405,Van Bremmer Creek-Vermejo River,-0.030000000000000,0.120000000000000,3,-0.240000000000000,0.220000000000000,2,-0.100000000000000,0.230000000000000,3,-0.180000000000000,0.130000000000000,2,0.400000000000000,0.680000000000000,5
110800010406,Stubble Field Arroyo-Vermejo River,1.270000000000000,0.300000000000000,5,-0.810000000000000,0.090000000000000,1,-0.880000000000000,0.050000000000000,1,1.440000000000000,0.380000000000000,5,0.310000000000000,0.660000000000000,4
110800030501,Headwaters Arroyo Piedra Lumbre,0.260000000000000,0.160000000000000,4,-0.240000000000000,0.220000000000000,2,-0.430000000000000,0.160000000000000,2,0.320000000000000,0.210000000000000,5,0.420000000000000,0.690000000000000,5
110800030502,Outlet Arroyo Piedra Lumbre,-0.200000000000000,0.100000000000000,2,-0.340000000000000,0.200000000000000,2,-0.420000000000000,0.160000000000000,2,0.010000000000000,0.160000000000000,3,0.380000000000000,0.680000000000000,4
110800020402,Salado Creek,0.130000000000000,0.150000000000000,4,-0.280000000000000,0.210000000000000,2,-0.390000000000000,0.170000000000000,2,0.330000000000000,0.210000000000000,5,0.410000000000000,0.680000000000000,5
110800020204,South Ponil Creek,0.050000000000000,0.140000000000000,4,0.980000000000000,0.490000000000000,5,1.010000000000000,0.490000000000000,5,-0.540000000000000,0.080000000000000,1,0.870000000000000,0.790000000000000,5
110800020205,Outlet North Ponil Creek,-0.040000000000000,0.120000000000000,3,0.580000000000000,0.400000000000000,5,0.310000000000000,0.330000000000000,4,-0.530000000000000,0.080000000000000,1,0.980000000000000,0.820000000000000,5
110800020206,Chase Canyon,0.050000000000000,0.140000000000000,4,0.410000000000000,0.360000000000000,4,0.390000000000000,0.340000000000000,4,-0.590000000000000,0.070000000000000,1,0.810000000000000,0.780000000000000,5
110800020207,Headwaters Cerrososo Creek,-0.140000000000000,0.110000000000000,3,0.380000000000000,0.360000000000000,4,0.240000000000000,0.310000000000000,4,-0.650000000000000,0.060000000000000,1,0.970000000000000,0.820000000000000,5
110800020208,Outlet Cerrososo Creek,-0.160000000000000,0.110000000000000,2,0.060000000000000,0.290000000000000,4,0.180000000000000,0.300000000000000,4,-0.470000000000000,0.090000000000000,1,0.580000000000000,0.720000000000000,5
110800020209,Ponil Creek,-0.180000000000000,0.100000000000000,2,0.110000000000000,0.300000000000000,4,0.230000000000000,0.310000000000000,4,-0.400000000000000,0.100000000000000,1,0.640000000000000,0.740000000000000,5
110800020301,Agua Fria Creek,-0.140000000000000,0.110000000000000,3,0.610000000000000,0.410000000000000,5,0.420000000000000,0.350000000000000,5,-0.220000000000000,0.130000000000000,2,0.760000000000000,0.770000000000000,5
110800020302,Headwaters Rayado Creek,0.420000000000000,0.180000000000000,5,1.060000000000000,0.510000000000000,5,0.880000000000000,0.460000000000000,5,-0.500000000000000,0.090000000000000,1,0.790000000000000,0.770000000000000,5
110800020303,Moras Creek,-0.310000000000000,0.090000000000000,2,0.110000000000000,0.300000000000000,4,0.250000000000000,0.310000000000000,4,-0.270000000000000,0.120000000000000,2,0.420000000000000,0.690000000000000,5
110800030302,Outlet Chica Creek,0.540000000000000,0.200000000000000,5,-0.590000000000000,0.140000000000000,1,-0.960000000000000,0.040000000000000,1,0.700000000000000,0.270000000000000,5,0.240000000000000,0.650000000000000,4
120800040303,Town of McDonald,-0.580000000000000,0.050000000000000,1,-1.150000000000000,0.020000000000000,1,-0.520000000000000,0.140000000000000,1,0.110000000000000,0.180000000000000,4,0.140000000000000,0.620000000000000,3
110800030304,Ocate Creek-Canadian River,0.570000000000000,0.200000000000000,5,-0.580000000000000,0.140000000000000,1,-0.720000000000000,0.090000000000000,1,0.620000000000000,0.260000000000000,5,0.210000000000000,0.640000000000000,4
110800020403,Rayado Creek-Cimarron River,0.320000000000000,0.170000000000000,5,-0.620000000000000,0.130000000000000,1,-0.670000000000000,0.100000000000000,1,0.560000000000000,0.250000000000000,5,0.290000000000000,0.660000000000000,4
110800020404,110800020404-Cimarron River,0.690000000000000,0.220000000000000,5,-0.480000000000000,0.170000000000000,1,-0.720000000000000,0.090000000000000,1,0.770000000000000,0.280000000000000,5,0.310000000000000,0.660000000000000,4
110800030101,Wheaton Creek,-0.070000000000000,0.120000000000000,3,0.410000000000000,0.370000000000000,5,0.390000000000000,0.340000000000000,4,-0.390000000000000,0.100000000000000,1,0.490000000000000,0.700000000000000,5
110800030308,Outlet Sauz Creek,-0.060000000000000,0.120000000000000,3,-0.390000000000000,0.190000000000000,2,-0.720000000000000,0.090000000000000,1,0.210000000000000,0.190000000000000,4,0.200000000000000,0.630000000000000,4
110800030309,Sauz Creek-Canadian River,-0.210000000000000,0.100000000000000,2,-0.440000000000000,0.170000000000000,2,-0.400000000000000,0.160000000000000,2,0.020000000000000,0.170000000000000,3,0.210000000000000,0.640000000000000,4
110800030401,Headwaters Gallinas Creek,-0.360000000000000,0.080000000000000,2,0.280000000000000,0.340000000000000,4,0.010000000000000,0.260000000000000,3,-0.240000000000000,0.130000000000000,2,0.530000000000000,0.710000000000000,5
110800030402,Outlet Gallinas Creek,-0.360000000000000,0.080000000000000,2,-0.450000000000000,0.170000000000000,1,-0.780000000000000,0.080000000000000,1,-0.080000000000000,0.150000000000000,3,0.480000000000000,0.700000000000000,5
110800030403,Arroyo Jarosa,0.060000000000000,0.140000000000000,4,-0.420000000000000,0.180000000000000,2,-0.630000000000000,0.110000000000000,1,0.340000000000000,0.210000000000000,5,0.380000000000000,0.680000000000000,4
110800030404,Santa Clara Spring,-0.280000000000000,0.090000000000000,2,-0.400000000000000,0.180000000000000,2,-0.650000000000000,0.110000000000000,1,0.120000000000000,0.180000000000000,4,0.520000000000000,0.710000000000000,5
120500020105,Cannon Air Force Base,-0.770000000000000,0.030000000000000,1,-0.860000000000000,0.080000000000000,1,-0.490000000000000,0.140000000000000,1,0.060000000000000,0.170000000000000,4,-0.660000000000000,0.430000000000000,1
120500020106,120500020106,-0.410000000000000,0.070000000000000,1,-0.900000000000000,0.070000000000000,1,-0.370000000000000,0.170000000000000,2,0.250000000000000,0.200000000000000,4,-0.480000000000000,0.480000000000000,1
120500020107,Town of Ranchvale,-0.600000000000000,0.050000000000000,1,-1.040000000000000,0.040000000000000,1,-0.700000000000000,0.090000000000000,1,0.230000000000000,0.200000000000000,4,-0.580000000000000,0.450000000000000,1
120500020108,Town of Midway,-0.110000000000000,0.110000000000000,3,-0.880000000000000,0.080000000000000,1,-0.420000000000000,0.160000000000000,2,0.530000000000000,0.240000000000000,5,-0.550000000000000,0.460000000000000,1
110800030111,Sweetwater Creek-Ocate Creek,0.030000000000000,0.130000000000000,3,-0.500000000000000,0.160000000000000,1,-0.640000000000000,0.110000000000000,1,0.320000000000000,0.210000000000000,5,0.500000000000000,0.710000000000000,5
110800030203,Ferguson Lake-Ocate Creek,0.780000000000000,0.230000000000000,5,-0.430000000000000,0.180000000000000,2,-0.740000000000000,0.090000000000000,1,0.840000000000000,0.290000000000000,5,0.330000000000000,0.670000000000000,4
110800030301,Headwaters Chica Creek,0.290000000000000,0.170000000000000,4,-0.360000000000000,0.190000000000000,2,-0.800000000000000,0.070000000000000,1,0.260000000000000,0.200000000000000,4,0.480000000000000,0.700000000000000,5
110800030405,Salt Lake,0.260000000000000,0.160000000000000,4,-0.340000000000000,0.200000000000000,2,-0.530000000000000,0.130000000000000,1,0.500000000000000,0.240000000000000,5,0.450000000000000,0.690000000000000,5
110800030406,Arroyo Chorro,-0.150000000000000,0.110000000000000,2,-0.410000000000000,0.180000000000000,2,-0.520000000000000,0.140000000000000,1,0.020000000000000,0.170000000000000,3,0.300000000000000,0.660000000000000,4
110800030407,Morrison Lake,0.260000000000000,0.160000000000000,4,-0.420000000000000,0.180000000000000,2,-0.860000000000000,0.060000000000000,1,0.490000000000000,0.240000000000000,5,0.360000000000000,0.670000000000000,4
110800030408,Vermejo Creek,0.130000000000000,0.150000000000000,4,0.040000000000000,0.280000000000000,3,-0.050000000000000,0.240000000000000,3,0.120000000000000,0.180000000000000,4,0.340000000000000,0.670000000000000,4
110800030409,Alamosa Creek,-0.110000000000000,0.110000000000000,3,-0.270000000000000,0.210000000000000,2,-0.260000000000000,0.190000000000000,2,-0.140000000000000,0.140000000000000,2,0.410000000000000,0.680000000000000,5
110800030410,Carrizo Creek,-0.290000000000000,0.090000000000000,2,-0.280000000000000,0.210000000000000,2,-0.320000000000000,0.180000000000000,2,-0.150000000000000,0.140000000000000,2,0.210000000000000,0.640000000000000,4
110800010501,Crow Canyon,0.220000000000000,0.160000000000000,4,1.060000000000000,0.510000000000000,5,0.910000000000000,0.460000000000000,5,-0.610000000000000,0.070000000000000,1,0.610000000000000,0.730000000000000,5
110800010502,Willow Canyon,-0.170000000000000,0.110000000000000,2,-0.060000000000000,0.260000000000000,3,-0.010000000000000,0.250000000000000,3,-0.330000000000000,0.110000000000000,2,0.500000000000000,0.710000000000000,5
110800010503,Headwaters Tinaja Creek,-0.290000000000000,0.090000000000000,2,0.090000000000000,0.290000000000000,4,-0.120000000000000,0.230000000000000,3,-0.430000000000000,0.100000000000000,1,0.920000000000000,0.800000000000000,5
110800010504,Outlet Tinaja Creek,-0.160000000000000,0.110000000000000,2,-0.390000000000000,0.180000000000000,2,-0.640000000000000,0.110000000000000,1,-0.060000000000000,0.150000000000000,3,0.640000000000000,0.740000000000000,5
110800010505,Crow Creek,-0.030000000000000,0.120000000000000,3,-0.770000000000000,0.100000000000000,1,-0.870000000000000,0.060000000000000,1,0.250000000000000,0.200000000000000,4,0.290000000000000,0.660000000000000,4
110800010506,Crow Creek-Canadian River,0.170000000000000,0.150000000000000,4,-0.630000000000000,0.130000000000000,1,-0.840000000000000,0.060000000000000,1,0.430000000000000,0.230000000000000,5,0.390000000000000,0.680000000000000,4
110800010507,Curtis Creek,0.020000000000000,0.130000000000000,3,-0.450000000000000,0.170000000000000,1,-0.460000000000000,0.150000000000000,2,0.070000000000000,0.170000000000000,4,0.330000000000000,0.670000000000000,4
110800010508,Kappis Arroyo,0.310000000000000,0.170000000000000,5,-0.510000000000000,0.160000000000000,1,-0.900000000000000,0.050000000000000,1,0.340000000000000,0.210000000000000,5,0.540000000000000,0.720000000000000,5
110800010509,Spring Arroyo,0.280000000000000,0.170000000000000,4,-0.450000000000000,0.170000000000000,1,-0.870000000000000,0.060000000000000,1,0.400000000000000,0.220000000000000,5,0.560000000000000,0.720000000000000,5
110800010510,Maxwell National Wildlife Refuge,0.910000000000000,0.250000000000000,5,-0.970000000000000,0.060000000000000,1,-0.770000000000000,0.080000000000000,1,1.250000000000000,0.350000000000000,5,0.260000000000000,0.650000000000000,4
110800030305,Dog Canyon,0.360000000000000,0.180000000000000,5,-0.460000000000000,0.170000000000000,1,-0.750000000000000,0.080000000000000,1,0.560000000000000,0.250000000000000,5,0.390000000000000,0.680000000000000,4
110800010511,Ladd Arroyo,0.750000000000000,0.230000000000000,5,-0.410000000000000,0.180000000000000,2,-0.900000000000000,0.050000000000000,1,0.710000000000000,0.270000000000000,5,0.430000000000000,0.690000000000000,5
110800010512,Vermejo River-Canadian River,0.660000000000000,0.220000000000000,5,-0.830000000000000,0.090000000000000,1,-0.900000000000000,0.050000000000000,1,0.880000000000000,0.290000000000000,5,0.230000000000000,0.640000000000000,4
110800010602,Headwaters Rio del Plano,0.020000000000000,0.130000000000000,3,-0.190000000000000,0.230000000000000,2,-0.550000000000000,0.130000000000000,1,-0.170000000000000,0.140000000000000,2,0.720000000000000,0.760000000000000,5
130202010204,Water Canyon-Rio Grande,0.190000000000000,0.150000000000000,4,0.880000000000000,0.470000000000000,5,0.920000000000000,0.470000000000000,5,-0.190000000000000,0.130000000000000,2,0.040000000000000,0.600000000000000,3
130202010205,Alamo Canyon-Rio Grande,0.420000000000000,0.180000000000000,5,0.950000000000000,0.490000000000000,5,1.190000000000000,0.530000000000000,5,-0.090000000000000,0.150000000000000,3,-0.030000000000000,0.580000000000000,3
130202010206,Rio Chiquito,0.720000000000000,0.220000000000000,5,1.350000000000000,0.580000000000000,5,1.620000000000000,0.630000000000000,5,-0.120000000000000,0.140000000000000,3,-0.180000000000000,0.550000000000000,2
130202010207,Capulin Canyon-Rio Grande,0.420000000000000,0.190000000000000,5,1.240000000000000,0.550000000000000,5,1.350000000000000,0.560000000000000,5,-0.260000000000000,0.120000000000000,2,-0.050000000000000,0.580000000000000,3
130202050602,Vicente Arroyo,-0.510000000000000,0.060000000000000,1,-0.100000000000000,0.250000000000000,3,0.340000000000000,0.330000000000000,4,-0.520000000000000,0.080000000000000,1,0.310000000000000,0.660000000000000,4
130202050603,Headwaters Arroyo Pedro Lumbre,-0.010000000000000,0.130000000000000,3,0.770000000000000,0.450000000000000,5,0.720000000000000,0.420000000000000,5,-0.170000000000000,0.140000000000000,2,-0.430000000000000,0.490000000000000,1
130202050604,Outlet Arroyo Pedro Lumbre,-0.080000000000000,0.120000000000000,3,0.900000000000000,0.470000000000000,5,1.140000000000000,0.520000000000000,5,-0.370000000000000,0.110000000000000,2,-0.150000000000000,0.550000000000000,2
130202050605,Vicente Arroyo-Torreon Wash,-0.180000000000000,0.100000000000000,2,-0.080000000000000,0.250000000000000,3,0.400000000000000,0.350000000000000,4,-0.470000000000000,0.090000000000000,1,-0.160000000000000,0.550000000000000,2
130202050606,Arroyo Empedrado-Torreon Wash,-0.190000000000000,0.100000000000000,2,0.020000000000000,0.280000000000000,3,0.480000000000000,0.370000000000000,5,-0.490000000000000,0.090000000000000,1,-0.240000000000000,0.530000000000000,2
130202050701,Arroyo Alfredo Padilla,-0.130000000000000,0.110000000000000,3,-0.180000000000000,0.230000000000000,3,0.060000000000000,0.270000000000000,4,0.040000000000000,0.170000000000000,3,-1.550000000000000,0.230000000000000,1
130202050703,Arroyo Alfredo Padilla-Arroyo Chico,-0.170000000000000,0.110000000000000,2,-0.070000000000000,0.260000000000000,3,0.330000000000000,0.330000000000000,4,-0.360000000000000,0.110000000000000,2,-0.460000000000000,0.480000000000000,1
130202050704,Canada Calladita-Torreon Wash,-0.180000000000000,0.110000000000000,2,-0.100000000000000,0.250000000000000,3,0.370000000000000,0.340000000000000,4,-0.480000000000000,0.090000000000000,1,-0.220000000000000,0.540000000000000,2
130202050705,Arroyo Chico-Torreon Wash,-0.360000000000000,0.080000000000000,2,0.080000000000000,0.290000000000000,4,0.320000000000000,0.330000000000000,4,-0.530000000000000,0.080000000000000,1,-0.130000000000000,0.560000000000000,2
130202060101,Deep Water Draw,-0.360000000000000,0.080000000000000,2,0.170000000000000,0.310000000000000,4,0.090000000000000,0.280000000000000,4,0.000000000000000,0.160000000000000,3,0.230000000000000,0.640000000000000,4
130202060102,Cerro Montoso,-0.490000000000000,0.060000000000000,1,-0.030000000000000,0.270000000000000,3,-0.160000000000000,0.220000000000000,3,-0.090000000000000,0.150000000000000,3,0.220000000000000,0.640000000000000,4
130202060103,La Rendija,-0.420000000000000,0.070000000000000,1,0.280000000000000,0.340000000000000,4,0.320000000000000,0.330000000000000,4,-0.010000000000000,0.160000000000000,3,0.420000000000000,0.690000000000000,5
130202060201,Newton Draw,-0.260000000000000,0.090000000000000,2,-0.050000000000000,0.260000000000000,3,-0.140000000000000,0.220000000000000,3,0.050000000000000,0.170000000000000,4,0.380000000000000,0.680000000000000,4
130202060202,Headwaters Veteado Draw,-0.320000000000000,0.090000000000000,2,-0.160000000000000,0.240000000000000,3,-0.260000000000000,0.190000000000000,2,-0.020000000000000,0.160000000000000,3,0.480000000000000,0.700000000000000,5
130202060203,McKillvie Wells,-0.290000000000000,0.090000000000000,2,-0.120000000000000,0.250000000000000,3,-0.170000000000000,0.220000000000000,3,0.050000000000000,0.170000000000000,4,0.340000000000000,0.670000000000000,4
130202060204,Outlet Veteado Draw,-0.540000000000000,0.060000000000000,1,-0.360000000000000,0.190000000000000,2,-0.220000000000000,0.210000000000000,3,-0.090000000000000,0.150000000000000,3,0.370000000000000,0.670000000000000,4
130500010202,Hyer Draw,0.240000000000000,0.160000000000000,4,1.930000000000000,0.700000000000000,5,1.570000000000000,0.610000000000000,5,0.200000000000000,0.190000000000000,4,0.180000000000000,0.630000000000000,4
130500010203,White House Ranch,-0.010000000000000,0.130000000000000,3,0.860000000000000,0.460000000000000,5,0.660000000000000,0.400000000000000,5,0.250000000000000,0.200000000000000,4,0.280000000000000,0.650000000000000,4
130500010204,Homes Valley,0.310000000000000,0.170000000000000,5,1.370000000000000,0.580000000000000,5,1.090000000000000,0.500000000000000,5,0.330000000000000,0.210000000000000,5,0.050000000000000,0.600000000000000,3
130500010205,Homes Valley-Salt Draw,0.060000000000000,0.140000000000000,4,0.590000000000000,0.410000000000000,5,0.380000000000000,0.340000000000000,4,0.410000000000000,0.220000000000000,5,0.130000000000000,0.620000000000000,3
130500010302,Bachelor Draw,0.320000000000000,0.170000000000000,5,0.670000000000000,0.420000000000000,5,0.430000000000000,0.350000000000000,5,0.420000000000000,0.230000000000000,5,-0.120000000000000,0.560000000000000,2
130500010303,Bachelor Draw-Salt Draw,0.340000000000000,0.170000000000000,5,-0.270000000000000,0.210000000000000,2,-0.570000000000000,0.120000000000000,1,0.620000000000000,0.260000000000000,5,0.100000000000000,0.610000000000000,3
130500010401,Arroyo de Yrisami,-0.040000000000000,0.120000000000000,3,0.530000000000000,0.390000000000000,5,0.770000000000000,0.430000000000000,5,0.060000000000000,0.170000000000000,4,0.360000000000000,0.670000000000000,4
130500010402,Arroyo  de Chilili,-0.220000000000000,0.100000000000000,2,0.920000000000000,0.480000000000000,5,0.870000000000000,0.450000000000000,5,-0.190000000000000,0.130000000000000,2,0.030000000000000,0.600000000000000,3
130500010403,Headwaters Buffalo Draw,0.270000000000000,0.160000000000000,4,0.180000000000000,0.310000000000000,4,0.020000000000000,0.260000000000000,3,0.280000000000000,0.200000000000000,4,-0.040000000000000,0.580000000000000,3
130500010404,Canon Gallegos,0.050000000000000,0.140000000000000,4,0.290000000000000,0.340000000000000,4,0.190000000000000,0.300000000000000,4,0.080000000000000,0.170000000000000,4,-0.020000000000000,0.580000000000000,3
130500010405,Cienega Draw,0.330000000000000,0.170000000000000,5,-0.130000000000000,0.240000000000000,3,-0.270000000000000,0.190000000000000,2,0.450000000000000,0.230000000000000,5,-0.060000000000000,0.570000000000000,3
130500010406,Outlet Buffalo Draw,0.480000000000000,0.190000000000000,5,-0.380000000000000,0.190000000000000,2,-0.290000000000000,0.190000000000000,2,0.800000000000000,0.280000000000000,5,-0.120000000000000,0.560000000000000,2
130500010407,Buffalo Draw-Salt Creek,0.560000000000000,0.200000000000000,5,-0.550000000000000,0.150000000000000,1,-0.560000000000000,0.130000000000000,1,0.900000000000000,0.300000000000000,5,-0.050000000000000,0.580000000000000,3
130500010501,Chavez Draw,-0.200000000000000,0.100000000000000,2,0.390000000000000,0.360000000000000,4,0.160000000000000,0.290000000000000,4,0.040000000000000,0.170000000000000,3,0.560000000000000,0.720000000000000,5
130600010903,Canon del Agua-Gallinas River,-0.350000000000000,0.080000000000000,2,-0.060000000000000,0.260000000000000,3,0.210000000000000,0.300000000000000,4,-0.460000000000000,0.090000000000000,1,-0.040000000000000,0.580000000000000,3
130600010904,Indio Arroyo-Gallinas River,-0.110000000000000,0.110000000000000,3,-0.030000000000000,0.270000000000000,3,-0.020000000000000,0.250000000000000,3,-0.310000000000000,0.120000000000000,2,0.150000000000000,0.620000000000000,4
130600010905,Aguilar Creek,-0.230000000000000,0.100000000000000,2,-0.070000000000000,0.260000000000000,3,-0.080000000000000,0.240000000000000,3,-0.330000000000000,0.110000000000000,2,0.230000000000000,0.640000000000000,4
130600010906,Salitre Arroyo,0.040000000000000,0.130000000000000,3,-0.250000000000000,0.220000000000000,2,-0.720000000000000,0.090000000000000,1,0.160000000000000,0.190000000000000,4,0.240000000000000,0.650000000000000,4
130600010907,Salitre Arroyo-Gallinas River,0.040000000000000,0.130000000000000,4,-0.190000000000000,0.230000000000000,2,-0.370000000000000,0.170000000000000,2,0.040000000000000,0.170000000000000,3,0.180000000000000,0.630000000000000,4
130600010908,Alamito Creek,-0.220000000000000,0.100000000000000,2,-0.140000000000000,0.240000000000000,3,-0.360000000000000,0.170000000000000,2,-0.050000000000000,0.150000000000000,3,0.070000000000000,0.600000000000000,3
130600010909,Payne Ranch-Gallinas River,0.060000000000000,0.140000000000000,4,-0.180000000000000,0.230000000000000,3,-0.610000000000000,0.120000000000000,1,-0.010000000000000,0.160000000000000,3,0.000000000000000,0.590000000000000,3
110800050112,Cobra Creek-Conchas River,-0.050000000000000,0.120000000000000,3,-0.020000000000000,0.270000000000000,3,-0.530000000000000,0.130000000000000,1,0.080000000000000,0.170000000000000,4,0.040000000000000,0.600000000000000,3
110800050201,Headwaters Garita Creek,0.010000000000000,0.130000000000000,3,-0.190000000000000,0.230000000000000,2,-0.570000000000000,0.120000000000000,1,0.170000000000000,0.190000000000000,4,0.090000000000000,0.610000000000000,3
110800050202,110800050202,0.120000000000000,0.140000000000000,4,-0.180000000000000,0.230000000000000,3,-0.460000000000000,0.150000000000000,2,0.260000000000000,0.200000000000000,4,0.110000000000000,0.620000000000000,3
110800050203,Outlet Garita Creek,0.080000000000000,0.140000000000000,4,-0.030000000000000,0.270000000000000,3,-0.260000000000000,0.200000000000000,2,0.080000000000000,0.170000000000000,4,0.100000000000000,0.610000000000000,3
110800050301,Gonzales Creek,0.050000000000000,0.140000000000000,4,-0.110000000000000,0.250000000000000,3,-0.280000000000000,0.190000000000000,2,0.280000000000000,0.200000000000000,4,0.040000000000000,0.600000000000000,3
110800050302,Upper Cuervo Creek,0.270000000000000,0.160000000000000,4,0.170000000000000,0.310000000000000,4,-0.180000000000000,0.210000000000000,3,0.290000000000000,0.210000000000000,4,0.050000000000000,0.600000000000000,3
110800050303,Cherisco Creek,0.360000000000000,0.180000000000000,5,0.210000000000000,0.320000000000000,4,-0.160000000000000,0.220000000000000,3,0.320000000000000,0.210000000000000,5,0.030000000000000,0.600000000000000,3
130201020601,Rio Capulin,0.100000000000000,0.140000000000000,4,0.590000000000000,0.400000000000000,5,0.510000000000000,0.370000000000000,5,-0.430000000000000,0.100000000000000,1,0.080000000000000,0.610000000000000,3
130201020604,Arroyo Blanco,-0.180000000000000,0.100000000000000,2,0.270000000000000,0.330000000000000,4,0.750000000000000,0.430000000000000,5,-0.190000000000000,0.130000000000000,2,-0.200000000000000,0.540000000000000,2
130201020606,Headwaters Canoncito de las Lleguas,0.500000000000000,0.200000000000000,5,0.860000000000000,0.470000000000000,5,0.730000000000000,0.420000000000000,5,-0.440000000000000,0.100000000000000,1,0.020000000000000,0.590000000000000,3
130201020607,Outlet Canoncito de las Lleguas,0.290000000000000,0.170000000000000,4,0.870000000000000,0.470000000000000,5,1.190000000000000,0.530000000000000,5,-0.460000000000000,0.090000000000000,1,-0.050000000000000,0.580000000000000,3
130201020608,Lower Rio Gallina,0.170000000000000,0.150000000000000,4,0.980000000000000,0.490000000000000,5,0.970000000000000,0.480000000000000,5,-0.550000000000000,0.080000000000000,1,0.020000000000000,0.590000000000000,3
130201020701,Upper Rio Nutrias,0.160000000000000,0.150000000000000,4,0.650000000000000,0.420000000000000,5,0.530000000000000,0.380000000000000,5,-0.380000000000000,0.110000000000000,1,0.330000000000000,0.670000000000000,4
130201020702,Middle Rio Nutrias,-0.240000000000000,0.100000000000000,2,0.680000000000000,0.430000000000000,5,0.790000000000000,0.430000000000000,5,-0.350000000000000,0.110000000000000,2,0.420000000000000,0.690000000000000,5
130201020703,Rito de los Ojas,-0.200000000000000,0.100000000000000,2,0.230000000000000,0.330000000000000,4,0.380000000000000,0.340000000000000,4,-0.430000000000000,0.100000000000000,1,0.240000000000000,0.640000000000000,4
130201020704,Lower Rio Nutrias,-0.260000000000000,0.090000000000000,2,0.120000000000000,0.300000000000000,4,0.330000000000000,0.330000000000000,4,-0.420000000000000,0.100000000000000,1,0.380000000000000,0.680000000000000,4
130201020705,Headwaters Arroyo del Puerto Chiquito,-0.050000000000000,0.120000000000000,3,0.280000000000000,0.330000000000000,4,0.350000000000000,0.340000000000000,4,-0.480000000000000,0.090000000000000,1,0.000000000000000,0.590000000000000,3
130201020706,Outlet Arroyo del Puerto Chiquito,-0.030000000000000,0.120000000000000,3,0.390000000000000,0.360000000000000,4,0.420000000000000,0.350000000000000,5,-0.500000000000000,0.090000000000000,1,0.030000000000000,0.590000000000000,3
130201020707,Arroyo del Puerto Chiquito-Rio Chama,-0.120000000000000,0.110000000000000,3,0.140000000000000,0.310000000000000,4,0.320000000000000,0.330000000000000,4,-0.400000000000000,0.100000000000000,1,0.020000000000000,0.590000000000000,3
130201020708,Huckbay Canyon-Rio Chama,-0.160000000000000,0.110000000000000,2,0.570000000000000,0.400000000000000,5,0.740000000000000,0.420000000000000,5,-0.590000000000000,0.070000000000000,1,0.090000000000000,0.610000000000000,3
130201020801,Poleo Creek,-0.270000000000000,0.090000000000000,2,0.620000000000000,0.410000000000000,5,0.700000000000000,0.420000000000000,5,-0.450000000000000,0.090000000000000,1,0.200000000000000,0.630000000000000,4
130201020802,Coyote Creek,0.440000000000000,0.190000000000000,5,1.090000000000000,0.520000000000000,5,0.930000000000000,0.470000000000000,5,-0.330000000000000,0.110000000000000,2,0.590000000000000,0.730000000000000,5
130201020803,Headwaters Rio Puerco,0.160000000000000,0.150000000000000,4,0.870000000000000,0.470000000000000,5,0.830000000000000,0.440000000000000,5,-0.410000000000000,0.100000000000000,1,0.220000000000000,0.640000000000000,4
120500010203,Rabbit Hollow,-0.800000000000000,0.020000000000000,1,-0.750000000000000,0.100000000000000,1,-0.650000000000000,0.110000000000000,1,-0.020000000000000,0.160000000000000,3,-0.100000000000000,0.570000000000000,2
120500010204,Rabbit Hollow-Boone Draw,-0.620000000000000,0.050000000000000,1,-0.610000000000000,0.140000000000000,1,-0.650000000000000,0.110000000000000,1,0.140000000000000,0.180000000000000,4,-0.010000000000000,0.590000000000000,3
120500010205,Tierra Blanca Lake-Boone Draw,-0.630000000000000,0.040000000000000,1,-0.490000000000000,0.160000000000000,1,-0.250000000000000,0.200000000000000,2,0.140000000000000,0.180000000000000,4,-0.100000000000000,0.570000000000000,2
130202110407,Lava Gate,-0.020000000000000,0.130000000000000,3,-0.190000000000000,0.230000000000000,2,-0.210000000000000,0.210000000000000,3,0.030000000000000,0.170000000000000,3,-0.580000000000000,0.450000000000000,1
130202060205,Tingie Draw,-0.240000000000000,0.100000000000000,2,-0.060000000000000,0.260000000000000,3,-0.220000000000000,0.200000000000000,2,0.030000000000000,0.170000000000000,3,0.250000000000000,0.650000000000000,4
130202060206,Canteen Lake,-0.470000000000000,0.070000000000000,1,0.450000000000000,0.370000000000000,5,0.610000000000000,0.390000000000000,5,0.050000000000000,0.170000000000000,4,0.270000000000000,0.650000000000000,4
130202060207,Lowlands Well,-0.630000000000000,0.050000000000000,1,-0.420000000000000,0.180000000000000,2,-0.300000000000000,0.190000000000000,2,-0.030000000000000,0.160000000000000,3,0.370000000000000,0.680000000000000,4
110800060906,Frost Creek,0.580000000000000,0.210000000000000,5,-0.070000000000000,0.260000000000000,3,0.250000000000000,0.310000000000000,4,0.680000000000000,0.260000000000000,5,-0.340000000000000,0.510000000000000,2
110800060907,Rana Arroyo,0.810000000000000,0.240000000000000,5,0.120000000000000,0.300000000000000,4,0.380000000000000,0.340000000000000,4,0.660000000000000,0.260000000000000,5,-0.310000000000000,0.520000000000000,2
120800030602,Medlin Ranch,-0.650000000000000,0.040000000000000,1,-0.820000000000000,0.090000000000000,1,-0.910000000000000,0.050000000000000,1,-0.020000000000000,0.160000000000000,3,0.310000000000000,0.660000000000000,4
120800030603,120800030603,-0.660000000000000,0.040000000000000,1,-0.830000000000000,0.090000000000000,1,-0.770000000000000,0.080000000000000,1,0.030000000000000,0.170000000000000,3,0.260000000000000,0.650000000000000,4
120800030604,Town of Buckeye,-0.610000000000000,0.050000000000000,1,-0.770000000000000,0.100000000000000,1,-0.540000000000000,0.130000000000000,1,0.080000000000000,0.170000000000000,4,0.250000000000000,0.650000000000000,4
130202100301,Over the Mountain Well,-0.270000000000000,0.090000000000000,2,-0.050000000000000,0.260000000000000,3,0.370000000000000,0.340000000000000,4,-0.560000000000000,0.080000000000000,1,0.000000000000000,0.590000000000000,3
130202100302,Headwaters Canada Quemado,0.080000000000000,0.140000000000000,4,-0.080000000000000,0.260000000000000,3,-0.070000000000000,0.240000000000000,3,-0.220000000000000,0.130000000000000,2,-0.020000000000000,0.580000000000000,3
130202100303,Outlet Canada Quemado,-0.190000000000000,0.100000000000000,2,-0.070000000000000,0.260000000000000,3,0.090000000000000,0.270000000000000,4,0.200000000000000,0.190000000000000,4,-0.150000000000000,0.550000000000000,2
130202100304,Cerro de La Campana,-0.240000000000000,0.100000000000000,2,0.030000000000000,0.280000000000000,3,0.170000000000000,0.290000000000000,4,0.190000000000000,0.190000000000000,4,-0.100000000000000,0.570000000000000,2
130600050807,Marley Draw-Arroyo del Macho,0.430000000000000,0.190000000000000,5,-0.020000000000000,0.270000000000000,3,-0.100000000000000,0.230000000000000,3,0.330000000000000,0.210000000000000,5,-0.440000000000000,0.490000000000000,1
130600050808,Yellow Lake-Arroyo del Macho,0.630000000000000,0.210000000000000,5,-0.130000000000000,0.240000000000000,3,-0.210000000000000,0.210000000000000,3,0.700000000000000,0.270000000000000,5,-0.540000000000000,0.460000000000000,1
130600050901,Rock Tank Canyon,0.180000000000000,0.150000000000000,4,-0.170000000000000,0.240000000000000,3,-0.320000000000000,0.180000000000000,2,0.150000000000000,0.180000000000000,4,-0.330000000000000,0.510000000000000,2
130600050902,Rock Tank Canyon-Salt Creek,-0.070000000000000,0.120000000000000,3,-0.170000000000000,0.230000000000000,3,-0.080000000000000,0.240000000000000,3,0.100000000000000,0.180000000000000,4,-0.310000000000000,0.520000000000000,2
130600050903,Corn Ranch-Salt Creek,0.240000000000000,0.160000000000000,4,-0.190000000000000,0.230000000000000,2,-0.110000000000000,0.230000000000000,3,-0.060000000000000,0.150000000000000,3,-0.410000000000000,0.490000000000000,1
130600050904,Cocklebar Lakes,0.260000000000000,0.160000000000000,4,-0.280000000000000,0.210000000000000,2,-0.260000000000000,0.190000000000000,2,0.480000000000000,0.230000000000000,5,-0.370000000000000,0.500000000000000,1
130600050905,Arroyo del Macho-Salt Creek,0.210000000000000,0.160000000000000,4,-0.290000000000000,0.210000000000000,2,-0.070000000000000,0.240000000000000,3,0.540000000000000,0.240000000000000,5,-0.460000000000000,0.480000000000000,1
130600060101,Upper Bonita Canyon,-0.300000000000000,0.090000000000000,2,0.040000000000000,0.280000000000000,4,0.170000000000000,0.290000000000000,4,0.030000000000000,0.170000000000000,3,0.130000000000000,0.620000000000000,3
130600060102,South Wall Canyon,-0.230000000000000,0.100000000000000,2,-0.150000000000000,0.240000000000000,3,-0.160000000000000,0.220000000000000,3,-0.030000000000000,0.160000000000000,3,0.220000000000000,0.640000000000000,4
130600011001,Canon Blanco-Pecos River,0.010000000000000,0.130000000000000,3,-0.110000000000000,0.250000000000000,3,-0.250000000000000,0.200000000000000,2,-0.020000000000000,0.160000000000000,3,-0.100000000000000,0.570000000000000,2
130600011002,Telephone Tank,-0.040000000000000,0.120000000000000,3,-0.180000000000000,0.230000000000000,3,-0.590000000000000,0.120000000000000,1,-0.060000000000000,0.150000000000000,3,-0.040000000000000,0.580000000000000,3
130600011003,Spring Creek,0.010000000000000,0.130000000000000,3,-0.230000000000000,0.220000000000000,2,-0.580000000000000,0.120000000000000,1,0.060000000000000,0.170000000000000,4,0.090000000000000,0.610000000000000,3
130600011004,Spring Creek-Pecos River,-0.060000000000000,0.120000000000000,3,-0.260000000000000,0.210000000000000,2,-0.520000000000000,0.140000000000000,1,-0.040000000000000,0.160000000000000,3,-0.140000000000000,0.560000000000000,2
130600011101,Canada de Arriba-Pecos River,-0.250000000000000,0.100000000000000,2,-0.150000000000000,0.240000000000000,3,-0.140000000000000,0.220000000000000,3,-0.280000000000000,0.120000000000000,2,-0.100000000000000,0.570000000000000,2
130202060301,Headwaters Goat Tank Canyon,-0.340000000000000,0.080000000000000,2,-0.120000000000000,0.250000000000000,3,-0.280000000000000,0.190000000000000,2,-0.190000000000000,0.130000000000000,2,0.340000000000000,0.670000000000000,4
130202060302,Tank Canyon,-0.210000000000000,0.100000000000000,2,-0.090000000000000,0.250000000000000,3,-0.460000000000000,0.150000000000000,2,-0.390000000000000,0.100000000000000,1,0.300000000000000,0.660000000000000,4
130202060303,Outlet Goat Tank Canyon,-0.390000000000000,0.080000000000000,1,-0.290000000000000,0.210000000000000,2,-0.450000000000000,0.150000000000000,2,-0.130000000000000,0.140000000000000,3,0.250000000000000,0.650000000000000,4
130202060401,Laguna Larga,-0.240000000000000,0.100000000000000,2,-0.070000000000000,0.260000000000000,3,-0.350000000000000,0.170000000000000,2,-0.110000000000000,0.150000000000000,3,0.230000000000000,0.640000000000000,4
130202060402,Laguna Colorado,-0.400000000000000,0.080000000000000,1,-0.080000000000000,0.260000000000000,3,-0.290000000000000,0.190000000000000,2,-0.130000000000000,0.140000000000000,3,0.250000000000000,0.650000000000000,4
130202060403,130202060403,-0.410000000000000,0.070000000000000,1,-0.040000000000000,0.260000000000000,3,-0.020000000000000,0.250000000000000,3,-0.230000000000000,0.130000000000000,2,0.330000000000000,0.670000000000000,4
130202060404,130202060404,-0.390000000000000,0.080000000000000,1,0.110000000000000,0.300000000000000,4,0.070000000000000,0.270000000000000,4,-0.050000000000000,0.160000000000000,3,0.370000000000000,0.680000000000000,4
130202060501,Headwaters Cebolla Creek,-0.180000000000000,0.100000000000000,2,1.050000000000000,0.510000000000000,5,0.430000000000000,0.350000000000000,5,-0.480000000000000,0.090000000000000,1,0.270000000000000,0.650000000000000,4
150200040401,Headwaters Galestina Canyon,-0.230000000000000,0.100000000000000,2,-0.080000000000000,0.260000000000000,3,-0.310000000000000,0.180000000000000,2,-0.340000000000000,0.110000000000000,2,-0.070000000000000,0.570000000000000,3
150200040402,Outlet Galestina Canyon,-0.150000000000000,0.110000000000000,2,0.250000000000000,0.330000000000000,4,0.350000000000000,0.330000000000000,4,-0.190000000000000,0.130000000000000,2,0.010000000000000,0.590000000000000,3
150200040403,Headwaters Bossom Wash,-0.390000000000000,0.080000000000000,1,-0.400000000000000,0.180000000000000,2,-0.680000000000000,0.100000000000000,1,-0.460000000000000,0.090000000000000,1,-0.270000000000000,0.530000000000000,2
150200040404,Outlet Bossom Wash,-0.290000000000000,0.090000000000000,2,-0.380000000000000,0.190000000000000,2,-0.360000000000000,0.170000000000000,2,-0.320000000000000,0.110000000000000,2,-0.150000000000000,0.550000000000000,2
150200040501,Ojo Hallado Draw-Pinitos Draw,-0.330000000000000,0.090000000000000,2,-0.240000000000000,0.220000000000000,2,-0.460000000000000,0.150000000000000,2,-0.420000000000000,0.100000000000000,1,-0.080000000000000,0.570000000000000,3
150200040502,Trujillo Draw-Pinitos Draw,-0.250000000000000,0.100000000000000,2,-0.300000000000000,0.210000000000000,2,-0.470000000000000,0.150000000000000,2,-0.120000000000000,0.140000000000000,3,0.060000000000000,0.600000000000000,3
150200040503,150200040503,-0.480000000000000,0.070000000000000,1,-0.150000000000000,0.240000000000000,3,-0.110000000000000,0.230000000000000,3,-0.030000000000000,0.160000000000000,3,0.130000000000000,0.620000000000000,3
110800050304,Middle Cuervo Creek,0.350000000000000,0.170000000000000,5,-0.090000000000000,0.250000000000000,3,-0.250000000000000,0.200000000000000,2,0.350000000000000,0.220000000000000,5,0.050000000000000,0.600000000000000,3
110400010101,Chacon Arroyo,-0.580000000000000,0.050000000000000,1,-0.260000000000000,0.210000000000000,2,-0.360000000000000,0.170000000000000,2,-0.210000000000000,0.130000000000000,2,0.910000000000000,0.800000000000000,5
110400010102,Capulin Lake,-0.240000000000000,0.100000000000000,2,-0.300000000000000,0.210000000000000,2,-0.290000000000000,0.190000000000000,2,-0.080000000000000,0.150000000000000,3,0.650000000000000,0.740000000000000,5
110400010103,Pinabetes Creek,-0.510000000000000,0.060000000000000,1,-0.280000000000000,0.210000000000000,2,-0.260000000000000,0.190000000000000,2,-0.230000000000000,0.130000000000000,2,0.500000000000000,0.710000000000000,5
110400010201,Archuleta Creek-Dry Cimarron River,-0.450000000000000,0.070000000000000,1,-0.210000000000000,0.230000000000000,2,-0.190000000000000,0.210000000000000,3,-0.260000000000000,0.120000000000000,2,0.800000000000000,0.770000000000000,5
110400010202,Fishing Creek-Dry Cimarron River,-0.330000000000000,0.080000000000000,2,0.180000000000000,0.310000000000000,4,0.160000000000000,0.290000000000000,4,-0.360000000000000,0.110000000000000,2,0.530000000000000,0.710000000000000,5
130202110501,Indian Creek,0.480000000000000,0.190000000000000,5,1.500000000000000,0.610000000000000,5,1.920000000000000,0.690000000000000,5,-0.450000000000000,0.090000000000000,1,0.130000000000000,0.620000000000000,3
130202110502,Nogal Canyon-Rio Grande,0.230000000000000,0.160000000000000,4,0.300000000000000,0.340000000000000,4,0.140000000000000,0.290000000000000,4,-0.250000000000000,0.130000000000000,2,-0.460000000000000,0.480000000000000,1
130202110503,Cuervo Canyon-Rio Grande,0.100000000000000,0.140000000000000,4,0.290000000000000,0.340000000000000,4,0.080000000000000,0.270000000000000,4,-0.350000000000000,0.110000000000000,2,-0.600000000000000,0.450000000000000,1
120500010303,Smart Ranch,-0.410000000000000,0.070000000000000,1,-0.880000000000000,0.080000000000000,1,-0.510000000000000,0.140000000000000,1,0.250000000000000,0.200000000000000,4,-0.540000000000000,0.460000000000000,1
120500010304,Town of Bethel,-0.020000000000000,0.130000000000000,3,-1.040000000000000,0.040000000000000,1,-0.480000000000000,0.140000000000000,1,0.610000000000000,0.250000000000000,5,-0.530000000000000,0.470000000000000,1
120500010305,Smith's Lake,0.120000000000000,0.140000000000000,4,-0.850000000000000,0.080000000000000,1,-0.520000000000000,0.140000000000000,1,0.790000000000000,0.280000000000000,5,-0.350000000000000,0.510000000000000,2
120500010402,120500010402,-0.640000000000000,0.040000000000000,1,-0.620000000000000,0.130000000000000,1,-0.500000000000000,0.140000000000000,1,0.150000000000000,0.180000000000000,4,-0.080000000000000,0.570000000000000,3
120500050102,120500050102,-0.720000000000000,0.030000000000000,1,-0.610000000000000,0.140000000000000,1,-0.570000000000000,0.130000000000000,1,0.040000000000000,0.170000000000000,3,-0.510000000000000,0.470000000000000,1
130201010607,Arroyo del Alameda-Rio Pueblo de Taos,-0.430000000000000,0.070000000000000,1,0.420000000000000,0.370000000000000,5,0.200000000000000,0.300000000000000,4,-0.520000000000000,0.080000000000000,1,0.610000000000000,0.730000000000000,5
130201010701,Headwaters Arroyo Hondo,0.710000000000000,0.220000000000000,5,2.090000000000000,0.740000000000000,5,2.640000000000000,0.860000000000000,5,-0.440000000000000,0.100000000000000,1,1.090000000000000,0.840000000000000,5
130201010702,Outlet Arroyo Hondo,0.020000000000000,0.130000000000000,3,0.840000000000000,0.460000000000000,5,1.070000000000000,0.500000000000000,5,-0.510000000000000,0.090000000000000,1,0.330000000000000,0.660000000000000,4
130201010703,Arroyo Hondo-Rio Grande,0.030000000000000,0.130000000000000,3,0.520000000000000,0.390000000000000,5,0.470000000000000,0.360000000000000,5,-0.480000000000000,0.090000000000000,1,0.280000000000000,0.650000000000000,4
130201010704,130201010704,-0.600000000000000,0.050000000000000,1,1.240000000000000,0.550000000000000,5,0.960000000000000,0.470000000000000,5,-0.080000000000000,0.150000000000000,3,0.450000000000000,0.690000000000000,5
130201010705,Cerro Montoso,-0.430000000000000,0.070000000000000,1,-0.200000000000000,0.230000000000000,2,-0.580000000000000,0.120000000000000,1,-0.200000000000000,0.130000000000000,2,0.410000000000000,0.680000000000000,5
130201010706,Cerros de Taos Ranch,-0.640000000000000,0.040000000000000,1,-0.160000000000000,0.240000000000000,3,-0.330000000000000,0.180000000000000,2,-0.180000000000000,0.140000000000000,2,0.700000000000000,0.750000000000000,5
130201010707,Mauby Hot Springs-Rio Grande,-0.580000000000000,0.050000000000000,1,0.160000000000000,0.310000000000000,4,0.050000000000000,0.270000000000000,4,-0.190000000000000,0.130000000000000,2,0.740000000000000,0.760000000000000,5
130201010708,Town of Carson,-0.690000000000000,0.040000000000000,1,-0.190000000000000,0.230000000000000,2,-0.430000000000000,0.160000000000000,2,-0.220000000000000,0.130000000000000,2,0.940000000000000,0.810000000000000,5
130201010709,Rio Pueblo de Taos-Rio Grande,-0.680000000000000,0.040000000000000,1,-0.430000000000000,0.180000000000000,2,-0.340000000000000,0.180000000000000,2,-0.310000000000000,0.120000000000000,2,0.960000000000000,0.810000000000000,5
130201010801,Lamy Canyon-Arroyo Aguaje de la Petaca,-0.270000000000000,0.090000000000000,2,-0.080000000000000,0.250000000000000,3,-0.250000000000000,0.200000000000000,2,-0.200000000000000,0.130000000000000,2,0.780000000000000,0.770000000000000,5
130201010802,Martinez Canyon-Arroyo Aguaje de la Petaca,-0.380000000000000,0.080000000000000,1,-0.150000000000000,0.240000000000000,3,-0.010000000000000,0.250000000000000,3,-0.240000000000000,0.130000000000000,2,0.650000000000000,0.740000000000000,5
130600060103,Middle Bonita Canyon,-0.130000000000000,0.110000000000000,3,-0.110000000000000,0.250000000000000,3,-0.070000000000000,0.240000000000000,3,-0.200000000000000,0.130000000000000,2,0.150000000000000,0.620000000000000,4
130600060104,Mesa Canyon,-0.320000000000000,0.090000000000000,2,-0.430000000000000,0.180000000000000,2,-0.360000000000000,0.170000000000000,2,0.050000000000000,0.170000000000000,4,0.200000000000000,0.630000000000000,4
130600060105,Lower Bonita Canyon,-0.320000000000000,0.090000000000000,2,-0.330000000000000,0.200000000000000,2,-0.420000000000000,0.160000000000000,2,-0.110000000000000,0.150000000000000,3,0.050000000000000,0.600000000000000,3
130600060201,Rattlesnake Hill-Cola de Gallo River,-0.240000000000000,0.100000000000000,2,0.240000000000000,0.330000000000000,4,0.100000000000000,0.280000000000000,4,-0.010000000000000,0.160000000000000,3,0.040000000000000,0.600000000000000,3
130600060202,Hodge Canyon,-0.210000000000000,0.100000000000000,2,0.070000000000000,0.290000000000000,4,0.040000000000000,0.260000000000000,3,-0.010000000000000,0.160000000000000,3,0.080000000000000,0.610000000000000,3
130600060203,Hodge Canyon-Coloa de Gallo River,-0.280000000000000,0.090000000000000,2,1.480000000000000,0.600000000000000,5,1.340000000000000,0.560000000000000,5,0.150000000000000,0.180000000000000,4,-0.020000000000000,0.580000000000000,3
130600060204,130600060204-Cola de Gallo River,-0.340000000000000,0.080000000000000,2,-0.140000000000000,0.240000000000000,3,-0.280000000000000,0.190000000000000,2,0.110000000000000,0.180000000000000,4,-0.130000000000000,0.560000000000000,2
110800030512,Canon Encierro-Canadian River,-0.170000000000000,0.110000000000000,2,0.250000000000000,0.330000000000000,4,0.390000000000000,0.340000000000000,4,-0.380000000000000,0.100000000000000,1,0.030000000000000,0.600000000000000,3
110800030603,Headwaters Canon Largo,-0.290000000000000,0.090000000000000,2,-0.090000000000000,0.250000000000000,3,0.080000000000000,0.270000000000000,4,-0.240000000000000,0.130000000000000,2,0.180000000000000,0.630000000000000,4
110800030604,Outlet Canon Largo,-0.090000000000000,0.120000000000000,3,0.490000000000000,0.380000000000000,5,0.780000000000000,0.430000000000000,5,-0.510000000000000,0.090000000000000,1,0.160000000000000,0.630000000000000,4
110800060908,Rana Arroyo-Canadian River,1.100000000000000,0.270000000000000,5,-0.170000000000000,0.240000000000000,3,-0.030000000000000,0.250000000000000,3,0.740000000000000,0.270000000000000,5,-0.100000000000000,0.570000000000000,2
110800070101,Joe Cabin Arroyo,-0.250000000000000,0.100000000000000,2,-0.360000000000000,0.190000000000000,2,-0.470000000000000,0.150000000000000,2,-0.200000000000000,0.130000000000000,2,1.130000000000000,0.850000000000000,5
110800070102,Cart Canyon-Holken Creek,-0.450000000000000,0.070000000000000,1,-0.530000000000000,0.150000000000000,1,-0.730000000000000,0.090000000000000,1,-0.210000000000000,0.130000000000000,2,0.710000000000000,0.750000000000000,5
110800070103,Lawrence Arroyo-Holken Creek,-0.470000000000000,0.070000000000000,1,-0.640000000000000,0.130000000000000,1,-0.900000000000000,0.050000000000000,1,-0.120000000000000,0.140000000000000,3,0.570000000000000,0.720000000000000,5
110800070104,Headwaters Palo Blanco Creek,-0.360000000000000,0.080000000000000,2,-0.200000000000000,0.230000000000000,2,-0.380000000000000,0.170000000000000,2,-0.250000000000000,0.120000000000000,2,0.900000000000000,0.800000000000000,5
110800070105,Outlet Palo Blanco Creek,-0.480000000000000,0.060000000000000,1,-0.660000000000000,0.120000000000000,1,-0.890000000000000,0.050000000000000,1,-0.170000000000000,0.140000000000000,2,0.480000000000000,0.700000000000000,5
150200040504,Headwaters Terrero Draw,-0.370000000000000,0.080000000000000,2,-0.460000000000000,0.170000000000000,1,-0.480000000000000,0.140000000000000,1,-0.140000000000000,0.140000000000000,2,0.020000000000000,0.590000000000000,3
150200040505,Outlet Terrero Draw,-0.350000000000000,0.080000000000000,2,-0.430000000000000,0.180000000000000,2,-0.390000000000000,0.170000000000000,2,-0.020000000000000,0.160000000000000,3,0.310000000000000,0.660000000000000,4
150200040506,Atarque Canyon,-0.380000000000000,0.080000000000000,2,-0.610000000000000,0.140000000000000,1,-0.420000000000000,0.160000000000000,2,0.060000000000000,0.170000000000000,4,0.240000000000000,0.640000000000000,4
150200040601,Penasco Lakes,-0.460000000000000,0.070000000000000,1,0.400000000000000,0.360000000000000,4,0.290000000000000,0.320000000000000,4,-0.060000000000000,0.150000000000000,3,0.150000000000000,0.620000000000000,4
150200040602,Lorenzo Draw,-0.390000000000000,0.080000000000000,1,0.400000000000000,0.360000000000000,4,0.300000000000000,0.320000000000000,4,0.090000000000000,0.180000000000000,4,0.220000000000000,0.640000000000000,4
150200040603,Lorenzo Draw-Jaralosa Draw,-0.250000000000000,0.090000000000000,2,-0.230000000000000,0.220000000000000,2,-0.390000000000000,0.170000000000000,2,0.120000000000000,0.180000000000000,4,0.310000000000000,0.660000000000000,4
150200040604,Atarque Canyon-Jaralosa Draw,0.070000000000000,0.140000000000000,4,0.030000000000000,0.280000000000000,3,-0.290000000000000,0.190000000000000,2,0.100000000000000,0.180000000000000,4,0.370000000000000,0.680000000000000,4
150200040605,Rincon Hondo Canyon-Jaralosa Draw,-0.100000000000000,0.110000000000000,3,0.050000000000000,0.280000000000000,4,-0.100000000000000,0.230000000000000,3,-0.200000000000000,0.130000000000000,2,0.280000000000000,0.650000000000000,4
150200040704,Thompson Draw,-0.570000000000000,0.050000000000000,1,-0.560000000000000,0.150000000000000,1,-0.490000000000000,0.140000000000000,1,-0.260000000000000,0.120000000000000,2,0.100000000000000,0.610000000000000,3
150200040705,Upper Venedito Draw,-0.390000000000000,0.080000000000000,1,-0.480000000000000,0.170000000000000,1,-0.360000000000000,0.170000000000000,2,-0.150000000000000,0.140000000000000,2,0.220000000000000,0.640000000000000,4
150200040706,Plumasano Wash,-0.430000000000000,0.070000000000000,1,-0.390000000000000,0.190000000000000,2,-0.350000000000000,0.170000000000000,2,-0.310000000000000,0.120000000000000,2,0.040000000000000,0.600000000000000,3
130600010201,Panchuela Creek,0.590000000000000,0.210000000000000,5,1.220000000000000,0.550000000000000,5,0.830000000000000,0.450000000000000,5,-0.300000000000000,0.120000000000000,2,0.850000000000000,0.790000000000000,5
130600010202,Rio Mora,0.260000000000000,0.160000000000000,4,1.180000000000000,0.540000000000000,5,0.910000000000000,0.460000000000000,5,-0.300000000000000,0.120000000000000,2,0.690000000000000,0.750000000000000,5
130600050201,Upper Hasperos Canyon,-0.310000000000000,0.090000000000000,2,-0.100000000000000,0.250000000000000,3,-0.210000000000000,0.210000000000000,3,0.000000000000000,0.160000000000000,3,0.410000000000000,0.680000000000000,5
130600050202,Carrabajal Cemetery,-0.260000000000000,0.090000000000000,2,-0.210000000000000,0.230000000000000,2,-0.670000000000000,0.100000000000000,1,-0.010000000000000,0.160000000000000,3,0.490000000000000,0.700000000000000,5
130600050203,Lavade Draw,-0.260000000000000,0.090000000000000,2,-0.190000000000000,0.230000000000000,2,-0.770000000000000,0.080000000000000,1,-0.030000000000000,0.160000000000000,3,0.510000000000000,0.710000000000000,5
130600050204,Middle Hasperos Canyon,-0.300000000000000,0.090000000000000,2,-0.300000000000000,0.210000000000000,2,-0.750000000000000,0.080000000000000,1,-0.020000000000000,0.160000000000000,3,0.260000000000000,0.650000000000000,4
130600050205,Little Hasperos Canyon,-0.100000000000000,0.110000000000000,3,-0.120000000000000,0.250000000000000,3,-0.670000000000000,0.100000000000000,1,0.060000000000000,0.170000000000000,4,0.180000000000000,0.630000000000000,4
130600050206,Lower Hasperos Canyon,-0.120000000000000,0.110000000000000,3,-0.120000000000000,0.250000000000000,3,-0.430000000000000,0.160000000000000,2,-0.070000000000000,0.150000000000000,3,-0.050000000000000,0.580000000000000,3
130600050301,Aragon Creek,-0.020000000000000,0.130000000000000,3,0.430000000000000,0.370000000000000,5,0.270000000000000,0.320000000000000,4,-0.240000000000000,0.130000000000000,2,0.790000000000000,0.770000000000000,5
130600050302,Cottonwood Canyon-Arroyo del Macho,-0.090000000000000,0.120000000000000,3,0.740000000000000,0.440000000000000,5,0.730000000000000,0.420000000000000,5,-0.200000000000000,0.130000000000000,2,0.650000000000000,0.740000000000000,5
130500010101,White Lakes,-0.020000000000000,0.130000000000000,3,0.910000000000000,0.480000000000000,5,0.730000000000000,0.420000000000000,5,0.230000000000000,0.200000000000000,4,0.470000000000000,0.700000000000000,5
130500010102,Upper Armijo Draw,0.010000000000000,0.130000000000000,3,0.950000000000000,0.490000000000000,5,0.620000000000000,0.400000000000000,5,0.130000000000000,0.180000000000000,4,0.520000000000000,0.710000000000000,5
130201011201,Rio Nambe,0.430000000000000,0.190000000000000,5,1.480000000000000,0.600000000000000,5,1.510000000000000,0.600000000000000,5,-0.490000000000000,0.090000000000000,1,1.100000000000000,0.850000000000000,5
130201011202,Headwaters Rio Tesuque,0.220000000000000,0.160000000000000,4,1.060000000000000,0.510000000000000,5,0.860000000000000,0.450000000000000,5,-0.630000000000000,0.070000000000000,1,0.720000000000000,0.760000000000000,5
130201011203,Outlet Rio Tesuque,-0.160000000000000,0.110000000000000,2,1.190000000000000,0.540000000000000,5,0.980000000000000,0.480000000000000,5,-0.630000000000000,0.070000000000000,1,0.420000000000000,0.690000000000000,5
130201011204,Rio Tesuque-Pojoaque Creek,0.030000000000000,0.130000000000000,3,1.180000000000000,0.540000000000000,5,1.160000000000000,0.520000000000000,5,-0.520000000000000,0.080000000000000,1,0.770000000000000,0.770000000000000,5
130201011205,Arroyo Jacona-Pojoaque Creek,-0.270000000000000,0.090000000000000,2,0.510000000000000,0.390000000000000,5,0.320000000000000,0.330000000000000,4,-0.670000000000000,0.060000000000000,1,0.290000000000000,0.660000000000000,4
130201011301,Santa Clara Creek,0.520000000000000,0.200000000000000,5,1.410000000000000,0.590000000000000,5,1.460000000000000,0.590000000000000,5,-0.160000000000000,0.140000000000000,2,0.240000000000000,0.640000000000000,4
130202040101,Headwaters Arroyo San Jose,0.030000000000000,0.130000000000000,3,0.550000000000000,0.390000000000000,5,0.590000000000000,0.390000000000000,5,-0.400000000000000,0.100000000000000,1,1.050000000000000,0.830000000000000,5
130202040102,Outlet Arroyo San Jose,-0.110000000000000,0.110000000000000,3,0.270000000000000,0.330000000000000,4,0.390000000000000,0.340000000000000,4,-0.540000000000000,0.080000000000000,1,0.910000000000000,0.800000000000000,5
110800070603,Arroyo de LaCejita-Ute Creek,0.420000000000000,0.180000000000000,5,-0.600000000000000,0.140000000000000,1,-0.420000000000000,0.160000000000000,2,0.560000000000000,0.250000000000000,5,-0.230000000000000,0.530000000000000,2
110800070604,Lalo Canyon-Tequesquite Creek,-0.240000000000000,0.100000000000000,2,-0.570000000000000,0.150000000000000,1,-0.680000000000000,0.100000000000000,1,-0.060000000000000,0.150000000000000,3,0.210000000000000,0.640000000000000,4
110800070605,Arroyo del Alamo,-0.270000000000000,0.090000000000000,2,-0.500000000000000,0.160000000000000,1,-0.580000000000000,0.120000000000000,1,0.010000000000000,0.160000000000000,3,0.080000000000000,0.610000000000000,3
110800070606,Arroyo del Alamo-Tequesquite Creek,0.140000000000000,0.150000000000000,4,-0.480000000000000,0.170000000000000,1,-0.510000000000000,0.140000000000000,1,0.380000000000000,0.220000000000000,5,-0.150000000000000,0.550000000000000,2
110800070607,Angosta Well-Tequesquite Creek,0.230000000000000,0.160000000000000,4,-0.320000000000000,0.200000000000000,2,-0.420000000000000,0.160000000000000,2,0.420000000000000,0.230000000000000,5,-0.230000000000000,0.540000000000000,2
110800070608,Tequesquite Creek-Ute Creek,0.430000000000000,0.190000000000000,5,-0.170000000000000,0.240000000000000,3,-0.240000000000000,0.200000000000000,2,0.490000000000000,0.240000000000000,5,-0.210000000000000,0.540000000000000,2
110800070702,Headwaters Mosquero Creek,-0.100000000000000,0.120000000000000,3,-0.260000000000000,0.220000000000000,2,-0.320000000000000,0.180000000000000,2,-0.130000000000000,0.140000000000000,3,0.150000000000000,0.620000000000000,4
110800070703,Outlet Mosquero Creek,0.150000000000000,0.150000000000000,4,-0.200000000000000,0.230000000000000,2,-0.270000000000000,0.190000000000000,2,0.140000000000000,0.180000000000000,4,-0.150000000000000,0.550000000000000,2
110800070704,Rincon Creek-Ute Creek,0.190000000000000,0.150000000000000,4,-0.320000000000000,0.200000000000000,2,-0.200000000000000,0.210000000000000,3,0.250000000000000,0.200000000000000,4,-0.260000000000000,0.530000000000000,2
110800070705,Ramirez Draw-Ute Creek,0.350000000000000,0.170000000000000,5,-0.220000000000000,0.220000000000000,2,0.080000000000000,0.270000000000000,4,0.370000000000000,0.220000000000000,5,-0.310000000000000,0.520000000000000,2
110800070106,110800070106,-0.390000000000000,0.080000000000000,1,-0.740000000000000,0.110000000000000,1,-1.030000000000000,0.020000000000000,1,-0.020000000000000,0.160000000000000,3,0.550000000000000,0.720000000000000,5
110800070107,Turley Well,-0.570000000000000,0.050000000000000,1,-0.670000000000000,0.120000000000000,1,-0.960000000000000,0.040000000000000,1,-0.070000000000000,0.150000000000000,3,0.480000000000000,0.700000000000000,5
110800070108,Headwaters Sand Arroyo,-0.670000000000000,0.040000000000000,1,-0.510000000000000,0.160000000000000,1,-0.700000000000000,0.090000000000000,1,-0.070000000000000,0.150000000000000,3,0.440000000000000,0.690000000000000,5
110800070109,Outlet Sand Arroyo,-0.800000000000000,0.020000000000000,1,-0.680000000000000,0.120000000000000,1,-0.780000000000000,0.080000000000000,1,-0.090000000000000,0.150000000000000,3,0.300000000000000,0.660000000000000,4
110800070110,Sand Arroyo-Ute Creek,-0.510000000000000,0.060000000000000,1,-0.740000000000000,0.110000000000000,1,-1.040000000000000,0.020000000000000,1,-0.060000000000000,0.150000000000000,3,0.340000000000000,0.670000000000000,4
120800030607,Dean Ranch,-0.680000000000000,0.040000000000000,1,-0.900000000000000,0.070000000000000,1,-0.890000000000000,0.050000000000000,1,-0.010000000000000,0.160000000000000,3,0.290000000000000,0.660000000000000,4
120800030608,120800030608,-0.750000000000000,0.030000000000000,1,-1.010000000000000,0.050000000000000,1,-0.810000000000000,0.070000000000000,1,-0.050000000000000,0.150000000000000,3,0.200000000000000,0.640000000000000,4
120800030609,City of Hobbs,-0.590000000000000,0.050000000000000,1,-0.770000000000000,0.100000000000000,1,-0.220000000000000,0.200000000000000,2,0.140000000000000,0.180000000000000,4,-0.050000000000000,0.580000000000000,3
120800030610,Lea County Hobbs Airport,-0.540000000000000,0.060000000000000,1,-0.920000000000000,0.070000000000000,1,-0.630000000000000,0.110000000000000,1,0.140000000000000,0.180000000000000,4,0.000000000000000,0.590000000000000,3
120800030701,Etcheverry Ranch,-0.710000000000000,0.030000000000000,1,-1.040000000000000,0.040000000000000,1,-0.950000000000000,0.040000000000000,1,-0.010000000000000,0.160000000000000,3,0.280000000000000,0.650000000000000,4
120800030702,Green Meadows Lake,-0.640000000000000,0.040000000000000,1,-0.960000000000000,0.060000000000000,1,-0.350000000000000,0.170000000000000,2,0.060000000000000,0.170000000000000,4,0.010000000000000,0.590000000000000,3
130600050303,Reventon Draw-Arroyo del Macho,0.020000000000000,0.130000000000000,3,0.470000000000000,0.380000000000000,5,0.210000000000000,0.300000000000000,4,-0.190000000000000,0.130000000000000,2,0.850000000000000,0.790000000000000,5
130600050304,Pedernal Arroyo-Arroyo del Macho,-0.170000000000000,0.110000000000000,2,-0.090000000000000,0.250000000000000,3,-0.590000000000000,0.120000000000000,1,0.020000000000000,0.160000000000000,3,0.490000000000000,0.700000000000000,5
130600050305,Hogadero Draw,-0.170000000000000,0.110000000000000,2,-0.060000000000000,0.260000000000000,3,-0.630000000000000,0.110000000000000,1,-0.020000000000000,0.160000000000000,3,0.350000000000000,0.670000000000000,4
130500010502,Rattlesnake Draw,-0.180000000000000,0.100000000000000,2,-0.120000000000000,0.250000000000000,3,-0.500000000000000,0.140000000000000,1,-0.080000000000000,0.150000000000000,3,0.510000000000000,0.710000000000000,5
130500010503,Headwaters Big Draw,-0.110000000000000,0.110000000000000,3,-0.290000000000000,0.210000000000000,2,-0.660000000000000,0.100000000000000,1,0.170000000000000,0.190000000000000,4,0.370000000000000,0.670000000000000,4
130500010504,Red Canyon Draw,-0.250000000000000,0.100000000000000,2,-0.260000000000000,0.220000000000000,2,-0.580000000000000,0.120000000000000,1,-0.100000000000000,0.150000000000000,3,0.360000000000000,0.670000000000000,4
130500010505,Outlet Big Draw,0.020000000000000,0.130000000000000,3,-0.700000000000000,0.120000000000000,1,-0.980000000000000,0.030000000000000,1,0.450000000000000,0.230000000000000,5,0.160000000000000,0.630000000000000,4
130500010601,130500010601,-0.310000000000000,0.090000000000000,2,0.470000000000000,0.380000000000000,5,0.110000000000000,0.280000000000000,4,0.040000000000000,0.170000000000000,3,0.220000000000000,0.640000000000000,4
130500010602,McGillivray Draw,-0.180000000000000,0.100000000000000,2,0.230000000000000,0.320000000000000,4,-0.050000000000000,0.240000000000000,3,0.140000000000000,0.180000000000000,4,0.340000000000000,0.670000000000000,4
130500010603,Town of Culebra,-0.080000000000000,0.120000000000000,3,-0.030000000000000,0.270000000000000,3,-0.210000000000000,0.210000000000000,3,0.350000000000000,0.210000000000000,5,0.140000000000000,0.620000000000000,3
130500010604,130500010604,0.140000000000000,0.150000000000000,4,-0.200000000000000,0.230000000000000,2,-0.550000000000000,0.130000000000000,1,0.490000000000000,0.240000000000000,5,0.080000000000000,0.610000000000000,3
130500010605,Rattlesnake Hill,-0.130000000000000,0.110000000000000,3,-0.270000000000000,0.210000000000000,2,-0.500000000000000,0.140000000000000,1,0.320000000000000,0.210000000000000,5,0.060000000000000,0.600000000000000,3
130500010701,130500010701,-0.500000000000000,0.060000000000000,1,-0.240000000000000,0.220000000000000,2,-0.560000000000000,0.130000000000000,1,0.050000000000000,0.170000000000000,4,0.140000000000000,0.620000000000000,3
130500010702,Pueblo Blanca Canyon,-0.440000000000000,0.070000000000000,1,0.260000000000000,0.330000000000000,4,0.140000000000000,0.290000000000000,4,-0.010000000000000,0.160000000000000,3,-0.030000000000000,0.580000000000000,3
130500010703,Little Cougar Tank,-0.280000000000000,0.090000000000000,2,-0.120000000000000,0.250000000000000,3,-0.220000000000000,0.200000000000000,2,0.060000000000000,0.170000000000000,4,0.100000000000000,0.610000000000000,3
130500010704,Gallinas Spring,-0.010000000000000,0.130000000000000,3,0.170000000000000,0.310000000000000,4,-0.160000000000000,0.220000000000000,3,0.170000000000000,0.190000000000000,4,0.020000000000000,0.590000000000000,3
130500010705,130500010705,-0.510000000000000,0.060000000000000,1,-0.440000000000000,0.170000000000000,2,-0.780000000000000,0.080000000000000,1,0.060000000000000,0.170000000000000,4,0.030000000000000,0.600000000000000,3
130500010706,Town of Progresso,-0.260000000000000,0.090000000000000,2,-0.150000000000000,0.240000000000000,3,-0.630000000000000,0.110000000000000,1,0.180000000000000,0.190000000000000,4,0.060000000000000,0.600000000000000,3
130500010801,Liberty Valley,-0.330000000000000,0.090000000000000,2,-0.480000000000000,0.170000000000000,1,-0.690000000000000,0.100000000000000,1,0.080000000000000,0.170000000000000,4,-0.030000000000000,0.580000000000000,3
130500010802,Rock Lake,-0.510000000000000,0.060000000000000,1,-0.570000000000000,0.150000000000000,1,-0.810000000000000,0.070000000000000,1,-0.010000000000000,0.160000000000000,3,0.100000000000000,0.610000000000000,3
130500010803,Haygood Tank,-0.460000000000000,0.070000000000000,1,0.470000000000000,0.380000000000000,5,0.480000000000000,0.370000000000000,5,0.060000000000000,0.170000000000000,4,-0.060000000000000,0.570000000000000,3
110400010203,Pinabetes Creek-Dry Cimarron River,-0.550000000000000,0.060000000000000,1,-0.310000000000000,0.200000000000000,2,0.010000000000000,0.260000000000000,3,-0.330000000000000,0.110000000000000,2,0.500000000000000,0.700000000000000,5
110400010401,Oak Creek-Dry Cimarron Creek,-0.240000000000000,0.100000000000000,2,0.260000000000000,0.330000000000000,4,0.310000000000000,0.330000000000000,4,-0.400000000000000,0.100000000000000,1,0.370000000000000,0.680000000000000,4
110400010402,Briggs Canyon,-0.430000000000000,0.070000000000000,1,-0.100000000000000,0.250000000000000,3,-0.020000000000000,0.250000000000000,3,-0.440000000000000,0.100000000000000,1,0.280000000000000,0.650000000000000,4
110400010403,Briggs Canyon-Dry Cimarron Creek,-0.450000000000000,0.070000000000000,1,0.000000000000000,0.270000000000000,3,0.060000000000000,0.270000000000000,4,-0.480000000000000,0.090000000000000,1,0.160000000000000,0.630000000000000,4
110400010404,Timber Mesa-Cow Canyon,-0.430000000000000,0.070000000000000,1,-0.040000000000000,0.260000000000000,3,0.010000000000000,0.260000000000000,3,-0.410000000000000,0.100000000000000,1,0.230000000000000,0.640000000000000,4
110400010405,Cow Canyon-Dry Cimarron Creek,-0.310000000000000,0.090000000000000,2,0.050000000000000,0.280000000000000,4,0.020000000000000,0.260000000000000,3,-0.340000000000000,0.110000000000000,2,0.190000000000000,0.630000000000000,4
110400010406,Long Canyon-Dry Cimarron Creek,-0.460000000000000,0.070000000000000,1,-0.100000000000000,0.250000000000000,3,0.070000000000000,0.270000000000000,4,-0.260000000000000,0.120000000000000,2,0.240000000000000,0.640000000000000,4
110400010503,MiddleTravesser Creek,-0.510000000000000,0.060000000000000,1,-0.300000000000000,0.210000000000000,2,-0.210000000000000,0.210000000000000,3,-0.260000000000000,0.120000000000000,2,0.320000000000000,0.660000000000000,4
110400010504,Lower Travesser Creek,-0.240000000000000,0.100000000000000,2,0.120000000000000,0.300000000000000,4,0.420000000000000,0.350000000000000,5,-0.420000000000000,0.100000000000000,1,0.310000000000000,0.660000000000000,4
110901020102,Leon Creek,-0.400000000000000,0.080000000000000,1,-0.370000000000000,0.190000000000000,2,-0.650000000000000,0.110000000000000,1,-0.080000000000000,0.150000000000000,3,0.070000000000000,0.600000000000000,3
110901020103,Middle Pinabetes Creek,-0.350000000000000,0.080000000000000,2,-0.300000000000000,0.210000000000000,2,-0.620000000000000,0.110000000000000,1,-0.090000000000000,0.150000000000000,3,0.100000000000000,0.610000000000000,3
110901020104,Garcia Creek,-0.480000000000000,0.070000000000000,1,-0.630000000000000,0.130000000000000,1,-0.810000000000000,0.070000000000000,1,-0.080000000000000,0.150000000000000,3,0.030000000000000,0.600000000000000,3
110901020105,Lower Pinabetes Creek,-0.460000000000000,0.070000000000000,1,-0.620000000000000,0.130000000000000,1,-0.870000000000000,0.060000000000000,1,-0.020000000000000,0.160000000000000,3,0.010000000000000,0.590000000000000,3
110800070801,House Well,0.510000000000000,0.200000000000000,5,-0.100000000000000,0.250000000000000,3,0.250000000000000,0.310000000000000,4,0.390000000000000,0.220000000000000,5,-0.280000000000000,0.520000000000000,2
130201010803,Canon de Tio Gordito-Arroyo Aguaje de la Petaca,-0.480000000000000,0.060000000000000,1,-0.180000000000000,0.230000000000000,3,-0.130000000000000,0.230000000000000,3,-0.220000000000000,0.130000000000000,2,0.230000000000000,0.640000000000000,4
130201010804,Indian Lake,-0.680000000000000,0.040000000000000,1,-0.530000000000000,0.160000000000000,1,-0.520000000000000,0.140000000000000,1,-0.110000000000000,0.150000000000000,3,0.550000000000000,0.720000000000000,5
130201010805,Carson Reservoir-Arroyo Aguaje de la Petaca,-0.700000000000000,0.040000000000000,1,0.250000000000000,0.330000000000000,4,0.100000000000000,0.280000000000000,4,-0.170000000000000,0.140000000000000,2,0.520000000000000,0.710000000000000,5
130201010806,Soctt Arroyo-Arroy Aguaje de la Petaca,-0.620000000000000,0.050000000000000,1,-0.050000000000000,0.260000000000000,3,0.130000000000000,0.290000000000000,4,-0.160000000000000,0.140000000000000,2,0.550000000000000,0.720000000000000,5
130201010901,La Junta Creek,0.510000000000000,0.200000000000000,5,1.220000000000000,0.550000000000000,5,1.100000000000000,0.510000000000000,5,-0.260000000000000,0.120000000000000,2,0.620000000000000,0.730000000000000,5
130201010902,La Junta Canyon-Rio Pueblo,0.300000000000000,0.170000000000000,4,1.210000000000000,0.540000000000000,5,0.940000000000000,0.470000000000000,5,-0.290000000000000,0.120000000000000,2,0.760000000000000,0.770000000000000,5
130201010903,Osha Canyon-Rio Pueblo,0.540000000000000,0.200000000000000,5,1.480000000000000,0.600000000000000,5,1.260000000000000,0.540000000000000,5,-0.390000000000000,0.100000000000000,1,0.690000000000000,0.750000000000000,5
130201010904,Headwaters Rio Santa Barbara,0.830000000000000,0.240000000000000,5,1.690000000000000,0.650000000000000,5,1.490000000000000,0.590000000000000,5,-0.200000000000000,0.130000000000000,2,1.290000000000000,0.890000000000000,5
130201010905,Outlet Rio Santa Barbara,0.360000000000000,0.180000000000000,5,1.030000000000000,0.500000000000000,5,0.870000000000000,0.450000000000000,5,-0.320000000000000,0.110000000000000,2,0.700000000000000,0.750000000000000,5
130201010906,Rio Santa Barbara-Rio Pueblo,0.170000000000000,0.150000000000000,4,1.150000000000000,0.530000000000000,5,0.830000000000000,0.450000000000000,5,-0.540000000000000,0.080000000000000,1,0.180000000000000,0.630000000000000,4
130201010907,Canada del Oso Sarco,-0.120000000000000,0.110000000000000,3,0.870000000000000,0.470000000000000,5,0.430000000000000,0.350000000000000,5,-0.750000000000000,0.050000000000000,1,0.730000000000000,0.760000000000000,5
130201010908,Canada del Oso Sarco-Embudo Creek,0.280000000000000,0.170000000000000,4,1.240000000000000,0.550000000000000,5,1.130000000000000,0.510000000000000,5,-0.550000000000000,0.080000000000000,1,0.680000000000000,0.750000000000000,5
130201010909,Arroyo la Mina-Embudo Creek,0.000000000000000,0.130000000000000,3,1.040000000000000,0.510000000000000,5,0.900000000000000,0.460000000000000,5,-0.680000000000000,0.060000000000000,1,0.530000000000000,0.710000000000000,5
130201011001,Rio Frijoles,0.350000000000000,0.180000000000000,5,1.320000000000000,0.570000000000000,5,1.240000000000000,0.540000000000000,5,-0.560000000000000,0.080000000000000,1,1.120000000000000,0.850000000000000,5
130201011002,Rio Medio,0.440000000000000,0.190000000000000,5,1.510000000000000,0.610000000000000,5,1.480000000000000,0.590000000000000,5,-0.520000000000000,0.080000000000000,1,1.290000000000000,0.890000000000000,5
130201011003,Rio Quemado,0.290000000000000,0.170000000000000,4,1.080000000000000,0.510000000000000,5,1.010000000000000,0.490000000000000,5,-0.540000000000000,0.080000000000000,1,1.390000000000000,0.910000000000000,5
130201011004,Santa Cruz Reservoir-Santa Cruz River,-0.080000000000000,0.120000000000000,3,0.670000000000000,0.420000000000000,5,0.820000000000000,0.440000000000000,5,-0.630000000000000,0.070000000000000,1,0.510000000000000,0.710000000000000,5
130201011101,Canada Comanche,-0.430000000000000,0.070000000000000,1,-0.320000000000000,0.200000000000000,2,-0.150000000000000,0.220000000000000,3,-0.240000000000000,0.130000000000000,2,0.760000000000000,0.770000000000000,5
130201011102,Canada Comanche-Rio Grande,0.000000000000000,0.130000000000000,3,1.430000000000000,0.590000000000000,5,1.430000000000000,0.580000000000000,5,-0.560000000000000,0.080000000000000,1,0.540000000000000,0.710000000000000,5
120800040103,Lane Salt Lake,-0.660000000000000,0.040000000000000,1,-0.900000000000000,0.070000000000000,1,-0.630000000000000,0.110000000000000,1,0.030000000000000,0.170000000000000,3,0.140000000000000,0.620000000000000,3
120800040104,Simanola Valley,-0.760000000000000,0.030000000000000,1,-0.990000000000000,0.050000000000000,1,-0.890000000000000,0.050000000000000,1,-0.010000000000000,0.160000000000000,3,0.060000000000000,0.600000000000000,3
120800040105,Moore Oil Field,-0.650000000000000,0.040000000000000,1,-0.940000000000000,0.060000000000000,1,-1.010000000000000,0.020000000000000,1,0.030000000000000,0.170000000000000,3,0.260000000000000,0.650000000000000,4
120800040106,Four Lakes Area,-0.510000000000000,0.060000000000000,1,-0.880000000000000,0.080000000000000,1,-0.940000000000000,0.040000000000000,1,0.110000000000000,0.180000000000000,4,0.050000000000000,0.600000000000000,3
120800040107,120800040107,-0.640000000000000,0.040000000000000,1,-0.870000000000000,0.080000000000000,1,-0.900000000000000,0.050000000000000,1,0.030000000000000,0.170000000000000,3,0.280000000000000,0.650000000000000,4
130600060205,Camaleon Hill,-0.300000000000000,0.090000000000000,2,-0.360000000000000,0.190000000000000,2,-0.710000000000000,0.090000000000000,1,0.050000000000000,0.170000000000000,4,-0.050000000000000,0.580000000000000,3
130600060206,Shinery Well,-0.380000000000000,0.080000000000000,2,-0.530000000000000,0.150000000000000,1,-1.030000000000000,0.020000000000000,1,-0.020000000000000,0.160000000000000,3,-0.110000000000000,0.560000000000000,2
110800030605,Lagartija Creek,-0.300000000000000,0.090000000000000,2,0.020000000000000,0.280000000000000,3,0.220000000000000,0.310000000000000,4,-0.310000000000000,0.120000000000000,2,0.020000000000000,0.590000000000000,3
110800030606,Arroyo del Mesteno,-0.190000000000000,0.100000000000000,2,-0.230000000000000,0.220000000000000,2,-0.310000000000000,0.180000000000000,2,0.040000000000000,0.170000000000000,4,0.000000000000000,0.590000000000000,3
110800070201,110800070201,-0.640000000000000,0.040000000000000,1,-0.720000000000000,0.110000000000000,1,-0.980000000000000,0.030000000000000,1,-0.150000000000000,0.140000000000000,2,0.450000000000000,0.690000000000000,5
110800070203,Pasamonte Lake,-0.420000000000000,0.070000000000000,1,-0.750000000000000,0.110000000000000,1,-0.910000000000000,0.050000000000000,1,0.020000000000000,0.160000000000000,3,0.350000000000000,0.670000000000000,4
110800070204,Divine Lake,-0.620000000000000,0.050000000000000,1,-0.180000000000000,0.230000000000000,3,-0.450000000000000,0.150000000000000,2,-0.100000000000000,0.150000000000000,3,0.350000000000000,0.670000000000000,4
110800070205,Divine Lake-Ute Creek,-0.710000000000000,0.030000000000000,1,-0.630000000000000,0.130000000000000,1,-0.810000000000000,0.070000000000000,1,-0.180000000000000,0.130000000000000,2,0.280000000000000,0.650000000000000,4
110800070206,Garcia Creek,-0.630000000000000,0.040000000000000,1,-0.610000000000000,0.140000000000000,1,-0.750000000000000,0.080000000000000,1,-0.070000000000000,0.150000000000000,3,0.170000000000000,0.630000000000000,4
110800070207,Garcia Creek-Ute Creek,-0.530000000000000,0.060000000000000,1,-0.500000000000000,0.160000000000000,1,-0.650000000000000,0.110000000000000,1,-0.200000000000000,0.130000000000000,2,0.200000000000000,0.640000000000000,4
110800070208,110800070208,-0.490000000000000,0.060000000000000,1,0.150000000000000,0.310000000000000,4,-0.140000000000000,0.220000000000000,3,0.010000000000000,0.160000000000000,3,0.300000000000000,0.660000000000000,4
110800070209,Headwaters Alamocita Creek,-0.580000000000000,0.050000000000000,1,0.450000000000000,0.370000000000000,5,0.180000000000000,0.300000000000000,4,-0.120000000000000,0.140000000000000,3,0.310000000000000,0.660000000000000,4
110800070210,Outlet Alamocita Creek,-0.620000000000000,0.050000000000000,1,-0.650000000000000,0.130000000000000,1,-0.720000000000000,0.090000000000000,1,-0.120000000000000,0.140000000000000,3,0.260000000000000,0.650000000000000,4
110800070211,Alamocita Creek-Ute Creek,-0.330000000000000,0.080000000000000,2,-0.260000000000000,0.220000000000000,2,-0.280000000000000,0.190000000000000,2,-0.210000000000000,0.130000000000000,2,0.110000000000000,0.610000000000000,3
110800070301,Headwaters Del Muerto Creek,-0.280000000000000,0.090000000000000,2,-0.500000000000000,0.160000000000000,1,-0.700000000000000,0.090000000000000,1,0.120000000000000,0.180000000000000,4,0.060000000000000,0.600000000000000,3
130500020205,Red Miller Point,-0.530000000000000,0.060000000000000,1,0.150000000000000,0.310000000000000,4,-0.020000000000000,0.250000000000000,3,-0.100000000000000,0.150000000000000,3,0.020000000000000,0.590000000000000,3
130500020206,130500020206,-0.470000000000000,0.070000000000000,1,-0.590000000000000,0.140000000000000,1,-0.630000000000000,0.110000000000000,1,0.070000000000000,0.170000000000000,4,-0.010000000000000,0.590000000000000,3
140801050204,Blue Lake Wash-McDermott Arroyo,-0.490000000000000,0.060000000000000,1,0.120000000000000,0.300000000000000,4,0.370000000000000,0.340000000000000,4,-0.240000000000000,0.130000000000000,2,-0.190000000000000,0.540000000000000,2
140801050302,Cottonwood Arroyo-La Plata River,-0.240000000000000,0.100000000000000,2,0.210000000000000,0.320000000000000,4,0.520000000000000,0.370000000000000,5,-0.290000000000000,0.120000000000000,2,-0.580000000000000,0.450000000000000,1
140801050401,Narrows Wash,-0.170000000000000,0.110000000000000,2,-0.370000000000000,0.190000000000000,2,-0.040000000000000,0.250000000000000,3,-0.150000000000000,0.140000000000000,2,-0.230000000000000,0.530000000000000,2
140801050403,Outlet Shumway Arroyo,0.030000000000000,0.130000000000000,3,0.000000000000000,0.270000000000000,3,0.560000000000000,0.380000000000000,5,0.050000000000000,0.170000000000000,4,-0.340000000000000,0.510000000000000,2
140801050502,Headwaters Ojo Amarillo Canyon,-0.810000000000000,0.020000000000000,1,0.120000000000000,0.300000000000000,4,0.560000000000000,0.380000000000000,5,-0.060000000000000,0.150000000000000,3,-0.820000000000000,0.400000000000000,1
140801050503,140801050503,1.270000000000000,0.300000000000000,5,1.070000000000000,0.510000000000000,5,0.430000000000000,0.350000000000000,5,0.810000000000000,0.280000000000000,5,-1.190000000000000,0.310000000000000,1
140801050504,Outlet Ojo Amarillo Canyon,-0.350000000000000,0.080000000000000,2,-0.310000000000000,0.200000000000000,2,0.180000000000000,0.300000000000000,4,0.020000000000000,0.170000000000000,3,-1.050000000000000,0.340000000000000,1
140801050505,Ojo Amarillo Canyon-San Juan River,0.040000000000000,0.130000000000000,3,0.240000000000000,0.330000000000000,4,0.790000000000000,0.440000000000000,5,0.000000000000000,0.160000000000000,3,-0.920000000000000,0.370000000000000,1
140801050506,Shumway Arroyo-San Juan River,-0.060000000000000,0.120000000000000,3,0.030000000000000,0.280000000000000,3,0.470000000000000,0.360000000000000,5,0.220000000000000,0.190000000000000,4,-0.800000000000000,0.400000000000000,1
140801050602,Middle Salt Creek Wash,0.010000000000000,0.130000000000000,3,-0.280000000000000,0.210000000000000,2,-0.050000000000000,0.240000000000000,3,0.030000000000000,0.170000000000000,3,0.230000000000000,0.640000000000000,4
140801050603,Lower Salt Creek Wash,0.500000000000000,0.200000000000000,5,-0.640000000000000,0.130000000000000,1,-0.310000000000000,0.180000000000000,2,0.670000000000000,0.260000000000000,5,-0.250000000000000,0.530000000000000,2
140801050701,Eagle Nest Arroyo,0.170000000000000,0.150000000000000,4,-0.260000000000000,0.210000000000000,2,0.020000000000000,0.260000000000000,3,0.040000000000000,0.170000000000000,3,-0.430000000000000,0.490000000000000,1
140801050702,Eagle Nest Arroyo-San Juan River,0.530000000000000,0.200000000000000,5,-0.280000000000000,0.210000000000000,2,0.310000000000000,0.330000000000000,4,0.500000000000000,0.240000000000000,5,-0.400000000000000,0.500000000000000,1
140801050703,Rattlesnake Wash,0.190000000000000,0.150000000000000,4,-0.620000000000000,0.130000000000000,1,0.020000000000000,0.260000000000000,3,0.570000000000000,0.250000000000000,5,-0.360000000000000,0.510000000000000,2
130202070207,Reynold Draw-Bluewater Creek,-0.580000000000000,0.050000000000000,1,-0.200000000000000,0.230000000000000,2,-0.210000000000000,0.210000000000000,3,-0.570000000000000,0.080000000000000,1,-2.050000000000000,0.110000000000000,1
130202070301,Upper San Mateo Creek,-0.070000000000000,0.120000000000000,3,0.560000000000000,0.400000000000000,5,0.170000000000000,0.290000000000000,4,-0.340000000000000,0.110000000000000,2,-0.040000000000000,0.580000000000000,3
130202070302,Martin Draw,-0.130000000000000,0.110000000000000,3,-0.160000000000000,0.240000000000000,3,-0.110000000000000,0.230000000000000,3,-0.170000000000000,0.140000000000000,2,-2.100000000000000,0.100000000000000,1
130202070303,Arroyo del Puerto,-0.130000000000000,0.110000000000000,3,-0.120000000000000,0.250000000000000,3,-0.070000000000000,0.240000000000000,3,-0.150000000000000,0.140000000000000,2,-1.060000000000000,0.340000000000000,1
110901020201,Bushnell Creek,-0.460000000000000,0.070000000000000,1,-0.420000000000000,0.180000000000000,2,-0.480000000000000,0.150000000000000,2,-0.260000000000000,0.120000000000000,2,0.130000000000000,0.620000000000000,3
110901020202,Bushnell Creek-Tramperos Creek,-0.540000000000000,0.060000000000000,1,0.160000000000000,0.310000000000000,4,0.240000000000000,0.310000000000000,4,-0.300000000000000,0.120000000000000,2,0.150000000000000,0.620000000000000,4
110901020203,Mesita Creek,-0.380000000000000,0.080000000000000,1,-0.410000000000000,0.180000000000000,2,-0.470000000000000,0.150000000000000,2,-0.200000000000000,0.130000000000000,2,0.070000000000000,0.600000000000000,3
110901020204,Mesita Creek-Tramperos Creek,-0.400000000000000,0.080000000000000,1,-0.350000000000000,0.200000000000000,2,-0.490000000000000,0.140000000000000,1,-0.130000000000000,0.140000000000000,3,0.030000000000000,0.600000000000000,3
110901020205,Pedernal Creek,-0.210000000000000,0.100000000000000,2,-0.410000000000000,0.180000000000000,2,-0.770000000000000,0.080000000000000,1,0.150000000000000,0.180000000000000,4,0.060000000000000,0.600000000000000,3
130201011103,Rio Truchas,0.080000000000000,0.140000000000000,4,0.710000000000000,0.430000000000000,5,0.520000000000000,0.370000000000000,5,-0.560000000000000,0.080000000000000,1,0.750000000000000,0.760000000000000,5
130202040103,Headwaters Arroyo Chijuilla,-0.130000000000000,0.110000000000000,3,-0.110000000000000,0.250000000000000,3,0.020000000000000,0.260000000000000,3,-0.300000000000000,0.120000000000000,2,-0.330000000000000,0.510000000000000,2
130202040104,Outlet Arroyo Chijuilla,-0.470000000000000,0.070000000000000,1,0.050000000000000,0.280000000000000,4,0.260000000000000,0.320000000000000,4,-0.280000000000000,0.120000000000000,2,-0.340000000000000,0.510000000000000,2
130202040105,San Pablo Canyon,0.100000000000000,0.140000000000000,4,0.620000000000000,0.410000000000000,5,0.620000000000000,0.400000000000000,5,-0.490000000000000,0.090000000000000,1,0.950000000000000,0.810000000000000,5
130202040106,Arroyo San Jose-Rio Puerco,0.180000000000000,0.150000000000000,4,0.730000000000000,0.440000000000000,5,0.820000000000000,0.440000000000000,5,-0.340000000000000,0.110000000000000,2,1.210000000000000,0.870000000000000,5
120800010101,Flying M Ranch,-0.880000000000000,0.010000000000000,1,-0.680000000000000,0.120000000000000,1,-0.140000000000000,0.220000000000000,3,-0.050000000000000,0.160000000000000,3,0.090000000000000,0.610000000000000,3
120800010102,Town of Crossroads,-0.890000000000000,0.010000000000000,1,-1.170000000000000,0.010000000000000,1,-0.720000000000000,0.090000000000000,1,-0.060000000000000,0.150000000000000,3,0.010000000000000,0.590000000000000,3
120800010103,120800010103,-0.850000000000000,0.020000000000000,1,-0.920000000000000,0.070000000000000,1,-0.410000000000000,0.160000000000000,2,-0.040000000000000,0.160000000000000,3,0.000000000000000,0.590000000000000,3
110800070802,Fuentes Well-Ute Creek,0.390000000000000,0.180000000000000,5,-0.290000000000000,0.210000000000000,2,0.070000000000000,0.270000000000000,4,0.290000000000000,0.210000000000000,4,-0.310000000000000,0.520000000000000,2
110800070803,Montesito Creek-Ute Creek,0.470000000000000,0.190000000000000,5,-0.170000000000000,0.240000000000000,3,0.120000000000000,0.280000000000000,4,0.370000000000000,0.220000000000000,5,-0.320000000000000,0.510000000000000,2
110800070804,Alamosa Creek-Ute Creek,0.430000000000000,0.190000000000000,5,0.460000000000000,0.380000000000000,5,0.660000000000000,0.410000000000000,5,0.170000000000000,0.190000000000000,4,-0.230000000000000,0.530000000000000,2
110800070805,Ute Reservoir-Ute Creek,1.420000000000000,0.320000000000000,5,-0.220000000000000,0.220000000000000,2,-0.110000000000000,0.230000000000000,3,1.230000000000000,0.350000000000000,5,-0.380000000000000,0.500000000000000,1
110800080101,Headwaters Garcia Creek,-0.160000000000000,0.110000000000000,2,-0.040000000000000,0.260000000000000,3,-0.310000000000000,0.180000000000000,2,0.010000000000000,0.160000000000000,3,-0.130000000000000,0.560000000000000,2
110800080102,Honey Canyon,0.110000000000000,0.140000000000000,4,0.060000000000000,0.290000000000000,4,-0.250000000000000,0.200000000000000,2,0.250000000000000,0.200000000000000,4,-0.140000000000000,0.560000000000000,2
110800080201,Charco Creek,-0.220000000000000,0.100000000000000,2,0.010000000000000,0.270000000000000,3,-0.040000000000000,0.250000000000000,3,-0.170000000000000,0.140000000000000,2,-0.090000000000000,0.570000000000000,2
110800080202,Charco Creek-Plaza Larga Creek,0.120000000000000,0.150000000000000,4,0.180000000000000,0.310000000000000,4,-0.110000000000000,0.230000000000000,3,0.210000000000000,0.190000000000000,4,-0.040000000000000,0.580000000000000,3
110800080203,Adobe Walls Creek,-0.030000000000000,0.120000000000000,3,-0.200000000000000,0.230000000000000,2,-0.300000000000000,0.190000000000000,2,-0.050000000000000,0.150000000000000,3,-0.150000000000000,0.550000000000000,2
110800080204,Garcia Creek-Plaza Larga Creek,0.120000000000000,0.140000000000000,4,-0.120000000000000,0.250000000000000,3,-0.450000000000000,0.150000000000000,2,0.150000000000000,0.180000000000000,4,-0.130000000000000,0.560000000000000,2
110800080301,Puerto Creek,-0.190000000000000,0.100000000000000,2,-0.170000000000000,0.230000000000000,3,-0.160000000000000,0.220000000000000,3,-0.030000000000000,0.160000000000000,3,-0.030000000000000,0.580000000000000,3
110800080302,Upper Barranca Creek,0.080000000000000,0.140000000000000,4,0.100000000000000,0.290000000000000,4,-0.070000000000000,0.240000000000000,3,0.020000000000000,0.170000000000000,3,-0.220000000000000,0.540000000000000,2
110800080303,Saladito Creek,-0.120000000000000,0.110000000000000,3,-0.210000000000000,0.230000000000000,2,-0.140000000000000,0.220000000000000,3,0.000000000000000,0.160000000000000,3,-0.120000000000000,0.560000000000000,2
110800070302,Salado Creek,-0.110000000000000,0.110000000000000,3,-0.450000000000000,0.170000000000000,1,-0.630000000000000,0.110000000000000,1,0.020000000000000,0.170000000000000,3,-0.080000000000000,0.570000000000000,3
130202010610,Las Huertas Creek,0.300000000000000,0.170000000000000,5,1.290000000000000,0.560000000000000,5,1.290000000000000,0.550000000000000,5,-0.380000000000000,0.110000000000000,1,-0.030000000000000,0.580000000000000,3
130202010611,Las Huertas Creek-Rio Grande,0.620000000000000,0.210000000000000,5,0.760000000000000,0.440000000000000,5,0.890000000000000,0.460000000000000,5,0.190000000000000,0.190000000000000,4,-0.570000000000000,0.460000000000000,1
110800070304,Bueyeros Creek,-0.340000000000000,0.080000000000000,2,-0.380000000000000,0.190000000000000,2,-0.510000000000000,0.140000000000000,1,-0.160000000000000,0.140000000000000,2,-0.010000000000000,0.590000000000000,3
110800070305,Bueyeros Creek-Ute Creek,-0.040000000000000,0.120000000000000,3,-0.370000000000000,0.190000000000000,2,-0.500000000000000,0.140000000000000,1,0.130000000000000,0.180000000000000,4,0.010000000000000,0.590000000000000,3
110800070306,Circle Bar Ranch-Ute Creek,0.240000000000000,0.160000000000000,4,-0.530000000000000,0.150000000000000,1,-0.450000000000000,0.150000000000000,2,0.440000000000000,0.230000000000000,5,-0.160000000000000,0.550000000000000,2
110800070402,Spear Draw,-0.490000000000000,0.060000000000000,1,-0.470000000000000,0.170000000000000,1,-0.820000000000000,0.070000000000000,1,-0.040000000000000,0.160000000000000,3,0.270000000000000,0.650000000000000,4
110800070403,Middle Carrizo Creek,-0.470000000000000,0.070000000000000,1,-0.390000000000000,0.190000000000000,2,-0.670000000000000,0.100000000000000,1,-0.040000000000000,0.160000000000000,3,0.280000000000000,0.650000000000000,4
110800070404,Lower Carrizo Creek,-0.500000000000000,0.060000000000000,1,-0.460000000000000,0.170000000000000,1,-0.540000000000000,0.130000000000000,1,-0.240000000000000,0.130000000000000,2,0.240000000000000,0.640000000000000,4
110800070501,Chicosa Lake,-0.600000000000000,0.050000000000000,1,-0.230000000000000,0.220000000000000,2,-0.490000000000000,0.140000000000000,1,-0.040000000000000,0.160000000000000,3,0.250000000000000,0.650000000000000,4
130202070305,Lobo Creek,0.010000000000000,0.130000000000000,3,0.290000000000000,0.340000000000000,4,0.040000000000000,0.260000000000000,3,-0.250000000000000,0.130000000000000,2,-0.080000000000000,0.570000000000000,3
130202070306,Lower San Mateo Creek,-0.160000000000000,0.110000000000000,2,0.010000000000000,0.280000000000000,3,0.100000000000000,0.280000000000000,4,-0.080000000000000,0.150000000000000,3,-1.980000000000000,0.120000000000000,1
130202070307,Stanley and Carol Ranch,0.150000000000000,0.150000000000000,4,-0.030000000000000,0.270000000000000,3,0.010000000000000,0.260000000000000,3,0.190000000000000,0.190000000000000,4,-2.060000000000000,0.110000000000000,1
130202080602,Cottonwood Canyon,-0.090000000000000,0.120000000000000,3,0.360000000000000,0.350000000000000,4,0.150000000000000,0.290000000000000,4,-0.250000000000000,0.120000000000000,2,0.870000000000000,0.790000000000000,5
130202080603,Y Canyon,0.170000000000000,0.150000000000000,4,0.490000000000000,0.380000000000000,5,0.180000000000000,0.300000000000000,4,-0.110000000000000,0.150000000000000,3,0.560000000000000,0.720000000000000,5
130202080701,Alamocito Creek,0.020000000000000,0.130000000000000,3,0.060000000000000,0.290000000000000,4,-0.290000000000000,0.190000000000000,2,-0.210000000000000,0.130000000000000,2,0.640000000000000,0.740000000000000,5
130500010804,Atkinson Flats,-0.470000000000000,0.070000000000000,1,-0.040000000000000,0.270000000000000,3,-0.140000000000000,0.220000000000000,3,0.040000000000000,0.170000000000000,3,0.070000000000000,0.610000000000000,3
130500010901,Headwaters Chavez Draw,0.050000000000000,0.140000000000000,4,-0.220000000000000,0.220000000000000,2,-0.320000000000000,0.180000000000000,2,0.240000000000000,0.200000000000000,4,-0.060000000000000,0.570000000000000,3
130500010902,Outlet Chavez Draw,0.380000000000000,0.180000000000000,5,-0.170000000000000,0.230000000000000,3,-0.440000000000000,0.150000000000000,2,0.470000000000000,0.230000000000000,5,0.110000000000000,0.610000000000000,3
130202060502,Outlet Cebolla Creek,-0.240000000000000,0.100000000000000,2,0.030000000000000,0.280000000000000,3,-0.250000000000000,0.200000000000000,2,-0.350000000000000,0.110000000000000,2,0.240000000000000,0.650000000000000,4
130202060503,130202060503,-0.220000000000000,0.100000000000000,2,-0.140000000000000,0.240000000000000,3,-0.360000000000000,0.170000000000000,2,-0.240000000000000,0.130000000000000,2,0.220000000000000,0.640000000000000,4
130202060601,Cebollita Creek,-0.170000000000000,0.110000000000000,2,0.080000000000000,0.290000000000000,4,-0.210000000000000,0.210000000000000,3,-0.320000000000000,0.110000000000000,2,0.210000000000000,0.640000000000000,4
130202060602,Baca Ranch,0.020000000000000,0.130000000000000,3,0.540000000000000,0.390000000000000,5,0.420000000000000,0.350000000000000,5,-0.170000000000000,0.140000000000000,2,0.020000000000000,0.590000000000000,3
130202060701,Hole in the Wall,-0.190000000000000,0.100000000000000,2,0.230000000000000,0.320000000000000,4,0.070000000000000,0.270000000000000,4,-0.130000000000000,0.140000000000000,3,0.210000000000000,0.640000000000000,4
130202060702,130202060702,0.030000000000000,0.130000000000000,3,0.680000000000000,0.420000000000000,5,0.290000000000000,0.320000000000000,4,-0.250000000000000,0.120000000000000,2,0.200000000000000,0.640000000000000,4
130202060703,Little Hole-in-the-Wall,-0.060000000000000,0.120000000000000,3,-0.080000000000000,0.260000000000000,3,-0.230000000000000,0.200000000000000,2,-0.160000000000000,0.140000000000000,2,0.090000000000000,0.610000000000000,3
130202060704,Agua Fria Creek,-0.170000000000000,0.110000000000000,2,0.370000000000000,0.360000000000000,4,0.040000000000000,0.260000000000000,3,-0.480000000000000,0.090000000000000,1,-0.170000000000000,0.550000000000000,2
130202060705,Bonita Canyon,-0.210000000000000,0.100000000000000,2,0.090000000000000,0.290000000000000,4,-0.150000000000000,0.220000000000000,3,-0.530000000000000,0.080000000000000,1,-0.010000000000000,0.590000000000000,3
130202060706,Log Cabin Canyon,-0.240000000000000,0.100000000000000,2,-0.150000000000000,0.240000000000000,3,-0.260000000000000,0.190000000000000,2,-0.170000000000000,0.140000000000000,2,-0.100000000000000,0.560000000000000,2
130202070101,Upper Mitchell Draw,-0.220000000000000,0.100000000000000,2,-0.170000000000000,0.230000000000000,3,-0.390000000000000,0.170000000000000,2,-0.190000000000000,0.130000000000000,2,-0.850000000000000,0.390000000000000,1
130202070102,Smith Lake,-0.500000000000000,0.060000000000000,1,-0.350000000000000,0.200000000000000,2,-0.230000000000000,0.200000000000000,2,-0.370000000000000,0.110000000000000,2,-1.290000000000000,0.290000000000000,1
130600010203,Rio Mora-Pecos River,0.210000000000000,0.160000000000000,4,1.150000000000000,0.530000000000000,5,1.090000000000000,0.500000000000000,5,-0.430000000000000,0.100000000000000,1,1.020000000000000,0.830000000000000,5
130600010204,Indian Creek-Pecos River,0.390000000000000,0.180000000000000,5,1.310000000000000,0.570000000000000,5,1.390000000000000,0.570000000000000,5,-0.500000000000000,0.090000000000000,1,0.340000000000000,0.670000000000000,4
130600010205,Dry Gulch-Pecos River,0.150000000000000,0.150000000000000,4,1.030000000000000,0.500000000000000,5,1.210000000000000,0.530000000000000,5,-0.700000000000000,0.060000000000000,1,0.310000000000000,0.660000000000000,4
130600010206,Glorieta Creek,0.380000000000000,0.180000000000000,5,0.890000000000000,0.470000000000000,5,0.510000000000000,0.370000000000000,5,-0.370000000000000,0.110000000000000,2,0.140000000000000,0.620000000000000,3
130600010207,Glorieta Creek-Pecos River,-0.040000000000000,0.120000000000000,3,0.560000000000000,0.400000000000000,5,0.360000000000000,0.340000000000000,4,-0.640000000000000,0.070000000000000,1,0.060000000000000,0.600000000000000,3
130600010208,Tortolita Canyon-Pecos River,-0.030000000000000,0.130000000000000,3,0.570000000000000,0.400000000000000,5,0.410000000000000,0.350000000000000,5,-0.570000000000000,0.080000000000000,1,0.150000000000000,0.620000000000000,4
110800060801,Ute Reservoir,2.020000000000000,0.400000000000000,5,-0.270000000000000,0.210000000000000,2,-0.030000000000000,0.250000000000000,3,1.980000000000000,0.460000000000000,5,-0.450000000000000,0.480000000000000,1
110800060802,Sand Springs,0.740000000000000,0.230000000000000,5,-0.080000000000000,0.260000000000000,3,0.150000000000000,0.290000000000000,4,0.620000000000000,0.260000000000000,5,-0.340000000000000,0.510000000000000,2
110800060803,Headwaters Tuscocoillo Canyon,0.330000000000000,0.170000000000000,5,-0.170000000000000,0.240000000000000,3,0.000000000000000,0.260000000000000,3,0.610000000000000,0.250000000000000,5,-0.410000000000000,0.490000000000000,1
110800060804,Outlet Tuscocoillo Canyon,0.330000000000000,0.170000000000000,5,0.010000000000000,0.270000000000000,3,0.110000000000000,0.280000000000000,4,0.530000000000000,0.240000000000000,5,-0.380000000000000,0.500000000000000,1
110800060805,Tuscocoillo Canyon-Canadian River,0.730000000000000,0.230000000000000,5,-0.300000000000000,0.210000000000000,2,-0.060000000000000,0.240000000000000,3,0.560000000000000,0.250000000000000,5,-0.380000000000000,0.500000000000000,1
110800060901,Whorla Blanca Well,0.320000000000000,0.170000000000000,5,-0.290000000000000,0.210000000000000,2,-0.110000000000000,0.230000000000000,3,0.510000000000000,0.240000000000000,5,-0.110000000000000,0.560000000000000,2
110800060902,Butler Draw,0.750000000000000,0.230000000000000,5,-0.280000000000000,0.210000000000000,2,-0.240000000000000,0.200000000000000,2,0.780000000000000,0.280000000000000,5,-0.160000000000000,0.550000000000000,2
110800060903,Shallow Well Draw,0.710000000000000,0.220000000000000,5,-0.320000000000000,0.200000000000000,2,0.010000000000000,0.260000000000000,3,0.600000000000000,0.250000000000000,5,-0.200000000000000,0.540000000000000,2
110800060904,New Jackson Well,1.090000000000000,0.270000000000000,5,0.020000000000000,0.280000000000000,3,0.150000000000000,0.290000000000000,4,0.690000000000000,0.270000000000000,5,-0.290000000000000,0.520000000000000,2
110800060905,East Side Tank-Canadian River,1.030000000000000,0.260000000000000,5,-0.160000000000000,0.240000000000000,3,0.020000000000000,0.260000000000000,3,0.620000000000000,0.260000000000000,5,-0.210000000000000,0.540000000000000,2
110901020206,Pedernal Creek-Tramperos Creek,-0.210000000000000,0.100000000000000,2,-0.410000000000000,0.180000000000000,2,-0.720000000000000,0.090000000000000,1,0.020000000000000,0.170000000000000,3,0.020000000000000,0.590000000000000,3
110800080304,Middle Barranca Creek,0.160000000000000,0.150000000000000,4,0.040000000000000,0.280000000000000,3,-0.140000000000000,0.220000000000000,3,0.250000000000000,0.200000000000000,4,-0.220000000000000,0.540000000000000,2
110800080305,Lower Barranca Creek,0.200000000000000,0.160000000000000,4,-0.280000000000000,0.210000000000000,2,-0.190000000000000,0.210000000000000,3,0.380000000000000,0.220000000000000,5,-0.470000000000000,0.480000000000000,1
110800080401,Apodaca Creek-Plaza Larga Creek,0.240000000000000,0.160000000000000,4,-0.130000000000000,0.240000000000000,3,-0.330000000000000,0.180000000000000,2,0.240000000000000,0.200000000000000,4,-0.190000000000000,0.540000000000000,2
110800080403,Hittson Creek-Plaza Larga Creek,0.040000000000000,0.130000000000000,4,-0.190000000000000,0.230000000000000,2,-0.080000000000000,0.240000000000000,3,0.340000000000000,0.210000000000000,5,-0.390000000000000,0.500000000000000,1
110800080501,Upper Revuelto Creek,0.260000000000000,0.160000000000000,4,0.210000000000000,0.320000000000000,4,0.280000000000000,0.320000000000000,4,0.130000000000000,0.180000000000000,4,-0.280000000000000,0.520000000000000,2
110800080502,Wooten Ranch,0.440000000000000,0.190000000000000,5,-0.230000000000000,0.220000000000000,2,-0.060000000000000,0.240000000000000,3,0.510000000000000,0.240000000000000,5,-0.460000000000000,0.480000000000000,1
110800080503,Middle Revuelto Creek,0.440000000000000,0.190000000000000,5,-0.100000000000000,0.250000000000000,3,0.230000000000000,0.310000000000000,4,0.420000000000000,0.230000000000000,5,-0.480000000000000,0.480000000000000,1
130201011104,Rio Truchas-Rio Grande,-0.090000000000000,0.120000000000000,3,0.810000000000000,0.450000000000000,5,0.620000000000000,0.400000000000000,5,-0.560000000000000,0.080000000000000,1,0.730000000000000,0.760000000000000,5
130201011105,Arroyo del Palacio-Rio Grande,-0.320000000000000,0.090000000000000,2,0.300000000000000,0.340000000000000,4,0.160000000000000,0.290000000000000,4,-0.550000000000000,0.080000000000000,1,0.710000000000000,0.750000000000000,5
130201011106,Arroyo de la Plaza Larga,0.110000000000000,0.140000000000000,4,0.380000000000000,0.360000000000000,4,0.080000000000000,0.270000000000000,4,-0.300000000000000,0.120000000000000,2,0.300000000000000,0.660000000000000,4
130201011107,Rio Chama-Rio Grande,-0.170000000000000,0.110000000000000,2,0.320000000000000,0.340000000000000,4,0.450000000000000,0.360000000000000,5,-0.250000000000000,0.120000000000000,2,0.250000000000000,0.650000000000000,4
130202040201,Arroyo de Los Pinos-Rio Puerco,-0.100000000000000,0.120000000000000,3,0.450000000000000,0.370000000000000,5,0.610000000000000,0.390000000000000,5,-0.510000000000000,0.080000000000000,1,-0.170000000000000,0.550000000000000,2
130202040202,Rincon de Los Viejos-Rio Puerco,-0.030000000000000,0.120000000000000,3,0.330000000000000,0.350000000000000,4,0.590000000000000,0.390000000000000,5,-0.420000000000000,0.100000000000000,1,0.200000000000000,0.640000000000000,4
130202040203,Arroyo Chavez-Rio Puerco,-0.030000000000000,0.130000000000000,3,0.070000000000000,0.290000000000000,4,0.390000000000000,0.340000000000000,4,-0.290000000000000,0.120000000000000,2,-0.090000000000000,0.570000000000000,2
130202040204,La Canada de La Lena-Rio Puerco,-0.070000000000000,0.120000000000000,3,0.180000000000000,0.310000000000000,4,0.640000000000000,0.400000000000000,5,-0.340000000000000,0.110000000000000,2,-0.300000000000000,0.520000000000000,2
130202040301,Upper Salado Creek,-0.230000000000000,0.100000000000000,2,0.220000000000000,0.320000000000000,4,0.270000000000000,0.320000000000000,4,-0.510000000000000,0.090000000000000,1,-0.660000000000000,0.440000000000000,1
130202040302,Middle Salado Creek,-0.240000000000000,0.100000000000000,2,0.070000000000000,0.290000000000000,4,0.200000000000000,0.300000000000000,4,-0.500000000000000,0.090000000000000,1,-0.170000000000000,0.550000000000000,2
130202040303,Lower Salado Creek,0.040000000000000,0.130000000000000,3,-0.090000000000000,0.250000000000000,3,0.280000000000000,0.320000000000000,4,-0.320000000000000,0.110000000000000,2,-0.230000000000000,0.530000000000000,2
130202040401,Guadalupe Canon-Rio Puerco,-0.280000000000000,0.090000000000000,2,0.050000000000000,0.280000000000000,4,0.410000000000000,0.350000000000000,5,-0.560000000000000,0.080000000000000,1,-0.380000000000000,0.500000000000000,1
130202040402,Canon Tapia,-0.420000000000000,0.070000000000000,1,0.040000000000000,0.280000000000000,4,0.380000000000000,0.340000000000000,4,-0.390000000000000,0.100000000000000,1,0.080000000000000,0.610000000000000,3
130600040202,130600040202,-0.480000000000000,0.070000000000000,1,-0.850000000000000,0.080000000000000,1,-0.880000000000000,0.050000000000000,1,0.030000000000000,0.170000000000000,3,-0.210000000000000,0.540000000000000,2
130600040203,Williams Ranch-Alamosa Creek,-0.560000000000000,0.050000000000000,1,-0.830000000000000,0.090000000000000,1,-0.860000000000000,0.060000000000000,1,0.040000000000000,0.170000000000000,4,-0.160000000000000,0.550000000000000,2
130600031206,Outlet Arroyo de La Moya,-0.030000000000000,0.120000000000000,3,-0.410000000000000,0.180000000000000,2,0.000000000000000,0.250000000000000,3,0.440000000000000,0.230000000000000,5,-0.390000000000000,0.500000000000000,1
130600031301,Alkali Lake,-0.850000000000000,0.020000000000000,1,-1.080000000000000,0.030000000000000,1,-0.810000000000000,0.070000000000000,1,-0.140000000000000,0.140000000000000,2,-0.310000000000000,0.520000000000000,2
130600031302,Gammill Ranch,-0.890000000000000,0.010000000000000,1,-1.080000000000000,0.030000000000000,1,-0.720000000000000,0.090000000000000,1,-0.130000000000000,0.140000000000000,3,-0.280000000000000,0.520000000000000,2
130600031303,McDowell Ranch,-0.630000000000000,0.050000000000000,1,-1.110000000000000,0.020000000000000,1,-0.700000000000000,0.090000000000000,1,-0.010000000000000,0.160000000000000,3,-0.330000000000000,0.510000000000000,2
130600031401,Headwaters South Fork of White Draw,-0.920000000000000,0.010000000000000,1,-0.240000000000000,0.220000000000000,2,-0.180000000000000,0.210000000000000,3,-0.120000000000000,0.140000000000000,3,0.000000000000000,0.590000000000000,3
130600031402,Outlet South Fork of White Draw,-0.890000000000000,0.010000000000000,1,-0.580000000000000,0.140000000000000,1,-0.440000000000000,0.150000000000000,2,-0.230000000000000,0.130000000000000,2,-0.110000000000000,0.560000000000000,2
130600031403,130600031403,-0.970000000000000,0.000000000000000,1,-1.000000000000000,0.050000000000000,1,-0.880000000000000,0.050000000000000,1,-0.190000000000000,0.130000000000000,2,-0.170000000000000,0.550000000000000,2
130600031404,Headwaters White Draw,-0.810000000000000,0.020000000000000,1,-0.850000000000000,0.080000000000000,1,-0.660000000000000,0.100000000000000,1,-0.140000000000000,0.140000000000000,2,-0.190000000000000,0.540000000000000,2
130600031405,Outlet White Draw,-0.580000000000000,0.050000000000000,1,-1.000000000000000,0.050000000000000,1,-0.630000000000000,0.110000000000000,1,-0.050000000000000,0.160000000000000,3,-0.340000000000000,0.510000000000000,2
130600031406,Urton Lake,-0.630000000000000,0.050000000000000,1,-1.090000000000000,0.030000000000000,1,-0.490000000000000,0.140000000000000,1,0.020000000000000,0.160000000000000,3,-0.410000000000000,0.490000000000000,1
130600031407,Sand Draw,-0.570000000000000,0.050000000000000,1,-0.930000000000000,0.070000000000000,1,-0.440000000000000,0.150000000000000,2,-0.110000000000000,0.150000000000000,3,-0.310000000000000,0.520000000000000,2
130600031408,Salt Draw,-0.310000000000000,0.090000000000000,2,-0.740000000000000,0.110000000000000,1,-0.460000000000000,0.150000000000000,2,0.200000000000000,0.190000000000000,4,-0.440000000000000,0.480000000000000,1
130600031501,130600031501,-0.690000000000000,0.040000000000000,1,-0.960000000000000,0.060000000000000,1,-0.660000000000000,0.100000000000000,1,-0.110000000000000,0.150000000000000,3,-0.120000000000000,0.560000000000000,2
130600031502,Denton L7 Ranch,-0.440000000000000,0.070000000000000,1,-0.610000000000000,0.140000000000000,1,-0.400000000000000,0.160000000000000,2,0.040000000000000,0.170000000000000,3,-0.150000000000000,0.550000000000000,2
130600031503,Jane Well,-0.460000000000000,0.070000000000000,1,-0.460000000000000,0.170000000000000,1,-0.190000000000000,0.210000000000000,3,0.100000000000000,0.180000000000000,4,-0.300000000000000,0.520000000000000,2
130600031504,Hernandez Draw,-0.210000000000000,0.100000000000000,2,-0.050000000000000,0.260000000000000,3,0.070000000000000,0.270000000000000,4,0.000000000000000,0.160000000000000,3,-0.170000000000000,0.550000000000000,2
130600031601,Conejo Creek,0.360000000000000,0.180000000000000,5,-0.090000000000000,0.250000000000000,3,-0.240000000000000,0.200000000000000,2,0.610000000000000,0.250000000000000,5,-0.360000000000000,0.510000000000000,2
130600031602,Conejo Creek-Pecos River,0.230000000000000,0.160000000000000,4,-0.090000000000000,0.250000000000000,3,0.000000000000000,0.260000000000000,3,0.380000000000000,0.220000000000000,5,-0.460000000000000,0.480000000000000,1
130600031603,Blanco Canyon-Pecos River,0.210000000000000,0.160000000000000,4,-0.450000000000000,0.170000000000000,1,-0.330000000000000,0.180000000000000,2,0.400000000000000,0.220000000000000,5,-0.430000000000000,0.490000000000000,1
130500020103,130500020103,-0.190000000000000,0.100000000000000,2,-0.120000000000000,0.250000000000000,3,-0.720000000000000,0.090000000000000,1,0.170000000000000,0.190000000000000,4,0.070000000000000,0.610000000000000,3
130500020104,130500020104,0.030000000000000,0.130000000000000,3,0.420000000000000,0.370000000000000,5,-0.180000000000000,0.210000000000000,3,0.170000000000000,0.190000000000000,4,0.140000000000000,0.620000000000000,3
130500020105,City of Encino,-0.350000000000000,0.080000000000000,2,-0.400000000000000,0.180000000000000,2,-0.710000000000000,0.090000000000000,1,0.110000000000000,0.180000000000000,4,-0.090000000000000,0.570000000000000,2
130500020106,Dunlap Ranch,-0.160000000000000,0.110000000000000,2,-0.120000000000000,0.250000000000000,3,-0.660000000000000,0.100000000000000,1,0.210000000000000,0.190000000000000,4,-0.100000000000000,0.560000000000000,2
130202070104,130202070104,-0.110000000000000,0.110000000000000,3,-0.050000000000000,0.260000000000000,3,-0.060000000000000,0.240000000000000,3,-0.310000000000000,0.120000000000000,2,-2.430000000000000,0.020000000000000,1
130202070105,Casamero Draw,-0.290000000000000,0.090000000000000,2,-0.230000000000000,0.220000000000000,2,-0.150000000000000,0.220000000000000,3,-0.260000000000000,0.120000000000000,2,-2.480000000000000,0.010000000000000,1
130202070106,Rincon Canyon,-0.060000000000000,0.120000000000000,3,-0.170000000000000,0.230000000000000,3,-0.300000000000000,0.190000000000000,2,-0.080000000000000,0.150000000000000,3,-2.520000000000000,0.000000000000000,1
130202070107,Middle Mitchell Draw,-0.570000000000000,0.050000000000000,1,-0.360000000000000,0.190000000000000,2,-0.470000000000000,0.150000000000000,2,-0.330000000000000,0.110000000000000,2,-1.410000000000000,0.260000000000000,1
130202070108,Lower Mitchell Draw,-0.080000000000000,0.120000000000000,3,-0.250000000000000,0.220000000000000,2,-0.210000000000000,0.210000000000000,3,-0.110000000000000,0.150000000000000,3,-2.510000000000000,0.000000000000000,1
130202070201,Agua Medio-Bluewater Creek,-0.060000000000000,0.120000000000000,3,0.670000000000000,0.420000000000000,5,0.200000000000000,0.300000000000000,4,-0.350000000000000,0.110000000000000,2,-0.330000000000000,0.510000000000000,2
130202070202,Headwaters Cottonwood Creek,-0.340000000000000,0.080000000000000,2,0.020000000000000,0.280000000000000,3,-0.190000000000000,0.210000000000000,3,-0.440000000000000,0.100000000000000,1,-0.800000000000000,0.400000000000000,1
130202070204,Outlet Cottonwood Creek,-0.280000000000000,0.090000000000000,2,-0.310000000000000,0.200000000000000,2,-0.340000000000000,0.180000000000000,2,-0.080000000000000,0.150000000000000,3,-0.680000000000000,0.430000000000000,1
130202070205,Ojo Redondo-Bluewater Creek,-0.140000000000000,0.110000000000000,3,0.370000000000000,0.360000000000000,4,0.100000000000000,0.280000000000000,4,-0.430000000000000,0.100000000000000,1,-0.410000000000000,0.490000000000000,1
130202070206,Bluewater Lake-Bluewater Creek,0.330000000000000,0.170000000000000,5,0.170000000000000,0.310000000000000,4,0.080000000000000,0.270000000000000,4,0.030000000000000,0.170000000000000,3,-0.340000000000000,0.510000000000000,2
130600010501,Valle de La Cabra,0.060000000000000,0.140000000000000,4,-0.040000000000000,0.260000000000000,3,-0.130000000000000,0.220000000000000,3,0.150000000000000,0.180000000000000,4,0.360000000000000,0.670000000000000,4
130600010502,Barbero Canyon,-0.020000000000000,0.130000000000000,3,-0.050000000000000,0.260000000000000,3,-0.210000000000000,0.210000000000000,3,0.070000000000000,0.170000000000000,4,0.480000000000000,0.700000000000000,5
130600010503,Valle Chimal,-0.280000000000000,0.090000000000000,2,0.290000000000000,0.340000000000000,4,0.300000000000000,0.320000000000000,4,-0.180000000000000,0.130000000000000,2,0.360000000000000,0.670000000000000,4
130600010504,Canada del Pueblo,-0.260000000000000,0.090000000000000,2,0.110000000000000,0.300000000000000,4,0.090000000000000,0.280000000000000,4,-0.330000000000000,0.110000000000000,2,0.320000000000000,0.660000000000000,4
130600010505,Canada del Pueblo-Canon Blanco,-0.250000000000000,0.100000000000000,2,-0.010000000000000,0.270000000000000,3,-0.010000000000000,0.250000000000000,3,-0.210000000000000,0.130000000000000,2,0.310000000000000,0.660000000000000,4
130600010601,Arroyo de Los Diegos,-0.180000000000000,0.100000000000000,2,0.380000000000000,0.360000000000000,4,0.370000000000000,0.340000000000000,4,-0.060000000000000,0.150000000000000,3,0.360000000000000,0.670000000000000,4
130600010602,Canon del Jacinto-Canon Blanco,-0.150000000000000,0.110000000000000,2,0.210000000000000,0.320000000000000,4,0.100000000000000,0.280000000000000,4,-0.190000000000000,0.130000000000000,2,0.040000000000000,0.600000000000000,3
130202040403,Canon del Camino-Rio Puerco,-0.200000000000000,0.100000000000000,2,0.150000000000000,0.310000000000000,4,0.340000000000000,0.330000000000000,4,-0.570000000000000,0.080000000000000,1,-0.260000000000000,0.530000000000000,2
130202040404,Canon Jara Lobo-Rio Puerco,-0.050000000000000,0.120000000000000,3,0.170000000000000,0.310000000000000,4,0.420000000000000,0.350000000000000,5,-0.310000000000000,0.120000000000000,2,-0.250000000000000,0.530000000000000,2
130202040405,Hay Meadow Canyon-Rio Puerco,0.070000000000000,0.140000000000000,4,0.160000000000000,0.310000000000000,4,0.340000000000000,0.330000000000000,4,-0.250000000000000,0.120000000000000,2,-0.120000000000000,0.560000000000000,2
130202040501,Upper Canada del Ojo,0.160000000000000,0.150000000000000,4,0.390000000000000,0.360000000000000,4,0.730000000000000,0.420000000000000,5,-0.210000000000000,0.130000000000000,2,-0.120000000000000,0.560000000000000,2
130202040502,Middle Canada del Ojo,0.420000000000000,0.180000000000000,5,1.510000000000000,0.610000000000000,5,1.630000000000000,0.630000000000000,5,0.150000000000000,0.190000000000000,4,-0.300000000000000,0.520000000000000,2
130202040503,Lower Canada del Ojo,0.790000000000000,0.230000000000000,5,0.720000000000000,0.430000000000000,5,0.340000000000000,0.330000000000000,4,0.650000000000000,0.260000000000000,5,-0.510000000000000,0.470000000000000,1
130202040601,Upper Canada de Los Apaches,0.040000000000000,0.130000000000000,3,0.030000000000000,0.280000000000000,3,0.390000000000000,0.340000000000000,4,-0.220000000000000,0.130000000000000,2,0.010000000000000,0.590000000000000,3
110800050306,Neafus Ranch,0.100000000000000,0.140000000000000,4,-0.080000000000000,0.250000000000000,3,-0.100000000000000,0.230000000000000,3,0.080000000000000,0.170000000000000,4,0.050000000000000,0.600000000000000,3
110800050307,Pino Creek,0.170000000000000,0.150000000000000,4,0.020000000000000,0.280000000000000,3,-0.040000000000000,0.250000000000000,3,0.160000000000000,0.190000000000000,4,0.100000000000000,0.610000000000000,3
110800050308,Lower Cuervo Creek,0.160000000000000,0.150000000000000,4,0.040000000000000,0.280000000000000,3,0.170000000000000,0.290000000000000,4,0.040000000000000,0.170000000000000,4,0.070000000000000,0.610000000000000,3
110800050401,Headwaters Corazon Creek,-0.250000000000000,0.100000000000000,2,-0.060000000000000,0.260000000000000,3,0.070000000000000,0.270000000000000,4,-0.270000000000000,0.120000000000000,2,0.030000000000000,0.600000000000000,3
120800010105,Burnett Well,-0.640000000000000,0.040000000000000,1,-0.740000000000000,0.110000000000000,1,-0.150000000000000,0.220000000000000,3,0.150000000000000,0.190000000000000,4,-0.030000000000000,0.580000000000000,3
120800010201,East Well,-0.570000000000000,0.050000000000000,1,-0.790000000000000,0.100000000000000,1,-0.060000000000000,0.240000000000000,3,0.210000000000000,0.190000000000000,4,0.090000000000000,0.610000000000000,3
120800010202,Eagle Hill Cemetery,0.110000000000000,0.140000000000000,4,-0.640000000000000,0.130000000000000,1,-0.300000000000000,0.190000000000000,2,0.800000000000000,0.280000000000000,5,0.120000000000000,0.620000000000000,3
120800010204,120800010204,-0.210000000000000,0.100000000000000,2,-0.830000000000000,0.090000000000000,1,-0.550000000000000,0.130000000000000,1,0.510000000000000,0.240000000000000,5,0.060000000000000,0.600000000000000,3
120800010205,Todd Oil Field,-0.570000000000000,0.050000000000000,1,-0.870000000000000,0.080000000000000,1,-0.550000000000000,0.130000000000000,1,0.190000000000000,0.190000000000000,4,0.030000000000000,0.600000000000000,3
120800010206,Town of Bluit,-0.430000000000000,0.070000000000000,1,-0.790000000000000,0.100000000000000,1,-0.270000000000000,0.190000000000000,2,0.340000000000000,0.210000000000000,5,-0.040000000000000,0.580000000000000,3
120800030102,Wards Draw,-0.820000000000000,0.020000000000000,1,-1.090000000000000,0.030000000000000,1,-0.510000000000000,0.140000000000000,1,-0.020000000000000,0.160000000000000,3,0.030000000000000,0.600000000000000,3
130600031604,South Wylie Draw,0.330000000000000,0.170000000000000,5,-0.120000000000000,0.250000000000000,3,-0.060000000000000,0.240000000000000,3,0.560000000000000,0.250000000000000,5,-0.270000000000000,0.530000000000000,2
130600031605,Wylie Draw,0.480000000000000,0.190000000000000,5,0.280000000000000,0.340000000000000,4,0.230000000000000,0.310000000000000,4,0.690000000000000,0.270000000000000,5,-0.350000000000000,0.510000000000000,2
130202110504,San Jose Arroyo-Rio Grande,0.070000000000000,0.140000000000000,4,0.790000000000000,0.450000000000000,5,0.700000000000000,0.410000000000000,5,-0.470000000000000,0.090000000000000,1,-0.440000000000000,0.480000000000000,1
130202110601,Limestone Canyon-Alamosa Creek,0.120000000000000,0.140000000000000,4,0.260000000000000,0.330000000000000,4,-0.100000000000000,0.230000000000000,3,-0.240000000000000,0.130000000000000,2,0.320000000000000,0.660000000000000,4
130202110602,Big Pigeon Canyon-Alamosa Creek,0.110000000000000,0.140000000000000,4,0.630000000000000,0.410000000000000,5,0.480000000000000,0.360000000000000,5,-0.400000000000000,0.100000000000000,1,0.180000000000000,0.630000000000000,4
130202110603,Little Pigeon Canyon-Alamosa Creek,-0.070000000000000,0.120000000000000,3,0.220000000000000,0.320000000000000,4,0.110000000000000,0.280000000000000,4,-0.300000000000000,0.120000000000000,2,0.170000000000000,0.630000000000000,4
130202110604,Whitewater Canyon-Alamosa Creek,-0.140000000000000,0.110000000000000,3,0.420000000000000,0.370000000000000,5,0.250000000000000,0.310000000000000,4,-0.490000000000000,0.090000000000000,1,0.090000000000000,0.610000000000000,3
130202110605,West Red Canyon,0.110000000000000,0.140000000000000,4,0.910000000000000,0.480000000000000,5,0.770000000000000,0.430000000000000,5,-0.540000000000000,0.080000000000000,1,0.090000000000000,0.610000000000000,3
130202110606,Wahoo Canyon-Alamosa Creek,0.150000000000000,0.150000000000000,4,0.500000000000000,0.380000000000000,5,0.240000000000000,0.310000000000000,4,-0.420000000000000,0.100000000000000,1,0.260000000000000,0.650000000000000,4
130202110607,Sim Yaten Canyon-Alamosa Creek,-0.070000000000000,0.120000000000000,3,0.300000000000000,0.340000000000000,4,0.130000000000000,0.280000000000000,4,-0.530000000000000,0.080000000000000,1,0.220000000000000,0.640000000000000,4
130202110608,Wildhorse Canyon,0.090000000000000,0.140000000000000,4,0.480000000000000,0.380000000000000,5,0.050000000000000,0.270000000000000,4,-0.520000000000000,0.080000000000000,1,0.220000000000000,0.640000000000000,4
130202040705,Rio Puerco Ranch-Rio Puerco,0.420000000000000,0.180000000000000,5,0.130000000000000,0.300000000000000,4,-0.090000000000000,0.230000000000000,3,0.430000000000000,0.230000000000000,5,-0.550000000000000,0.460000000000000,1
130202040706,Canada del Ojo-Rio Puerco,0.380000000000000,0.180000000000000,5,-0.290000000000000,0.210000000000000,2,-0.320000000000000,0.180000000000000,2,0.570000000000000,0.250000000000000,5,-0.460000000000000,0.480000000000000,1
130202040801,Headwaters Arroyo Comanche,0.120000000000000,0.150000000000000,4,1.290000000000000,0.560000000000000,5,1.410000000000000,0.580000000000000,5,0.000000000000000,0.160000000000000,3,-0.410000000000000,0.490000000000000,1
130202040802,Headwaters Arroyo Monte Largo,-0.130000000000000,0.110000000000000,3,1.120000000000000,0.520000000000000,5,1.290000000000000,0.550000000000000,5,-0.170000000000000,0.140000000000000,2,0.020000000000000,0.590000000000000,3
130202040803,Outlet Arroyo Monte Largo,0.270000000000000,0.160000000000000,4,1.590000000000000,0.630000000000000,5,1.620000000000000,0.630000000000000,5,0.110000000000000,0.180000000000000,4,-0.080000000000000,0.570000000000000,3
130202040804,Outlet Arroyo Comanche,0.120000000000000,0.140000000000000,4,-0.180000000000000,0.230000000000000,2,-0.130000000000000,0.230000000000000,3,0.390000000000000,0.220000000000000,5,-0.150000000000000,0.550000000000000,2
130202040901,Headwaters Arroyo Garcia,0.790000000000000,0.230000000000000,5,0.410000000000000,0.370000000000000,5,0.220000000000000,0.310000000000000,4,0.510000000000000,0.240000000000000,5,-1.230000000000000,0.300000000000000,1
130202040902,Outlet Arroyo Garcia,0.560000000000000,0.200000000000000,5,0.760000000000000,0.440000000000000,5,0.530000000000000,0.380000000000000,5,0.190000000000000,0.190000000000000,4,-0.760000000000000,0.410000000000000,1
130202040903,Arroyo Garcia-Rio Puerco,0.560000000000000,0.200000000000000,5,-0.120000000000000,0.250000000000000,3,-0.130000000000000,0.230000000000000,3,0.590000000000000,0.250000000000000,5,-0.400000000000000,0.490000000000000,1
130600010702,Agua de Los Juanes,0.640000000000000,0.210000000000000,5,0.420000000000000,0.370000000000000,5,-0.650000000000000,0.110000000000000,1,0.440000000000000,0.230000000000000,5,0.040000000000000,0.600000000000000,3
130600010703,Moon Ranch,0.630000000000000,0.210000000000000,5,0.670000000000000,0.420000000000000,5,-0.320000000000000,0.180000000000000,2,0.510000000000000,0.240000000000000,5,-0.010000000000000,0.590000000000000,3
130600010704,Laguna Seca,0.160000000000000,0.150000000000000,4,-0.010000000000000,0.270000000000000,3,-0.690000000000000,0.100000000000000,1,0.210000000000000,0.190000000000000,4,0.050000000000000,0.600000000000000,3
130600010801,Porvenir Canyon,0.240000000000000,0.160000000000000,4,1.030000000000000,0.500000000000000,5,1.490000000000000,0.590000000000000,5,-0.580000000000000,0.080000000000000,1,0.520000000000000,0.710000000000000,5
130600010802,Porvenir Canyon-Gallinas Creek,0.350000000000000,0.170000000000000,5,1.050000000000000,0.510000000000000,5,0.900000000000000,0.460000000000000,5,-0.500000000000000,0.090000000000000,1,0.450000000000000,0.690000000000000,5
130600010803,130600010803,-0.190000000000000,0.100000000000000,2,-0.090000000000000,0.250000000000000,3,-0.610000000000000,0.120000000000000,1,0.070000000000000,0.170000000000000,4,0.200000000000000,0.640000000000000,4
130600011103,Red Lake,-0.090000000000000,0.120000000000000,3,-0.380000000000000,0.190000000000000,2,-0.880000000000000,0.050000000000000,1,0.010000000000000,0.160000000000000,3,-0.020000000000000,0.580000000000000,3
130600011104,Canada de Abajo-Pecos River,0.040000000000000,0.130000000000000,3,0.000000000000000,0.270000000000000,3,-0.220000000000000,0.200000000000000,2,-0.070000000000000,0.150000000000000,3,-0.060000000000000,0.580000000000000,3
130600011105,Headwaters Esteros Creek,0.080000000000000,0.140000000000000,4,-0.060000000000000,0.260000000000000,3,-0.630000000000000,0.110000000000000,1,0.150000000000000,0.180000000000000,4,0.040000000000000,0.600000000000000,3
130600011107,Outlet Esteros Creek,0.330000000000000,0.170000000000000,5,-0.070000000000000,0.260000000000000,3,-0.640000000000000,0.110000000000000,1,0.340000000000000,0.210000000000000,5,0.010000000000000,0.590000000000000,3
130600050306,Hasperos Canyon-Arroyo del Macho,-0.060000000000000,0.120000000000000,3,0.030000000000000,0.280000000000000,3,-0.170000000000000,0.220000000000000,3,-0.070000000000000,0.150000000000000,3,-0.030000000000000,0.580000000000000,3
130600050401,Upper Middle Arroyo,-0.160000000000000,0.110000000000000,2,-0.110000000000000,0.250000000000000,3,-0.190000000000000,0.210000000000000,3,0.070000000000000,0.170000000000000,4,0.110000000000000,0.610000000000000,3
130600050402,Middle Middle Arroyo,0.020000000000000,0.130000000000000,3,-0.110000000000000,0.250000000000000,3,-0.330000000000000,0.180000000000000,2,0.100000000000000,0.180000000000000,4,-0.170000000000000,0.550000000000000,2
130600050403,Walnut Draw,0.080000000000000,0.140000000000000,4,-0.220000000000000,0.220000000000000,2,-0.250000000000000,0.200000000000000,2,0.130000000000000,0.180000000000000,4,-0.210000000000000,0.540000000000000,2
130600050404,Lower Middle Arroyo,0.040000000000000,0.130000000000000,3,-0.140000000000000,0.240000000000000,3,-0.240000000000000,0.200000000000000,2,0.130000000000000,0.180000000000000,4,-0.250000000000000,0.530000000000000,2
130600050501,Copeland Canyon-Seco Arroyo,-0.180000000000000,0.100000000000000,2,0.640000000000000,0.420000000000000,5,0.830000000000000,0.440000000000000,5,-0.400000000000000,0.100000000000000,1,0.340000000000000,0.670000000000000,4
130600050502,Red Lick Canyon,-0.130000000000000,0.110000000000000,3,0.440000000000000,0.370000000000000,5,0.730000000000000,0.420000000000000,5,-0.390000000000000,0.100000000000000,1,-0.030000000000000,0.580000000000000,3
130600050503,Arroyo Serrano,0.020000000000000,0.130000000000000,3,0.220000000000000,0.320000000000000,4,0.190000000000000,0.300000000000000,4,-0.310000000000000,0.120000000000000,2,-0.120000000000000,0.560000000000000,2
130600050504,Zeufeldt Arroyo,0.080000000000000,0.140000000000000,4,0.380000000000000,0.360000000000000,4,0.280000000000000,0.320000000000000,4,-0.220000000000000,0.130000000000000,2,0.010000000000000,0.590000000000000,3
130600050505,Zeufeldt Arroyo-Seco Arroyo,0.130000000000000,0.150000000000000,4,0.060000000000000,0.290000000000000,4,-0.140000000000000,0.220000000000000,3,-0.050000000000000,0.160000000000000,3,-0.080000000000000,0.570000000000000,3
130600050506,Chimney Canyon-Salt Creek,-0.060000000000000,0.120000000000000,3,-0.010000000000000,0.270000000000000,3,-0.060000000000000,0.240000000000000,3,-0.060000000000000,0.150000000000000,3,-0.150000000000000,0.550000000000000,2
110400010701,Box Canyon,-0.460000000000000,0.070000000000000,1,-0.360000000000000,0.190000000000000,2,-0.250000000000000,0.200000000000000,2,-0.280000000000000,0.120000000000000,2,0.410000000000000,0.680000000000000,5
110400010702,Headwaters Carrizozo Creek,-0.540000000000000,0.060000000000000,1,-0.350000000000000,0.190000000000000,2,-0.570000000000000,0.130000000000000,1,-0.200000000000000,0.130000000000000,2,0.370000000000000,0.680000000000000,4
110400010703,Headwaters Road Canyon,-0.510000000000000,0.060000000000000,1,-0.430000000000000,0.180000000000000,2,-0.650000000000000,0.110000000000000,1,-0.090000000000000,0.150000000000000,3,0.420000000000000,0.690000000000000,5
110400011002,Flathead Canyon-Dry Cimarron River,-0.400000000000000,0.080000000000000,1,0.070000000000000,0.290000000000000,4,0.090000000000000,0.270000000000000,4,-0.320000000000000,0.110000000000000,2,0.320000000000000,0.660000000000000,4
110400011004,Sloan Creek,-0.170000000000000,0.110000000000000,2,0.290000000000000,0.340000000000000,4,0.320000000000000,0.330000000000000,4,-0.290000000000000,0.120000000000000,2,0.340000000000000,0.670000000000000,4
110800010102,Little Water Creek,-0.410000000000000,0.070000000000000,1,-0.230000000000000,0.220000000000000,2,-0.380000000000000,0.170000000000000,2,-0.330000000000000,0.110000000000000,2,1.070000000000000,0.840000000000000,5
110800010103,Headwaters Una de Gato Creek,-0.220000000000000,0.100000000000000,2,0.370000000000000,0.360000000000000,4,0.340000000000000,0.330000000000000,4,-0.250000000000000,0.120000000000000,2,1.180000000000000,0.870000000000000,5
110800010105,Middle Chicorica Creek,-0.100000000000000,0.120000000000000,3,-0.280000000000000,0.210000000000000,2,-0.160000000000000,0.220000000000000,3,-0.170000000000000,0.140000000000000,2,1.000000000000000,0.820000000000000,5
110800010106,Black Mesa Arroyo,-0.030000000000000,0.120000000000000,3,-0.240000000000000,0.220000000000000,2,-0.310000000000000,0.180000000000000,2,-0.090000000000000,0.150000000000000,3,0.820000000000000,0.780000000000000,5
110800010107,Outlet Una de Gato Creek,-0.390000000000000,0.080000000000000,1,-0.380000000000000,0.190000000000000,2,-0.500000000000000,0.140000000000000,1,-0.170000000000000,0.140000000000000,2,0.640000000000000,0.740000000000000,5
130202070401,Limekiln Canyon,-0.490000000000000,0.060000000000000,1,-0.150000000000000,0.240000000000000,3,-0.370000000000000,0.170000000000000,2,-0.560000000000000,0.080000000000000,1,-0.860000000000000,0.390000000000000,1
130202070402,Prop Canyon-Rio San Jose,-0.320000000000000,0.090000000000000,2,-0.170000000000000,0.230000000000000,3,0.000000000000000,0.250000000000000,3,-0.280000000000000,0.120000000000000,2,-2.190000000000000,0.080000000000000,1
130202070403,Zuni Canyon,-0.280000000000000,0.090000000000000,2,0.160000000000000,0.310000000000000,4,-0.050000000000000,0.240000000000000,3,-0.660000000000000,0.060000000000000,1,-0.290000000000000,0.520000000000000,2
110800080402,Hittson Creek,0.240000000000000,0.160000000000000,4,-0.490000000000000,0.160000000000000,1,-0.070000000000000,0.240000000000000,3,0.520000000000000,0.240000000000000,5,-0.520000000000000,0.470000000000000,1
110800080504,Lower Revuelto Creek,0.710000000000000,0.220000000000000,5,-0.160000000000000,0.240000000000000,3,0.130000000000000,0.280000000000000,4,0.430000000000000,0.230000000000000,5,-0.410000000000000,0.490000000000000,1
110901010101,Gregg Well,0.440000000000000,0.190000000000000,5,-0.140000000000000,0.240000000000000,3,-0.090000000000000,0.240000000000000,3,0.660000000000000,0.260000000000000,5,-0.040000000000000,0.580000000000000,3
110901010102,Town of Honeywell,0.660000000000000,0.220000000000000,5,-0.350000000000000,0.190000000000000,2,-0.330000000000000,0.180000000000000,2,0.810000000000000,0.280000000000000,5,-0.110000000000000,0.560000000000000,2
110901010103,Sager Draw,1.100000000000000,0.270000000000000,5,-0.160000000000000,0.240000000000000,3,-0.100000000000000,0.230000000000000,3,0.920000000000000,0.300000000000000,5,-0.210000000000000,0.540000000000000,2
110901010201,Matis Lake,-0.220000000000000,0.100000000000000,2,-0.540000000000000,0.150000000000000,1,-0.520000000000000,0.140000000000000,1,0.270000000000000,0.200000000000000,4,-0.010000000000000,0.590000000000000,3
110901010202,North Fork-Minneosa Creek,0.080000000000000,0.140000000000000,4,-0.610000000000000,0.140000000000000,1,-0.680000000000000,0.100000000000000,1,0.410000000000000,0.220000000000000,5,0.000000000000000,0.590000000000000,3
110901010301,Headwaters San Juan Creek,0.010000000000000,0.130000000000000,3,-0.060000000000000,0.260000000000000,3,0.050000000000000,0.270000000000000,4,0.350000000000000,0.220000000000000,5,-0.270000000000000,0.520000000000000,2
110901010302,Outlet San Juan Creek,0.450000000000000,0.190000000000000,5,-0.360000000000000,0.190000000000000,2,-0.240000000000000,0.200000000000000,2,0.500000000000000,0.240000000000000,5,-0.240000000000000,0.530000000000000,2
110901010303,Dripping Spring Canyon,0.000000000000000,0.130000000000000,3,0.050000000000000,0.280000000000000,4,-0.020000000000000,0.250000000000000,3,0.140000000000000,0.180000000000000,4,-0.110000000000000,0.560000000000000,2
110901010304,Dripping Spring Canyon-Trujillo Arroyo,0.160000000000000,0.150000000000000,4,-0.040000000000000,0.260000000000000,3,-0.070000000000000,0.240000000000000,3,0.240000000000000,0.200000000000000,4,-0.120000000000000,0.560000000000000,2
110901010402,110901010402,0.790000000000000,0.230000000000000,5,-0.270000000000000,0.210000000000000,2,-0.030000000000000,0.250000000000000,3,0.840000000000000,0.290000000000000,5,-0.300000000000000,0.520000000000000,2
130202040904,130202040904-Rio Puerco,0.490000000000000,0.190000000000000,5,-0.320000000000000,0.200000000000000,2,-0.320000000000000,0.180000000000000,2,0.600000000000000,0.250000000000000,5,-0.320000000000000,0.510000000000000,2
130202040905,Target Reservoir-Rio Puerco,0.640000000000000,0.210000000000000,5,-0.010000000000000,0.270000000000000,3,-0.150000000000000,0.220000000000000,3,0.690000000000000,0.270000000000000,5,-0.680000000000000,0.430000000000000,1
130202040906,Pedro Draw-Rio Puerco,0.680000000000000,0.220000000000000,5,-0.260000000000000,0.210000000000000,2,-0.250000000000000,0.200000000000000,2,0.730000000000000,0.270000000000000,5,-0.450000000000000,0.480000000000000,1
130202041001,Coyote Draw,0.050000000000000,0.130000000000000,4,0.200000000000000,0.320000000000000,4,0.300000000000000,0.320000000000000,4,-0.120000000000000,0.140000000000000,3,-0.180000000000000,0.550000000000000,2
130202041002,Headwaters Arroyo Alamito,0.380000000000000,0.180000000000000,5,0.470000000000000,0.380000000000000,5,0.290000000000000,0.320000000000000,4,0.410000000000000,0.220000000000000,5,-0.090000000000000,0.570000000000000,2
130202041003,Outlet Arroyo Alamito,0.610000000000000,0.210000000000000,5,0.340000000000000,0.350000000000000,4,0.130000000000000,0.280000000000000,4,0.390000000000000,0.220000000000000,5,-0.130000000000000,0.560000000000000,2
130202041101,Mariano Draw,0.660000000000000,0.220000000000000,5,0.470000000000000,0.380000000000000,5,0.360000000000000,0.340000000000000,4,0.430000000000000,0.230000000000000,5,-0.020000000000000,0.580000000000000,3
130202041102,Arroyo Alamito-Rio Puerco,1.070000000000000,0.270000000000000,5,-0.320000000000000,0.200000000000000,2,-0.350000000000000,0.180000000000000,2,0.910000000000000,0.300000000000000,5,-0.440000000000000,0.490000000000000,1
130202041103,Canada Colorado-Rio Puerco,1.230000000000000,0.290000000000000,5,0.120000000000000,0.300000000000000,4,0.030000000000000,0.260000000000000,3,0.810000000000000,0.280000000000000,5,-0.240000000000000,0.530000000000000,2
130202050101,San Lucas Canyon,-0.280000000000000,0.090000000000000,2,0.230000000000000,0.320000000000000,4,0.010000000000000,0.260000000000000,3,-0.420000000000000,0.100000000000000,1,-0.120000000000000,0.560000000000000,2
130202050102,Headwaters San Miguel Creek,-0.050000000000000,0.120000000000000,3,0.260000000000000,0.330000000000000,4,0.050000000000000,0.270000000000000,3,-0.080000000000000,0.150000000000000,3,-0.520000000000000,0.470000000000000,1
140801050704,Rattlesnake Wash-San Juan River,0.430000000000000,0.190000000000000,5,-0.300000000000000,0.210000000000000,2,0.450000000000000,0.360000000000000,5,0.670000000000000,0.260000000000000,5,-0.360000000000000,0.500000000000000,1
140801050801,Headwaters Little Shiprock Wash,-0.490000000000000,0.060000000000000,1,-0.250000000000000,0.220000000000000,2,-0.050000000000000,0.240000000000000,3,-0.500000000000000,0.090000000000000,1,0.380000000000000,0.680000000000000,4
140801050802,Upper Shiprock Wash,-0.300000000000000,0.090000000000000,2,-0.470000000000000,0.170000000000000,1,-0.270000000000000,0.190000000000000,2,0.120000000000000,0.180000000000000,4,0.080000000000000,0.610000000000000,3
140801050803,Outlet Little Shiprock Wash,-0.060000000000000,0.120000000000000,3,-0.440000000000000,0.170000000000000,2,0.120000000000000,0.280000000000000,4,0.030000000000000,0.170000000000000,3,0.450000000000000,0.690000000000000,5
140801050804,Middle Shiprock Wash,-0.020000000000000,0.130000000000000,3,-0.620000000000000,0.130000000000000,1,-0.020000000000000,0.250000000000000,3,0.410000000000000,0.220000000000000,5,-0.270000000000000,0.530000000000000,2
140801061203,Outlet Red Willow Wash,-0.590000000000000,0.050000000000000,1,-0.470000000000000,0.170000000000000,1,-0.060000000000000,0.240000000000000,3,-0.160000000000000,0.140000000000000,2,-0.370000000000000,0.500000000000000,1
140801061301,Red Willow Creek-Coyote Wash,-0.260000000000000,0.090000000000000,2,-0.410000000000000,0.180000000000000,2,-0.030000000000000,0.250000000000000,3,0.120000000000000,0.180000000000000,4,-1.310000000000000,0.280000000000000,1
140801061302,Grey Hill Spring,-0.530000000000000,0.060000000000000,1,-0.550000000000000,0.150000000000000,1,-0.280000000000000,0.190000000000000,2,-0.130000000000000,0.140000000000000,3,-0.730000000000000,0.420000000000000,1
140801061303,140801061303,-0.600000000000000,0.050000000000000,1,-0.540000000000000,0.150000000000000,1,-0.140000000000000,0.220000000000000,3,-0.150000000000000,0.140000000000000,2,-0.870000000000000,0.390000000000000,1
130600010301,Cabo Lucero Creek-Tecolote Creek,0.120000000000000,0.140000000000000,4,0.670000000000000,0.420000000000000,5,0.480000000000000,0.360000000000000,5,-0.530000000000000,0.080000000000000,1,0.290000000000000,0.660000000000000,4
130600010302,Canon Mesteno-Tecolote Creek,-0.040000000000000,0.120000000000000,3,0.380000000000000,0.360000000000000,4,0.440000000000000,0.360000000000000,5,-0.300000000000000,0.120000000000000,2,0.260000000000000,0.650000000000000,4
130600010303,Ojitos Frios Creek-Tecolote Creek,-0.190000000000000,0.100000000000000,2,0.160000000000000,0.310000000000000,4,0.150000000000000,0.290000000000000,4,-0.430000000000000,0.100000000000000,1,0.170000000000000,0.630000000000000,4
130600010304,Arroyo Manga-Tecolote Creek,-0.180000000000000,0.100000000000000,2,-0.170000000000000,0.240000000000000,3,0.130000000000000,0.280000000000000,4,-0.350000000000000,0.110000000000000,2,0.040000000000000,0.600000000000000,3
130600010305,Tres Hermanos Creek,-0.360000000000000,0.080000000000000,2,-0.070000000000000,0.260000000000000,3,-0.060000000000000,0.240000000000000,3,-0.570000000000000,0.080000000000000,1,0.110000000000000,0.620000000000000,3
130600010306,Tres Hermanos Creek-Tecolote Creek,0.210000000000000,0.160000000000000,4,0.150000000000000,0.310000000000000,4,0.100000000000000,0.280000000000000,4,-0.100000000000000,0.150000000000000,3,0.110000000000000,0.610000000000000,3
130600010307,Arroyo Leguino,0.010000000000000,0.130000000000000,3,1.130000000000000,0.530000000000000,5,0.970000000000000,0.480000000000000,5,0.000000000000000,0.160000000000000,3,0.020000000000000,0.590000000000000,3
130600010308,Arroyo Leguino-Tecolote Creek,-0.100000000000000,0.120000000000000,3,0.350000000000000,0.350000000000000,4,0.210000000000000,0.300000000000000,4,-0.200000000000000,0.130000000000000,2,0.010000000000000,0.590000000000000,3
130600010401,El Rito,-0.280000000000000,0.090000000000000,2,0.610000000000000,0.410000000000000,5,0.650000000000000,0.400000000000000,5,-0.710000000000000,0.060000000000000,1,0.170000000000000,0.630000000000000,4
130600010402,Manzanarez Canyon-Pecos River,-0.020000000000000,0.130000000000000,3,0.100000000000000,0.300000000000000,4,0.090000000000000,0.280000000000000,4,-0.340000000000000,0.110000000000000,2,0.170000000000000,0.630000000000000,4
130600010403,Arroyo del Vegoso-Pecos River,-0.240000000000000,0.100000000000000,2,-0.130000000000000,0.240000000000000,3,0.010000000000000,0.260000000000000,3,-0.490000000000000,0.090000000000000,1,0.080000000000000,0.610000000000000,3
130600010405,El Canon de Pena-Pecos River,-0.310000000000000,0.090000000000000,2,-0.080000000000000,0.260000000000000,3,0.250000000000000,0.310000000000000,4,-0.500000000000000,0.090000000000000,1,0.030000000000000,0.600000000000000,3
130600010406,El Fileto Canon,-0.070000000000000,0.120000000000000,3,0.080000000000000,0.290000000000000,4,0.100000000000000,0.280000000000000,4,-0.030000000000000,0.160000000000000,3,0.120000000000000,0.620000000000000,3
130600010407,El Fileto Canon-Pecos River,0.040000000000000,0.130000000000000,3,0.040000000000000,0.280000000000000,4,0.010000000000000,0.260000000000000,3,-0.020000000000000,0.160000000000000,3,0.020000000000000,0.590000000000000,3
130600050802,Outlet Cowboy Draw,0.220000000000000,0.160000000000000,4,-0.080000000000000,0.250000000000000,3,-0.430000000000000,0.160000000000000,2,0.160000000000000,0.190000000000000,4,-0.470000000000000,0.480000000000000,1
130600050803,China Draw,0.050000000000000,0.130000000000000,4,-0.180000000000000,0.230000000000000,3,-0.330000000000000,0.180000000000000,2,0.140000000000000,0.180000000000000,4,-0.350000000000000,0.510000000000000,2
130600050804,China Draw-Arroyo del Macho,0.230000000000000,0.160000000000000,4,-0.170000000000000,0.230000000000000,3,-0.140000000000000,0.220000000000000,3,0.160000000000000,0.190000000000000,4,-0.460000000000000,0.480000000000000,1
130600050805,Rock House Canyon,0.000000000000000,0.130000000000000,3,-0.240000000000000,0.220000000000000,2,-0.390000000000000,0.170000000000000,2,-0.080000000000000,0.150000000000000,3,-0.350000000000000,0.510000000000000,2
130600050806,Marley Draw,0.090000000000000,0.140000000000000,4,-0.480000000000000,0.160000000000000,1,-0.420000000000000,0.160000000000000,2,0.460000000000000,0.230000000000000,5,-0.410000000000000,0.490000000000000,1
130202070404,Zuni Canyon-Rio San Jose,-0.220000000000000,0.100000000000000,2,-0.260000000000000,0.210000000000000,2,-0.130000000000000,0.230000000000000,3,-0.140000000000000,0.140000000000000,2,-0.990000000000000,0.360000000000000,1
130202070405,Log Cabin Canyon-Rio San Jose,-0.210000000000000,0.100000000000000,2,-0.070000000000000,0.260000000000000,3,0.020000000000000,0.260000000000000,3,-0.180000000000000,0.140000000000000,2,0.130000000000000,0.620000000000000,3
130202070406,Horace Mesa-Rio San Jose,-0.180000000000000,0.110000000000000,2,-0.010000000000000,0.270000000000000,3,0.110000000000000,0.280000000000000,4,-0.200000000000000,0.130000000000000,2,0.140000000000000,0.620000000000000,3
110800070507,Las Cuevas Canyon-Tequesquite Creek,-0.480000000000000,0.070000000000000,1,-0.110000000000000,0.250000000000000,3,-0.330000000000000,0.180000000000000,2,-0.170000000000000,0.140000000000000,2,0.240000000000000,0.640000000000000,4
110800070601,Arroyo de La Cejita,0.180000000000000,0.150000000000000,4,-0.390000000000000,0.190000000000000,2,-0.520000000000000,0.140000000000000,1,0.360000000000000,0.220000000000000,5,-0.080000000000000,0.570000000000000,3
110800070602,Salt Lakes,0.350000000000000,0.170000000000000,5,-0.170000000000000,0.230000000000000,3,-0.220000000000000,0.200000000000000,2,0.520000000000000,0.240000000000000,5,-0.140000000000000,0.560000000000000,2
120800040201,Upper Eightmile Draw,-0.520000000000000,0.060000000000000,1,-0.950000000000000,0.060000000000000,1,-0.740000000000000,0.090000000000000,1,0.130000000000000,0.180000000000000,4,0.200000000000000,0.640000000000000,4
130202020101,Rito Penas Negras,0.500000000000000,0.200000000000000,5,0.850000000000000,0.460000000000000,5,0.780000000000000,0.430000000000000,5,-0.380000000000000,0.100000000000000,1,0.050000000000000,0.600000000000000,3
130202020102,Headwaters Rio de Las Vacas,0.550000000000000,0.200000000000000,5,1.290000000000000,0.560000000000000,5,1.140000000000000,0.510000000000000,5,-0.220000000000000,0.130000000000000,2,0.180000000000000,0.630000000000000,4
130202020103,Headwaters Rio Cebolla,0.450000000000000,0.190000000000000,5,1.460000000000000,0.600000000000000,5,1.470000000000000,0.590000000000000,5,-0.580000000000000,0.070000000000000,1,0.160000000000000,0.630000000000000,4
130202020104,Outlet Rio Cebolla,0.390000000000000,0.180000000000000,5,1.360000000000000,0.580000000000000,5,1.310000000000000,0.550000000000000,5,-0.430000000000000,0.100000000000000,1,0.230000000000000,0.640000000000000,4
130202020105,Outlet Rio de Las Vacas,0.320000000000000,0.170000000000000,5,1.150000000000000,0.530000000000000,5,1.140000000000000,0.510000000000000,5,-0.590000000000000,0.070000000000000,1,0.210000000000000,0.640000000000000,4
130202020106,Virgin Canyon,0.050000000000000,0.140000000000000,4,1.060000000000000,0.510000000000000,5,1.130000000000000,0.510000000000000,5,-0.580000000000000,0.070000000000000,1,0.560000000000000,0.720000000000000,5
130202020107,Rio Guadalupe,0.150000000000000,0.150000000000000,4,1.010000000000000,0.500000000000000,5,0.920000000000000,0.460000000000000,5,-0.560000000000000,0.080000000000000,1,0.360000000000000,0.670000000000000,4
130202020201,Headwaters San Antonio Creek,0.720000000000000,0.220000000000000,5,2.440000000000000,0.820000000000000,5,2.000000000000000,0.710000000000000,5,-0.080000000000000,0.150000000000000,3,0.290000000000000,0.660000000000000,4
130202020202,Sulphur Creek,0.490000000000000,0.190000000000000,5,1.780000000000000,0.670000000000000,5,1.610000000000000,0.620000000000000,5,-0.410000000000000,0.100000000000000,1,0.250000000000000,0.650000000000000,4
130202020203,East Fork Jemez River,0.740000000000000,0.230000000000000,5,3.250000000000000,1.000000000000000,5,2.700000000000000,0.870000000000000,5,0.000000000000000,0.160000000000000,3,0.220000000000000,0.640000000000000,4
130202020204,Outlet San Antonio Creek,0.520000000000000,0.200000000000000,5,1.240000000000000,0.550000000000000,5,1.170000000000000,0.520000000000000,5,-0.510000000000000,0.080000000000000,1,0.200000000000000,0.640000000000000,4
110800030506,Canon las Cuevitas-Canon Hondo,-0.390000000000000,0.080000000000000,1,-0.290000000000000,0.210000000000000,2,-0.370000000000000,0.170000000000000,2,-0.120000000000000,0.140000000000000,3,0.320000000000000,0.660000000000000,4
110800050402,Outlet Corazon Creek,0.000000000000000,0.130000000000000,3,-0.150000000000000,0.240000000000000,3,-0.380000000000000,0.170000000000000,2,0.020000000000000,0.170000000000000,3,0.030000000000000,0.590000000000000,3
110800050403,Corazon Creek-Conchas River,0.070000000000000,0.140000000000000,4,0.030000000000000,0.280000000000000,3,-0.350000000000000,0.170000000000000,2,0.200000000000000,0.190000000000000,4,0.040000000000000,0.600000000000000,3
110800050404,Saladito Creek-Conchas River,0.180000000000000,0.150000000000000,4,-0.140000000000000,0.240000000000000,3,-0.240000000000000,0.200000000000000,2,0.120000000000000,0.180000000000000,4,0.070000000000000,0.610000000000000,3
110800050405,Arroyo Rendia,-0.170000000000000,0.110000000000000,2,-0.180000000000000,0.230000000000000,3,-0.200000000000000,0.210000000000000,3,-0.110000000000000,0.150000000000000,3,0.120000000000000,0.620000000000000,3
110800050406,Headwaters Trementina Creek,-0.250000000000000,0.100000000000000,2,0.120000000000000,0.300000000000000,4,0.120000000000000,0.280000000000000,4,-0.470000000000000,0.090000000000000,1,0.050000000000000,0.600000000000000,3
110800050407,Outlet Trementina Creek,0.160000000000000,0.150000000000000,4,-0.140000000000000,0.240000000000000,3,-0.250000000000000,0.200000000000000,2,0.140000000000000,0.180000000000000,4,0.030000000000000,0.600000000000000,3
110800050408,Conchas Lake,4.000000000000000,0.660000000000000,5,-0.170000000000000,0.240000000000000,3,-0.170000000000000,0.220000000000000,3,3.550000000000000,0.700000000000000,5,-0.080000000000000,0.570000000000000,3
110800060101,Canon Bestias-La Cinta Creek,-0.390000000000000,0.080000000000000,1,-0.250000000000000,0.220000000000000,2,-0.240000000000000,0.200000000000000,2,-0.280000000000000,0.120000000000000,2,0.140000000000000,0.620000000000000,3
110800060102,Burro Creek,-0.360000000000000,0.080000000000000,2,-0.480000000000000,0.170000000000000,1,-0.650000000000000,0.110000000000000,1,-0.130000000000000,0.140000000000000,3,0.180000000000000,0.630000000000000,4
110901020101,Upper Pinabetes Creek,-0.390000000000000,0.080000000000000,1,-0.460000000000000,0.170000000000000,1,-0.590000000000000,0.120000000000000,1,-0.040000000000000,0.160000000000000,3,0.210000000000000,0.640000000000000,4
130202090106,Blue Mesa Canyon-Alamocita Creek,-0.050000000000000,0.120000000000000,3,0.550000000000000,0.400000000000000,5,0.330000000000000,0.330000000000000,4,-0.380000000000000,0.110000000000000,1,0.360000000000000,0.670000000000000,4
130202090201,Pine Springs Canyon-Rio Salado,-0.090000000000000,0.120000000000000,3,0.320000000000000,0.340000000000000,4,-0.150000000000000,0.220000000000000,3,-0.690000000000000,0.060000000000000,1,0.400000000000000,0.680000000000000,5
130202090202,Miguel Chavez Canyon-Rio Salado,-0.100000000000000,0.120000000000000,3,0.080000000000000,0.290000000000000,4,-0.070000000000000,0.240000000000000,3,-0.480000000000000,0.090000000000000,1,0.310000000000000,0.660000000000000,4
130202090301,Headwaters Gallegos Creek,-0.100000000000000,0.120000000000000,3,-0.110000000000000,0.250000000000000,3,-0.320000000000000,0.180000000000000,2,-0.240000000000000,0.130000000000000,2,0.330000000000000,0.670000000000000,4
130202090302,Outlet Gallegos Creek,-0.020000000000000,0.130000000000000,3,-0.090000000000000,0.250000000000000,3,-0.260000000000000,0.200000000000000,2,-0.070000000000000,0.150000000000000,3,0.290000000000000,0.660000000000000,4
130202090401,Chicken Mountain Draw,0.140000000000000,0.150000000000000,4,0.140000000000000,0.300000000000000,4,-0.250000000000000,0.200000000000000,2,-0.240000000000000,0.130000000000000,2,0.130000000000000,0.620000000000000,3
130202090402,Waterbury Draw,-0.140000000000000,0.110000000000000,3,-0.120000000000000,0.250000000000000,3,-0.160000000000000,0.220000000000000,3,-0.040000000000000,0.160000000000000,3,0.200000000000000,0.640000000000000,4
130202090403,Headwaters Canada Bonita,-0.180000000000000,0.110000000000000,2,-0.010000000000000,0.270000000000000,3,-0.190000000000000,0.210000000000000,3,-0.120000000000000,0.140000000000000,3,0.220000000000000,0.640000000000000,4
130202090404,Outlet Canada Bonita,-0.110000000000000,0.110000000000000,3,-0.020000000000000,0.270000000000000,3,0.100000000000000,0.280000000000000,4,-0.150000000000000,0.140000000000000,2,-0.090000000000000,0.570000000000000,2
140801061304,Naschitti Wash,-0.680000000000000,0.040000000000000,1,-0.550000000000000,0.150000000000000,1,-0.250000000000000,0.200000000000000,2,-0.470000000000000,0.090000000000000,1,-0.510000000000000,0.470000000000000,1
140801061305,Salt Springs Wash,-0.690000000000000,0.040000000000000,1,-0.330000000000000,0.200000000000000,2,-0.110000000000000,0.230000000000000,3,-0.510000000000000,0.090000000000000,1,-0.660000000000000,0.430000000000000,1
140801061306,140801061306,-0.640000000000000,0.040000000000000,1,-0.600000000000000,0.140000000000000,1,-0.310000000000000,0.180000000000000,2,-0.390000000000000,0.100000000000000,1,-0.650000000000000,0.440000000000000,1
140801061307,Salt Springs Wash-Coyote Canyon,-0.390000000000000,0.080000000000000,1,-0.280000000000000,0.210000000000000,2,0.170000000000000,0.290000000000000,4,-0.130000000000000,0.140000000000000,3,-2.130000000000000,0.090000000000000,1
140801061401,140801061401-Hunter Wash,-0.460000000000000,0.070000000000000,1,-0.530000000000000,0.150000000000000,1,-0.060000000000000,0.240000000000000,3,-0.370000000000000,0.110000000000000,2,-0.420000000000000,0.490000000000000,1
140801061402,Bisti Trading Post-Hunter Wash,-0.420000000000000,0.070000000000000,1,-0.350000000000000,0.200000000000000,2,0.020000000000000,0.260000000000000,3,-0.230000000000000,0.130000000000000,2,-0.820000000000000,0.400000000000000,1
140801061403,Black Hill,-0.670000000000000,0.040000000000000,1,-0.410000000000000,0.180000000000000,2,-0.070000000000000,0.240000000000000,3,-0.120000000000000,0.140000000000000,3,-0.320000000000000,0.510000000000000,2
140801061404,Black Hill-Hunter Wash,-0.500000000000000,0.060000000000000,1,-0.470000000000000,0.170000000000000,1,-0.370000000000000,0.170000000000000,2,-0.090000000000000,0.150000000000000,3,-1.370000000000000,0.270000000000000,1
140801061405,140801061405-Hunter Wash,-0.540000000000000,0.060000000000000,1,-0.520000000000000,0.160000000000000,1,-0.210000000000000,0.210000000000000,3,0.110000000000000,0.180000000000000,4,-1.810000000000000,0.170000000000000,1
140801061501,De-na-zin Wash-Chaco River,-0.250000000000000,0.100000000000000,2,0.150000000000000,0.310000000000000,4,0.380000000000000,0.340000000000000,4,-0.090000000000000,0.150000000000000,3,-1.570000000000000,0.220000000000000,1
140801061502,Indian Creek-Chaco River,-0.380000000000000,0.080000000000000,1,-0.590000000000000,0.140000000000000,1,-0.350000000000000,0.180000000000000,2,-0.140000000000000,0.140000000000000,2,-2.010000000000000,0.120000000000000,1
130600031606,Arroyo de La Moya-Pecos River,0.470000000000000,0.190000000000000,5,-0.070000000000000,0.260000000000000,3,0.070000000000000,0.270000000000000,4,0.590000000000000,0.250000000000000,5,-0.460000000000000,0.480000000000000,1
130600031607,Hernandez Draw-Pecos River,0.360000000000000,0.180000000000000,5,-0.320000000000000,0.200000000000000,2,0.040000000000000,0.260000000000000,3,0.490000000000000,0.240000000000000,5,-0.490000000000000,0.470000000000000,1
130600031701,East Fork Fivemile Draw,0.220000000000000,0.160000000000000,4,0.430000000000000,0.370000000000000,5,0.460000000000000,0.360000000000000,5,0.590000000000000,0.250000000000000,5,-0.350000000000000,0.510000000000000,2
130600031702,Middle Fork Fivemile Draw,0.110000000000000,0.140000000000000,4,-0.230000000000000,0.220000000000000,2,-0.060000000000000,0.240000000000000,3,0.510000000000000,0.240000000000000,5,-0.460000000000000,0.480000000000000,1
130600031703,Shannon Draw,0.340000000000000,0.170000000000000,5,-0.250000000000000,0.220000000000000,2,-0.470000000000000,0.150000000000000,2,0.520000000000000,0.240000000000000,5,-0.370000000000000,0.500000000000000,1
130600031704,Shannon Draw-Fivemile Draw,0.050000000000000,0.140000000000000,4,1.510000000000000,0.610000000000000,5,1.520000000000000,0.600000000000000,5,0.430000000000000,0.230000000000000,5,-0.400000000000000,0.500000000000000,1
130600031705,Cottonwood Ranch-Fivemile Draw,-0.110000000000000,0.110000000000000,3,-0.470000000000000,0.170000000000000,1,-0.140000000000000,0.220000000000000,3,0.290000000000000,0.210000000000000,4,-0.380000000000000,0.500000000000000,1
130600031802,Huggins Draw,0.080000000000000,0.140000000000000,4,-0.310000000000000,0.200000000000000,2,-0.180000000000000,0.210000000000000,3,0.430000000000000,0.230000000000000,5,-0.340000000000000,0.510000000000000,2
130600031803,Huggins Draw-Pecos River,0.220000000000000,0.160000000000000,4,-0.400000000000000,0.180000000000000,2,-0.280000000000000,0.190000000000000,2,0.380000000000000,0.220000000000000,5,-0.410000000000000,0.490000000000000,1
130600010603,Arroyo Chimaja-Canon Blanco,-0.030000000000000,0.120000000000000,3,0.130000000000000,0.300000000000000,4,0.000000000000000,0.250000000000000,3,0.040000000000000,0.170000000000000,3,0.070000000000000,0.600000000000000,3
130600010604,Canon de La Luvina,-0.280000000000000,0.090000000000000,2,-0.120000000000000,0.250000000000000,3,-0.240000000000000,0.200000000000000,2,-0.070000000000000,0.150000000000000,3,0.150000000000000,0.620000000000000,4
130600010605,Potrillo Creek,0.110000000000000,0.140000000000000,4,0.160000000000000,0.310000000000000,4,-0.360000000000000,0.170000000000000,2,0.110000000000000,0.180000000000000,4,0.120000000000000,0.620000000000000,3
130600010606,Potrillo Creek-Canon Blanco,0.140000000000000,0.150000000000000,4,0.080000000000000,0.290000000000000,4,-0.140000000000000,0.220000000000000,3,0.000000000000000,0.160000000000000,3,0.040000000000000,0.600000000000000,3
130600010607,Canon del Rancho Alegre-Canon Blanco,0.000000000000000,0.130000000000000,3,-0.110000000000000,0.250000000000000,3,-0.430000000000000,0.160000000000000,2,0.120000000000000,0.180000000000000,4,-0.020000000000000,0.580000000000000,3
130600040303,Tolar Cemetery,-0.370000000000000,0.080000000000000,2,-0.250000000000000,0.220000000000000,2,-0.300000000000000,0.190000000000000,2,0.270000000000000,0.200000000000000,4,-0.360000000000000,0.510000000000000,2
130600040304,Sand Creek,-0.770000000000000,0.030000000000000,1,0.010000000000000,0.280000000000000,3,0.090000000000000,0.270000000000000,4,-0.180000000000000,0.130000000000000,2,-0.330000000000000,0.510000000000000,2
130600040306,White Well,-0.600000000000000,0.050000000000000,1,-0.170000000000000,0.230000000000000,3,-0.230000000000000,0.200000000000000,2,0.070000000000000,0.170000000000000,4,-0.260000000000000,0.530000000000000,2
130600040307,Sand Creek-Alamosa Creek,-0.610000000000000,0.050000000000000,1,0.210000000000000,0.320000000000000,4,0.080000000000000,0.270000000000000,4,-0.130000000000000,0.140000000000000,3,-0.430000000000000,0.490000000000000,1
130600040401,Sand Canyon,-0.740000000000000,0.030000000000000,1,-0.930000000000000,0.070000000000000,1,-0.840000000000000,0.060000000000000,1,-0.090000000000000,0.150000000000000,3,-0.290000000000000,0.520000000000000,2
130600040402,Red Lake,0.310000000000000,0.170000000000000,5,-0.890000000000000,0.070000000000000,1,-0.640000000000000,0.110000000000000,1,0.530000000000000,0.240000000000000,5,-0.330000000000000,0.510000000000000,2
130600040403,Headwaters Taiban Creek,-0.360000000000000,0.080000000000000,2,-0.360000000000000,0.190000000000000,2,-0.350000000000000,0.170000000000000,2,0.040000000000000,0.170000000000000,3,-0.320000000000000,0.510000000000000,2
130600040404,Sand Hill,-0.340000000000000,0.080000000000000,2,0.350000000000000,0.350000000000000,4,0.340000000000000,0.330000000000000,4,0.140000000000000,0.180000000000000,4,-0.340000000000000,0.510000000000000,2
130600040405,Outlet Taiban Creek,-0.190000000000000,0.100000000000000,2,-0.590000000000000,0.140000000000000,1,-0.330000000000000,0.180000000000000,2,0.240000000000000,0.200000000000000,4,-0.520000000000000,0.470000000000000,1
130600050101,Upper Reventon Draw,-0.110000000000000,0.110000000000000,3,0.240000000000000,0.330000000000000,4,0.170000000000000,0.290000000000000,4,-0.230000000000000,0.130000000000000,2,0.660000000000000,0.740000000000000,5
130600050102,Middle Reventon Draw,-0.170000000000000,0.110000000000000,2,0.280000000000000,0.340000000000000,4,-0.060000000000000,0.240000000000000,3,-0.090000000000000,0.150000000000000,3,0.830000000000000,0.780000000000000,5
130600050103,Lower Reventon Draw,-0.090000000000000,0.120000000000000,3,-0.160000000000000,0.240000000000000,3,-0.760000000000000,0.080000000000000,1,-0.080000000000000,0.150000000000000,3,0.670000000000000,0.750000000000000,5
130500020201,130500020201,-0.330000000000000,0.080000000000000,2,-0.200000000000000,0.230000000000000,2,-0.740000000000000,0.090000000000000,1,0.090000000000000,0.180000000000000,4,0.200000000000000,0.630000000000000,4
130500020202,Town of Cedarvale,-0.520000000000000,0.060000000000000,1,-0.250000000000000,0.220000000000000,2,-0.500000000000000,0.140000000000000,1,-0.010000000000000,0.160000000000000,3,0.170000000000000,0.630000000000000,4
130500020203,Pinos Well Cemetery,-0.130000000000000,0.110000000000000,3,0.050000000000000,0.280000000000000,4,-0.380000000000000,0.170000000000000,2,0.060000000000000,0.170000000000000,4,0.050000000000000,0.600000000000000,3
130500020204,Going Thing Ranch,-0.310000000000000,0.090000000000000,2,-0.060000000000000,0.260000000000000,3,-0.400000000000000,0.160000000000000,2,0.030000000000000,0.170000000000000,3,0.090000000000000,0.610000000000000,3
130202020205,Church Canyon-Jemez River,0.290000000000000,0.170000000000000,4,1.460000000000000,0.600000000000000,5,1.640000000000000,0.630000000000000,5,-0.530000000000000,0.080000000000000,1,0.120000000000000,0.620000000000000,3
130202020301,Arroyo Lopez,-0.050000000000000,0.120000000000000,3,0.450000000000000,0.370000000000000,5,0.680000000000000,0.410000000000000,5,-0.630000000000000,0.070000000000000,1,0.570000000000000,0.720000000000000,5
130202020302,Upper Rio Salado,0.000000000000000,0.130000000000000,3,0.270000000000000,0.330000000000000,4,0.700000000000000,0.410000000000000,5,-0.340000000000000,0.110000000000000,2,-0.040000000000000,0.580000000000000,3
110800040101,Upper Coyote Creek,0.180000000000000,0.150000000000000,4,1.060000000000000,0.510000000000000,5,0.890000000000000,0.460000000000000,5,-0.190000000000000,0.130000000000000,2,0.720000000000000,0.760000000000000,5
110800040102,La Canada del Carro,0.160000000000000,0.150000000000000,4,0.950000000000000,0.490000000000000,5,0.920000000000000,0.470000000000000,5,-0.430000000000000,0.100000000000000,1,0.420000000000000,0.690000000000000,5
110800040103,Middle Coyote Creek,0.210000000000000,0.160000000000000,4,0.870000000000000,0.470000000000000,5,0.770000000000000,0.430000000000000,5,-0.490000000000000,0.090000000000000,1,0.320000000000000,0.660000000000000,4
110800040104,Ojo Feliz,0.120000000000000,0.150000000000000,4,-0.110000000000000,0.250000000000000,3,-0.370000000000000,0.170000000000000,2,0.090000000000000,0.180000000000000,4,0.500000000000000,0.710000000000000,5
110800040105,La Jara Creek,0.020000000000000,0.130000000000000,3,0.280000000000000,0.340000000000000,4,0.110000000000000,0.280000000000000,4,-0.140000000000000,0.140000000000000,2,0.320000000000000,0.660000000000000,4
110800040106,Lower Coyote Creek,0.130000000000000,0.150000000000000,4,-0.060000000000000,0.260000000000000,3,-0.160000000000000,0.220000000000000,3,0.000000000000000,0.160000000000000,3,0.140000000000000,0.620000000000000,3
110800040201,Rito San Jose,0.460000000000000,0.190000000000000,5,0.870000000000000,0.470000000000000,5,0.600000000000000,0.390000000000000,5,-0.280000000000000,0.120000000000000,2,0.620000000000000,0.730000000000000,5
120800040302,City of Tatum,-0.540000000000000,0.060000000000000,1,-1.020000000000000,0.050000000000000,1,-0.830000000000000,0.060000000000000,1,0.120000000000000,0.180000000000000,4,0.190000000000000,0.630000000000000,4
110800040202,Headwaters Manuelitas Creek,0.170000000000000,0.150000000000000,4,0.780000000000000,0.450000000000000,5,0.550000000000000,0.380000000000000,5,-0.350000000000000,0.110000000000000,2,0.480000000000000,0.700000000000000,5
110800040203,Outlet Manuelitas Creek,0.040000000000000,0.130000000000000,3,0.260000000000000,0.330000000000000,4,0.130000000000000,0.280000000000000,4,-0.360000000000000,0.110000000000000,2,0.450000000000000,0.690000000000000,5
110800040204,Manuelitas Creek-Sapello River,0.100000000000000,0.140000000000000,4,0.990000000000000,0.490000000000000,5,0.820000000000000,0.440000000000000,5,-0.470000000000000,0.090000000000000,1,0.440000000000000,0.690000000000000,5
110800040205,Arroyo de La Jara,-0.160000000000000,0.110000000000000,2,-0.290000000000000,0.210000000000000,2,-0.770000000000000,0.080000000000000,1,-0.030000000000000,0.160000000000000,3,0.270000000000000,0.650000000000000,4
110800040206,Sanguijuela Arroyo-Sapello River,0.290000000000000,0.170000000000000,4,-0.290000000000000,0.210000000000000,2,-0.590000000000000,0.120000000000000,1,0.410000000000000,0.220000000000000,5,0.190000000000000,0.630000000000000,4
110800040207,Lewis Ranch,-0.250000000000000,0.100000000000000,2,-0.230000000000000,0.220000000000000,2,-0.770000000000000,0.080000000000000,1,0.000000000000000,0.160000000000000,3,0.300000000000000,0.660000000000000,4
110800040208,Phoenix Lake-Sapello River,-0.350000000000000,0.080000000000000,2,-0.380000000000000,0.190000000000000,2,-0.650000000000000,0.110000000000000,1,-0.030000000000000,0.160000000000000,3,0.270000000000000,0.650000000000000,4
110800040301,Luna Creek,0.580000000000000,0.210000000000000,5,2.330000000000000,0.790000000000000,5,2.350000000000000,0.790000000000000,5,-0.320000000000000,0.110000000000000,2,0.820000000000000,0.780000000000000,5
110800040302,Quemado Canyon-Mora River,0.410000000000000,0.180000000000000,5,2.500000000000000,0.830000000000000,5,2.440000000000000,0.810000000000000,5,-0.330000000000000,0.110000000000000,2,0.800000000000000,0.780000000000000,5
130201021101,Arroyo Seco,0.260000000000000,0.160000000000000,4,0.740000000000000,0.440000000000000,5,0.350000000000000,0.340000000000000,4,-0.630000000000000,0.070000000000000,1,0.250000000000000,0.650000000000000,4
130201021102,Headwaters El Rito,0.270000000000000,0.160000000000000,4,1.160000000000000,0.530000000000000,5,1.000000000000000,0.480000000000000,5,-0.460000000000000,0.090000000000000,1,0.220000000000000,0.640000000000000,4
130201021103,Outlet El Rito,-0.370000000000000,0.080000000000000,2,0.410000000000000,0.370000000000000,5,0.530000000000000,0.380000000000000,5,-0.440000000000000,0.100000000000000,1,0.450000000000000,0.690000000000000,5
130201021203,Arroyo del Cobre-Rio Chama,-0.130000000000000,0.110000000000000,3,0.600000000000000,0.410000000000000,5,0.630000000000000,0.400000000000000,5,-0.560000000000000,0.080000000000000,1,0.380000000000000,0.680000000000000,4
130201021204,Madera Canon,0.000000000000000,0.130000000000000,3,0.800000000000000,0.450000000000000,5,0.540000000000000,0.380000000000000,5,-0.590000000000000,0.070000000000000,1,0.510000000000000,0.710000000000000,5
130201021205,El Rito-Rio Chama,-0.230000000000000,0.100000000000000,2,0.960000000000000,0.490000000000000,5,1.250000000000000,0.540000000000000,5,-0.600000000000000,0.070000000000000,1,0.430000000000000,0.690000000000000,5
130201021301,Canada Biscara-Rio Tusas,0.140000000000000,0.150000000000000,4,0.900000000000000,0.470000000000000,5,0.900000000000000,0.460000000000000,5,-0.410000000000000,0.100000000000000,1,0.380000000000000,0.680000000000000,4
130201021302,Canada del Aqua-Rio Tusas,0.090000000000000,0.140000000000000,4,0.870000000000000,0.470000000000000,5,0.720000000000000,0.420000000000000,5,-0.500000000000000,0.090000000000000,1,0.180000000000000,0.630000000000000,4
130201021303,Canada de los Comanches,-0.390000000000000,0.080000000000000,1,1.920000000000000,0.700000000000000,5,1.920000000000000,0.690000000000000,5,-0.450000000000000,0.090000000000000,1,0.280000000000000,0.650000000000000,4
130201021304,Canada de los Comanches-Rio Tusas,-0.190000000000000,0.100000000000000,2,0.180000000000000,0.310000000000000,4,0.060000000000000,0.270000000000000,4,-0.550000000000000,0.080000000000000,1,0.220000000000000,0.640000000000000,4
110800060103,Burro Draw-La Cinta Creek,-0.220000000000000,0.100000000000000,2,0.090000000000000,0.290000000000000,4,0.240000000000000,0.310000000000000,4,-0.350000000000000,0.110000000000000,2,0.050000000000000,0.600000000000000,3
110800060104,Mule Creek,-0.030000000000000,0.120000000000000,3,-0.240000000000000,0.220000000000000,2,-0.550000000000000,0.130000000000000,1,-0.020000000000000,0.160000000000000,3,0.160000000000000,0.630000000000000,4
110800060105,Mule Creek-La Cinta Creek,0.060000000000000,0.140000000000000,4,-0.260000000000000,0.210000000000000,2,-0.420000000000000,0.160000000000000,2,0.120000000000000,0.180000000000000,4,0.020000000000000,0.590000000000000,3
110800060201,Bueyeros Creek,0.130000000000000,0.150000000000000,4,-0.110000000000000,0.250000000000000,3,-0.300000000000000,0.190000000000000,2,0.000000000000000,0.160000000000000,3,0.020000000000000,0.590000000000000,3
110800060202,Seco Creek,0.530000000000000,0.200000000000000,5,-0.100000000000000,0.250000000000000,3,-0.240000000000000,0.200000000000000,2,0.370000000000000,0.220000000000000,5,-0.170000000000000,0.550000000000000,2
110800060203,Seco Creek-La Cinta Creek,0.360000000000000,0.180000000000000,5,-0.130000000000000,0.240000000000000,3,-0.430000000000000,0.160000000000000,2,0.380000000000000,0.220000000000000,5,-0.080000000000000,0.570000000000000,3
110800060204,Puertocito Creek-La Cinta Creek,0.500000000000000,0.190000000000000,5,-0.030000000000000,0.270000000000000,3,-0.280000000000000,0.190000000000000,2,0.250000000000000,0.200000000000000,4,-0.130000000000000,0.560000000000000,2
110800060205,Tulosa Creek-La Cinta Creek,0.500000000000000,0.200000000000000,5,-0.100000000000000,0.250000000000000,3,-0.280000000000000,0.190000000000000,2,0.410000000000000,0.220000000000000,5,-0.110000000000000,0.560000000000000,2
110800060301,Medio Creek-Atarque Creek,0.240000000000000,0.160000000000000,4,-0.280000000000000,0.210000000000000,2,-0.110000000000000,0.230000000000000,3,0.100000000000000,0.180000000000000,4,0.010000000000000,0.590000000000000,3
110800060302,Alamosa Canyon,0.130000000000000,0.150000000000000,4,-0.140000000000000,0.240000000000000,3,0.260000000000000,0.320000000000000,4,-0.150000000000000,0.140000000000000,2,-0.080000000000000,0.570000000000000,3
130202110609,Wildhorse Canyon-Alamosa Creek,-0.380000000000000,0.080000000000000,2,0.150000000000000,0.310000000000000,4,0.080000000000000,0.270000000000000,4,-0.600000000000000,0.070000000000000,1,0.270000000000000,0.650000000000000,4
130202110701,Grapevine Canyon-Alamosa Creek,-0.040000000000000,0.120000000000000,3,0.640000000000000,0.420000000000000,5,0.680000000000000,0.410000000000000,5,-0.610000000000000,0.070000000000000,1,0.100000000000000,0.610000000000000,3
130202110702,San Mateo Canyon-Alamosa Creek,0.080000000000000,0.140000000000000,4,1.120000000000000,0.520000000000000,5,1.430000000000000,0.580000000000000,5,-0.540000000000000,0.080000000000000,1,0.330000000000000,0.670000000000000,4
130202110703,Garcia Falls-Alamosa Creek,0.110000000000000,0.140000000000000,4,0.720000000000000,0.430000000000000,5,0.700000000000000,0.410000000000000,5,-0.560000000000000,0.080000000000000,1,0.010000000000000,0.590000000000000,3
130202110704,Canada de la Cruz-Alamosa Creek,0.010000000000000,0.130000000000000,3,0.420000000000000,0.370000000000000,5,0.170000000000000,0.290000000000000,4,-0.470000000000000,0.090000000000000,1,-0.070000000000000,0.570000000000000,3
130202110705,Elephant Butte Reservoir-Alamosa Creek,0.150000000000000,0.150000000000000,4,0.060000000000000,0.290000000000000,4,-0.270000000000000,0.190000000000000,2,-0.230000000000000,0.130000000000000,2,-0.680000000000000,0.430000000000000,1
130202110801,Romero Canyon,0.240000000000000,0.160000000000000,4,0.230000000000000,0.330000000000000,4,-0.080000000000000,0.240000000000000,3,-0.180000000000000,0.130000000000000,2,-0.410000000000000,0.490000000000000,1
130202110802,Mitchell Canyon,0.180000000000000,0.150000000000000,4,-0.230000000000000,0.220000000000000,2,-0.490000000000000,0.140000000000000,1,0.040000000000000,0.170000000000000,4,-0.560000000000000,0.460000000000000,1
130202110803,Alamosa Creek-Rio Grande,0.300000000000000,0.170000000000000,5,-0.020000000000000,0.270000000000000,3,-0.340000000000000,0.180000000000000,2,-0.220000000000000,0.130000000000000,2,-0.970000000000000,0.360000000000000,1
130202110804,Cedar Canyon-Elephant Butte Reservoir,2.780000000000000,0.500000000000000,5,-0.340000000000000,0.200000000000000,2,-0.460000000000000,0.150000000000000,2,2.160000000000000,0.490000000000000,5,-1.100000000000000,0.330000000000000,1
130202110805,McRae Canyon,0.360000000000000,0.180000000000000,5,-0.010000000000000,0.270000000000000,3,-0.140000000000000,0.220000000000000,3,0.080000000000000,0.170000000000000,4,-0.740000000000000,0.420000000000000,1
130600080606,Eightmile Draw,0.020000000000000,0.130000000000000,3,-0.030000000000000,0.270000000000000,3,0.100000000000000,0.280000000000000,4,0.130000000000000,0.180000000000000,4,-0.170000000000000,0.550000000000000,2
130600080607,North Berrendo Creek,0.190000000000000,0.150000000000000,4,0.040000000000000,0.280000000000000,3,0.160000000000000,0.290000000000000,4,0.320000000000000,0.210000000000000,5,-0.380000000000000,0.500000000000000,1
130600080608,Berrendo Creek,0.180000000000000,0.150000000000000,4,-0.110000000000000,0.250000000000000,3,0.150000000000000,0.290000000000000,4,0.340000000000000,0.210000000000000,5,-0.380000000000000,0.500000000000000,1
130600080701,Border Canyon-Rio Hondo,0.210000000000000,0.160000000000000,4,0.390000000000000,0.360000000000000,4,0.340000000000000,0.330000000000000,4,-0.040000000000000,0.160000000000000,3,-0.120000000000000,0.560000000000000,2
130600110103,130600110103,1.090000000000000,0.270000000000000,5,-0.150000000000000,0.240000000000000,3,-0.470000000000000,0.150000000000000,2,0.920000000000000,0.300000000000000,5,-0.080000000000000,0.570000000000000,3
130600110104,Burton Flat,0.870000000000000,0.240000000000000,5,-0.350000000000000,0.190000000000000,2,-0.080000000000000,0.240000000000000,3,0.910000000000000,0.300000000000000,5,-0.090000000000000,0.570000000000000,2
130600110201,Town of Maljamar,0.650000000000000,0.220000000000000,5,-0.030000000000000,0.270000000000000,3,-0.200000000000000,0.210000000000000,3,0.610000000000000,0.250000000000000,5,0.060000000000000,0.600000000000000,3
130600110202,Nimenim Ridge,0.770000000000000,0.230000000000000,5,-0.150000000000000,0.240000000000000,3,-0.330000000000000,0.180000000000000,2,0.670000000000000,0.260000000000000,5,0.050000000000000,0.600000000000000,3
130600110203,Little Lake,0.870000000000000,0.240000000000000,5,-0.290000000000000,0.210000000000000,2,-0.390000000000000,0.170000000000000,2,0.770000000000000,0.280000000000000,5,0.030000000000000,0.600000000000000,3
130600050507,Middle Arroyo-Salt Creek,0.040000000000000,0.130000000000000,3,0.000000000000000,0.270000000000000,3,-0.030000000000000,0.250000000000000,3,0.200000000000000,0.190000000000000,4,-0.210000000000000,0.540000000000000,2
130600050602,Arroyo del Macho,-0.060000000000000,0.120000000000000,3,-0.110000000000000,0.250000000000000,3,-0.280000000000000,0.190000000000000,2,-0.040000000000000,0.160000000000000,3,-0.410000000000000,0.490000000000000,1
130600050603,Fourmile Draw,-0.330000000000000,0.080000000000000,2,-0.140000000000000,0.240000000000000,3,-0.110000000000000,0.230000000000000,3,0.130000000000000,0.180000000000000,4,-0.350000000000000,0.510000000000000,2
130600050604,Gallo Arroyo-Arroyo del Macho,-0.030000000000000,0.120000000000000,3,0.730000000000000,0.440000000000000,5,0.710000000000000,0.420000000000000,5,0.200000000000000,0.190000000000000,4,-0.430000000000000,0.490000000000000,1
130600050701,Corn Draw,-0.180000000000000,0.100000000000000,2,-0.180000000000000,0.230000000000000,3,-0.560000000000000,0.130000000000000,1,0.100000000000000,0.180000000000000,4,-0.200000000000000,0.540000000000000,2
130600050702,Headwaters Fifteenmile Draw,-0.180000000000000,0.110000000000000,2,-0.310000000000000,0.200000000000000,2,-0.640000000000000,0.110000000000000,1,0.140000000000000,0.180000000000000,4,-0.220000000000000,0.540000000000000,2
130600050703,Threadgill Canyon Draw,0.010000000000000,0.130000000000000,3,-0.510000000000000,0.160000000000000,1,-0.780000000000000,0.080000000000000,1,0.380000000000000,0.220000000000000,5,-0.360000000000000,0.500000000000000,2
130600050704,Outlet Fifteenmile Draw,0.420000000000000,0.180000000000000,5,-0.030000000000000,0.270000000000000,3,-0.290000000000000,0.190000000000000,2,0.330000000000000,0.210000000000000,5,-0.440000000000000,0.480000000000000,1
130600050801,Headwaters Cowboy Draw,-0.060000000000000,0.120000000000000,3,-0.180000000000000,0.230000000000000,3,-0.440000000000000,0.150000000000000,2,0.020000000000000,0.170000000000000,3,-0.280000000000000,0.520000000000000,2
130202010303,Piedra Lumbre,-0.200000000000000,0.100000000000000,2,-0.330000000000000,0.200000000000000,2,-0.490000000000000,0.140000000000000,1,-0.300000000000000,0.120000000000000,2,0.260000000000000,0.650000000000000,4
130202010304,Canada Estacada,-0.090000000000000,0.120000000000000,3,0.040000000000000,0.280000000000000,3,-0.210000000000000,0.210000000000000,3,-0.370000000000000,0.110000000000000,2,0.340000000000000,0.670000000000000,4
110800040303,Vigil Creek-Mora River,0.370000000000000,0.180000000000000,5,0.890000000000000,0.470000000000000,5,0.720000000000000,0.420000000000000,5,-0.320000000000000,0.110000000000000,2,0.470000000000000,0.700000000000000,5
110800040304,Rio La Casa,0.340000000000000,0.170000000000000,5,1.130000000000000,0.530000000000000,5,1.200000000000000,0.530000000000000,5,-0.360000000000000,0.110000000000000,2,0.710000000000000,0.760000000000000,5
110800040305,Rio La Casa-Mora River,0.280000000000000,0.170000000000000,4,0.860000000000000,0.470000000000000,5,0.700000000000000,0.420000000000000,5,-0.300000000000000,0.120000000000000,2,0.520000000000000,0.710000000000000,5
110800040306,Santiago Creek,0.010000000000000,0.130000000000000,3,0.750000000000000,0.440000000000000,5,0.670000000000000,0.410000000000000,5,-0.360000000000000,0.110000000000000,2,0.540000000000000,0.710000000000000,5
110800040307,Rito Cebollla,-0.060000000000000,0.120000000000000,3,0.330000000000000,0.350000000000000,4,0.290000000000000,0.320000000000000,4,-0.420000000000000,0.100000000000000,1,0.340000000000000,0.670000000000000,4
110800040308,Coyote Creek-Mora River,-0.210000000000000,0.100000000000000,2,0.370000000000000,0.360000000000000,4,0.420000000000000,0.350000000000000,5,-0.440000000000000,0.100000000000000,1,0.130000000000000,0.620000000000000,3
110800040309,Sapello River-Mora River,-0.100000000000000,0.120000000000000,3,-0.150000000000000,0.240000000000000,3,-0.440000000000000,0.150000000000000,2,-0.030000000000000,0.160000000000000,3,0.270000000000000,0.650000000000000,4
110800040401,Headwaters Wolf Creek,-0.170000000000000,0.110000000000000,2,0.200000000000000,0.320000000000000,4,-0.210000000000000,0.210000000000000,3,-0.050000000000000,0.150000000000000,3,0.560000000000000,0.720000000000000,5
110800040403,Outlet Wolf Creek,-0.140000000000000,0.110000000000000,3,-0.130000000000000,0.240000000000000,3,-0.470000000000000,0.150000000000000,2,-0.040000000000000,0.160000000000000,3,0.450000000000000,0.690000000000000,5
110800040501,Tiptun Creek-Mora River,-0.240000000000000,0.100000000000000,2,-0.120000000000000,0.250000000000000,3,-0.550000000000000,0.130000000000000,1,0.000000000000000,0.160000000000000,3,0.290000000000000,0.660000000000000,4
110800040504,Arroyo Tierra Blanca,-0.230000000000000,0.100000000000000,2,-0.310000000000000,0.200000000000000,2,-0.450000000000000,0.150000000000000,2,-0.010000000000000,0.160000000000000,3,0.460000000000000,0.700000000000000,5
120500010403,Town of Yerba,-0.050000000000000,0.120000000000000,3,-0.870000000000000,0.080000000000000,1,-0.310000000000000,0.180000000000000,2,0.670000000000000,0.260000000000000,5,-0.240000000000000,0.530000000000000,2
120500010404,Red Lake,-0.640000000000000,0.040000000000000,1,-0.530000000000000,0.150000000000000,1,-0.600000000000000,0.120000000000000,1,0.080000000000000,0.170000000000000,4,0.070000000000000,0.600000000000000,3
120800060202,Langer Lake,-0.820000000000000,0.020000000000000,1,-0.920000000000000,0.070000000000000,1,-0.320000000000000,0.180000000000000,2,-0.050000000000000,0.150000000000000,3,-0.010000000000000,0.590000000000000,3
120800060203,Hood Well,-0.880000000000000,0.010000000000000,1,-1.020000000000000,0.050000000000000,1,-0.610000000000000,0.110000000000000,1,-0.030000000000000,0.160000000000000,3,0.030000000000000,0.600000000000000,3
120800060204,120800060204,-0.880000000000000,0.010000000000000,1,-0.780000000000000,0.100000000000000,1,-0.050000000000000,0.240000000000000,3,-0.030000000000000,0.160000000000000,3,-0.030000000000000,0.580000000000000,3
130100050202,Beaver Creek,0.210000000000000,0.160000000000000,4,1.140000000000000,0.530000000000000,5,1.100000000000000,0.510000000000000,5,-0.310000000000000,0.120000000000000,2,0.450000000000000,0.690000000000000,5
130100050301,Canada Tio Grande-Rio San Antonio,0.150000000000000,0.150000000000000,4,0.980000000000000,0.490000000000000,5,0.920000000000000,0.470000000000000,5,-0.290000000000000,0.120000000000000,2,0.210000000000000,0.640000000000000,4
130201010103,Comanche Creek-Costillo Creek,0.820000000000000,0.240000000000000,5,1.350000000000000,0.580000000000000,5,1.460000000000000,0.590000000000000,5,-0.140000000000000,0.140000000000000,2,1.240000000000000,0.880000000000000,5
130201010104,Latir Creek-Costillo Creek,0.550000000000000,0.200000000000000,5,1.610000000000000,0.630000000000000,5,1.680000000000000,0.640000000000000,5,-0.420000000000000,0.100000000000000,1,1.100000000000000,0.850000000000000,5
130201010203,130201010204,-0.580000000000000,0.050000000000000,1,-0.560000000000000,0.150000000000000,1,-0.560000000000000,0.130000000000000,1,0.000000000000000,0.160000000000000,3,0.700000000000000,0.750000000000000,5
110800060303,Alamosa Creek-Atarque Creek,-0.070000000000000,0.120000000000000,3,-0.190000000000000,0.230000000000000,2,0.200000000000000,0.300000000000000,4,-0.230000000000000,0.130000000000000,2,-0.080000000000000,0.570000000000000,3
110800060304,Road Canyon,-0.070000000000000,0.120000000000000,3,-0.180000000000000,0.230000000000000,3,0.140000000000000,0.290000000000000,4,-0.180000000000000,0.140000000000000,2,-0.090000000000000,0.570000000000000,2
110800060305,Road Canyon-Atarque Creek,0.040000000000000,0.130000000000000,4,-0.140000000000000,0.240000000000000,3,0.090000000000000,0.270000000000000,4,-0.230000000000000,0.130000000000000,2,-0.140000000000000,0.560000000000000,2
110800060306,Rattlesnake Creek-Atarque Creek,0.180000000000000,0.150000000000000,4,-0.110000000000000,0.250000000000000,3,0.110000000000000,0.280000000000000,4,-0.140000000000000,0.140000000000000,2,-0.230000000000000,0.540000000000000,2
110800060401,Headwaters La Manga Creek,0.060000000000000,0.140000000000000,4,-0.140000000000000,0.240000000000000,3,-0.360000000000000,0.170000000000000,2,0.090000000000000,0.180000000000000,4,0.110000000000000,0.610000000000000,3
110800060402,Outlet La Manga Creek,0.120000000000000,0.140000000000000,4,-0.180000000000000,0.230000000000000,3,-0.120000000000000,0.230000000000000,3,0.140000000000000,0.180000000000000,4,0.000000000000000,0.590000000000000,3
110800060403,Oso Creek,-0.180000000000000,0.110000000000000,2,-0.190000000000000,0.230000000000000,2,-0.220000000000000,0.200000000000000,2,-0.110000000000000,0.150000000000000,3,0.070000000000000,0.600000000000000,3
110800060404,La Cinta Creek-Canadian River,0.270000000000000,0.160000000000000,4,-0.260000000000000,0.210000000000000,2,0.100000000000000,0.280000000000000,4,0.070000000000000,0.170000000000000,4,-0.210000000000000,0.540000000000000,2
110800060405,Chical Creek,0.140000000000000,0.150000000000000,4,-0.200000000000000,0.230000000000000,2,0.040000000000000,0.260000000000000,3,-0.150000000000000,0.140000000000000,2,-0.110000000000000,0.560000000000000,2
110800060406,Alamosa Creek,-0.080000000000000,0.120000000000000,3,-0.250000000000000,0.220000000000000,2,-0.510000000000000,0.140000000000000,1,0.050000000000000,0.170000000000000,4,0.080000000000000,0.610000000000000,3
120800030202,120800030202,-0.650000000000000,0.040000000000000,1,-0.960000000000000,0.060000000000000,1,-0.990000000000000,0.030000000000000,1,0.020000000000000,0.170000000000000,3,0.260000000000000,0.650000000000000,4
120800030203,Peveler Place,-0.590000000000000,0.050000000000000,1,-0.970000000000000,0.060000000000000,1,-1.030000000000000,0.020000000000000,1,0.070000000000000,0.170000000000000,4,0.260000000000000,0.650000000000000,4
120800030204,120800030204,-0.670000000000000,0.040000000000000,1,-0.950000000000000,0.060000000000000,1,-0.940000000000000,0.040000000000000,1,0.010000000000000,0.160000000000000,3,0.260000000000000,0.650000000000000,4
120800030208,Fort Ranch,-0.840000000000000,0.020000000000000,1,-1.090000000000000,0.030000000000000,1,-0.580000000000000,0.120000000000000,1,-0.040000000000000,0.160000000000000,3,0.090000000000000,0.610000000000000,3
130202090501,Dog Springs Canyon,-0.040000000000000,0.120000000000000,3,0.480000000000000,0.380000000000000,5,0.010000000000000,0.260000000000000,3,-0.490000000000000,0.090000000000000,1,0.530000000000000,0.710000000000000,5
130202090502,Jaramillo Canyon,-0.250000000000000,0.100000000000000,2,0.310000000000000,0.340000000000000,4,0.360000000000000,0.340000000000000,4,-0.300000000000000,0.120000000000000,2,0.310000000000000,0.660000000000000,4
130202090503,Alamo Creek,-0.170000000000000,0.110000000000000,2,0.280000000000000,0.340000000000000,4,-0.030000000000000,0.250000000000000,3,-0.400000000000000,0.100000000000000,1,0.200000000000000,0.640000000000000,4
130202090504,Dog Springs Canyon-Rio Salado,0.030000000000000,0.130000000000000,3,0.260000000000000,0.330000000000000,4,-0.090000000000000,0.230000000000000,3,-0.340000000000000,0.110000000000000,2,0.100000000000000,0.610000000000000,3
130202090505,Jaralosa Creek,-0.030000000000000,0.130000000000000,3,0.290000000000000,0.340000000000000,4,-0.220000000000000,0.200000000000000,2,-0.530000000000000,0.080000000000000,1,0.180000000000000,0.630000000000000,4
130202090506,Cottonwood Draw,-0.080000000000000,0.120000000000000,3,-0.350000000000000,0.190000000000000,2,-0.710000000000000,0.090000000000000,1,-0.010000000000000,0.160000000000000,3,-0.170000000000000,0.550000000000000,2
130202090507,Jaralosa Canyon-Rio Salado,0.030000000000000,0.130000000000000,3,0.000000000000000,0.270000000000000,3,-0.100000000000000,0.230000000000000,3,-0.270000000000000,0.120000000000000,2,-0.220000000000000,0.540000000000000,2
130202050103,Canon El Dado,-0.270000000000000,0.090000000000000,2,0.090000000000000,0.290000000000000,4,0.040000000000000,0.260000000000000,3,-0.300000000000000,0.120000000000000,2,-0.500000000000000,0.470000000000000,1
130202050104,Arroyo Sarcio,-0.200000000000000,0.100000000000000,2,0.110000000000000,0.300000000000000,4,0.000000000000000,0.250000000000000,3,-0.370000000000000,0.110000000000000,1,-0.550000000000000,0.460000000000000,1
130202050105,Outlet San Miguel Creek,-0.270000000000000,0.090000000000000,2,-0.070000000000000,0.260000000000000,3,0.000000000000000,0.250000000000000,3,-0.310000000000000,0.120000000000000,2,-0.700000000000000,0.430000000000000,1
130202050201,Milpitas Draw,-0.390000000000000,0.080000000000000,1,-0.060000000000000,0.260000000000000,3,-0.010000000000000,0.250000000000000,3,-0.480000000000000,0.090000000000000,1,-2.270000000000000,0.060000000000000,1
130202050202,Canada Marcelina,-0.240000000000000,0.100000000000000,2,-0.160000000000000,0.240000000000000,3,-0.080000000000000,0.240000000000000,3,-0.200000000000000,0.130000000000000,2,-2.340000000000000,0.040000000000000,1
130202050203,Inditos Draw,-0.180000000000000,0.100000000000000,2,-0.180000000000000,0.230000000000000,3,-0.050000000000000,0.240000000000000,3,-0.050000000000000,0.150000000000000,3,-2.300000000000000,0.050000000000000,1
130202050204,Arroyo Leon,-0.540000000000000,0.060000000000000,1,-0.460000000000000,0.170000000000000,1,-0.270000000000000,0.190000000000000,2,-0.160000000000000,0.140000000000000,2,-1.820000000000000,0.160000000000000,1
130202050205,Arroyo Tinaja,-0.480000000000000,0.070000000000000,1,0.070000000000000,0.290000000000000,4,0.110000000000000,0.280000000000000,4,-0.380000000000000,0.110000000000000,1,-0.930000000000000,0.370000000000000,1
130202050206,San Isidro Arroyo,-0.300000000000000,0.090000000000000,2,-0.050000000000000,0.260000000000000,3,0.120000000000000,0.280000000000000,4,-0.080000000000000,0.150000000000000,3,-0.940000000000000,0.370000000000000,1
130202050207,San Isidro Arroyo-Arroyo Chico,-0.170000000000000,0.110000000000000,2,-0.150000000000000,0.240000000000000,3,0.040000000000000,0.260000000000000,3,0.000000000000000,0.160000000000000,3,-2.340000000000000,0.040000000000000,1
130202050301,Sand Springs Arroyo,-0.250000000000000,0.100000000000000,2,-0.070000000000000,0.260000000000000,3,-0.080000000000000,0.240000000000000,3,-0.050000000000000,0.150000000000000,3,-0.180000000000000,0.550000000000000,2
130202050302,Headwaters North Fork Arroyo Chico,-0.180000000000000,0.100000000000000,2,-0.220000000000000,0.220000000000000,2,0.050000000000000,0.270000000000000,4,-0.090000000000000,0.150000000000000,3,-0.040000000000000,0.580000000000000,3
130202050303,Rincon Marquez,-0.150000000000000,0.110000000000000,2,-0.230000000000000,0.220000000000000,2,0.040000000000000,0.270000000000000,3,-0.140000000000000,0.140000000000000,2,0.080000000000000,0.610000000000000,3
130202050304,Arroyo Lucero,-0.200000000000000,0.100000000000000,2,-0.320000000000000,0.200000000000000,2,0.020000000000000,0.260000000000000,3,-0.110000000000000,0.150000000000000,3,-0.590000000000000,0.450000000000000,1
130202050305,Rancho Rincon Marquez,-0.110000000000000,0.110000000000000,3,-0.270000000000000,0.210000000000000,2,0.090000000000000,0.280000000000000,4,-0.220000000000000,0.130000000000000,2,-0.120000000000000,0.560000000000000,2
130202050306,Outlet North Fork Arroyo Chico,-0.120000000000000,0.110000000000000,3,-0.080000000000000,0.250000000000000,3,0.260000000000000,0.320000000000000,4,-0.170000000000000,0.140000000000000,2,-0.300000000000000,0.520000000000000,2
130202050401,Headwaters San Isidro Wash,-0.150000000000000,0.110000000000000,2,-0.300000000000000,0.210000000000000,2,-0.240000000000000,0.200000000000000,2,-0.180000000000000,0.130000000000000,2,0.100000000000000,0.610000000000000,3
130202050402,Arroyo Jarido,0.000000000000000,0.130000000000000,3,0.360000000000000,0.350000000000000,4,0.300000000000000,0.320000000000000,4,-0.060000000000000,0.150000000000000,3,0.020000000000000,0.590000000000000,3
130202050403,Outlet San Isidro Wash,-0.330000000000000,0.090000000000000,2,0.250000000000000,0.330000000000000,4,0.450000000000000,0.360000000000000,5,-0.140000000000000,0.140000000000000,2,0.060000000000000,0.600000000000000,3
130202050501,Encino Wash,-0.610000000000000,0.050000000000000,1,-0.470000000000000,0.170000000000000,1,-0.130000000000000,0.220000000000000,3,-0.340000000000000,0.110000000000000,2,0.130000000000000,0.620000000000000,3
130202050502,Arroyo Pelon-Torreon Wash,-0.160000000000000,0.110000000000000,2,-0.220000000000000,0.220000000000000,2,-0.060000000000000,0.240000000000000,3,-0.220000000000000,0.130000000000000,2,0.190000000000000,0.630000000000000,4
130500010903,Roundtop Draw,0.220000000000000,0.160000000000000,4,-0.080000000000000,0.260000000000000,3,-0.260000000000000,0.200000000000000,2,0.410000000000000,0.220000000000000,5,0.070000000000000,0.610000000000000,3
130500010904,Martin Canyon,0.250000000000000,0.160000000000000,4,0.230000000000000,0.320000000000000,4,-0.270000000000000,0.190000000000000,2,0.280000000000000,0.200000000000000,4,0.200000000000000,0.640000000000000,4
130500011001,Mesteno Draw,0.610000000000000,0.210000000000000,5,0.080000000000000,0.290000000000000,4,-0.010000000000000,0.250000000000000,3,0.560000000000000,0.250000000000000,5,-0.060000000000000,0.570000000000000,3
130500011002,Upper Arroyo de Manzano,-0.040000000000000,0.120000000000000,3,0.350000000000000,0.350000000000000,4,0.460000000000000,0.360000000000000,5,-0.140000000000000,0.140000000000000,2,-0.140000000000000,0.550000000000000,2
130500011003,Middle Arroyo de Manzano,0.410000000000000,0.180000000000000,5,-0.220000000000000,0.220000000000000,2,-0.370000000000000,0.170000000000000,2,0.620000000000000,0.260000000000000,5,-0.180000000000000,0.550000000000000,2
130500011004,City of Mountainair,0.640000000000000,0.210000000000000,5,-0.090000000000000,0.250000000000000,3,-0.390000000000000,0.160000000000000,2,0.760000000000000,0.280000000000000,5,0.080000000000000,0.610000000000000,3
130500011005,Lower Arroyo de Manzano,0.510000000000000,0.200000000000000,5,-0.320000000000000,0.200000000000000,2,-0.650000000000000,0.110000000000000,1,0.760000000000000,0.280000000000000,5,0.060000000000000,0.600000000000000,3
130500011101,Arroyo del Cuervo,-0.080000000000000,0.120000000000000,3,0.080000000000000,0.290000000000000,4,0.160000000000000,0.290000000000000,4,-0.020000000000000,0.160000000000000,3,-0.230000000000000,0.540000000000000,2
130500011102,Arroyo de Tajique,0.130000000000000,0.150000000000000,4,1.040000000000000,0.510000000000000,5,0.910000000000000,0.460000000000000,5,0.020000000000000,0.170000000000000,3,-0.080000000000000,0.570000000000000,3
130500011103,Milbourn Draw,0.190000000000000,0.150000000000000,4,0.640000000000000,0.420000000000000,5,0.450000000000000,0.360000000000000,5,0.140000000000000,0.180000000000000,4,-0.060000000000000,0.570000000000000,3
130500011104,Torreon Draw,0.510000000000000,0.200000000000000,5,0.550000000000000,0.390000000000000,5,0.290000000000000,0.320000000000000,4,0.370000000000000,0.220000000000000,5,-0.040000000000000,0.580000000000000,3
130500011105,Estancia City,0.510000000000000,0.200000000000000,5,-0.180000000000000,0.230000000000000,3,-0.340000000000000,0.180000000000000,2,0.800000000000000,0.280000000000000,5,-0.060000000000000,0.570000000000000,3
130500011201,La Salina,0.600000000000000,0.210000000000000,5,-0.010000000000000,0.270000000000000,3,0.450000000000000,0.360000000000000,5,1.030000000000000,0.320000000000000,5,-0.100000000000000,0.570000000000000,2
130500011202,Mattock Well,0.760000000000000,0.230000000000000,5,0.060000000000000,0.290000000000000,4,0.400000000000000,0.350000000000000,4,1.130000000000000,0.330000000000000,5,-0.050000000000000,0.580000000000000,3
130500011203,Laguna de Perro,0.960000000000000,0.260000000000000,5,0.380000000000000,0.360000000000000,4,0.690000000000000,0.410000000000000,5,1.340000000000000,0.360000000000000,5,0.010000000000000,0.590000000000000,3
130500020101,130500020101,-0.140000000000000,0.110000000000000,3,-0.070000000000000,0.260000000000000,3,-0.510000000000000,0.140000000000000,1,0.110000000000000,0.180000000000000,4,0.360000000000000,0.670000000000000,4
130500020102,130500020102,-0.250000000000000,0.100000000000000,2,-0.150000000000000,0.240000000000000,3,-0.610000000000000,0.120000000000000,1,0.100000000000000,0.180000000000000,4,0.270000000000000,0.650000000000000,4
130201010205,Urraca Canyon,-0.210000000000000,0.100000000000000,2,0.600000000000000,0.410000000000000,5,0.740000000000000,0.420000000000000,5,-0.120000000000000,0.140000000000000,3,0.380000000000000,0.680000000000000,4
120500010405,120500010405,-0.600000000000000,0.050000000000000,1,-0.540000000000000,0.150000000000000,1,-0.590000000000000,0.120000000000000,1,0.150000000000000,0.190000000000000,4,0.020000000000000,0.590000000000000,3
120500010407,Town of Dora,-0.700000000000000,0.040000000000000,1,-0.480000000000000,0.170000000000000,1,-0.440000000000000,0.150000000000000,2,0.070000000000000,0.170000000000000,4,0.010000000000000,0.590000000000000,3
120500010408,City of Portales,-0.290000000000000,0.090000000000000,2,-0.850000000000000,0.080000000000000,1,-0.270000000000000,0.190000000000000,2,0.450000000000000,0.230000000000000,5,-0.230000000000000,0.530000000000000,2
120500010601,Dunn Well,-0.290000000000000,0.090000000000000,2,-0.770000000000000,0.100000000000000,1,-0.670000000000000,0.100000000000000,1,0.490000000000000,0.240000000000000,5,0.080000000000000,0.610000000000000,3
120500010603,New Hope Cemetery,-0.540000000000000,0.060000000000000,1,-0.710000000000000,0.110000000000000,1,-0.540000000000000,0.130000000000000,1,0.230000000000000,0.200000000000000,4,0.050000000000000,0.600000000000000,3
120500010604,120500010604,-0.660000000000000,0.040000000000000,1,-0.940000000000000,0.060000000000000,1,-0.880000000000000,0.050000000000000,1,0.080000000000000,0.170000000000000,4,0.140000000000000,0.620000000000000,3
120500010605,120500010605,-0.290000000000000,0.090000000000000,2,-0.910000000000000,0.070000000000000,1,-0.460000000000000,0.150000000000000,2,0.450000000000000,0.230000000000000,5,-0.050000000000000,0.580000000000000,3
130201010206,Latir Creek,0.140000000000000,0.150000000000000,4,0.760000000000000,0.440000000000000,5,0.810000000000000,0.440000000000000,5,-0.200000000000000,0.130000000000000,2,0.790000000000000,0.770000000000000,5
130201010207,Latir Creek-Rio Grande,-0.460000000000000,0.070000000000000,1,-0.380000000000000,0.190000000000000,2,-0.400000000000000,0.160000000000000,2,-0.040000000000000,0.160000000000000,3,0.480000000000000,0.700000000000000,5
130201010301,Upper Red River,0.430000000000000,0.190000000000000,5,1.690000000000000,0.650000000000000,5,1.680000000000000,0.640000000000000,5,-0.400000000000000,0.100000000000000,1,0.940000000000000,0.810000000000000,5
130201010302,Cabresto Creek,0.450000000000000,0.190000000000000,5,2.030000000000000,0.730000000000000,5,2.300000000000000,0.780000000000000,5,-0.490000000000000,0.090000000000000,1,0.920000000000000,0.800000000000000,5
130201010303,Middle Red River,0.530000000000000,0.200000000000000,5,2.800000000000000,0.900000000000000,5,3.260000000000000,1.000000000000000,5,-0.510000000000000,0.080000000000000,1,1.020000000000000,0.830000000000000,5
130201010401,Arroyo Punche,-0.510000000000000,0.060000000000000,1,-0.330000000000000,0.200000000000000,2,-0.500000000000000,0.140000000000000,1,-0.100000000000000,0.150000000000000,3,0.830000000000000,0.780000000000000,5
130201010402,130201010402,-0.610000000000000,0.050000000000000,1,-0.340000000000000,0.200000000000000,2,-0.390000000000000,0.170000000000000,2,-0.170000000000000,0.140000000000000,2,0.540000000000000,0.720000000000000,5
130201010403,Wilson Lake,-0.580000000000000,0.050000000000000,1,-0.140000000000000,0.240000000000000,3,-0.440000000000000,0.150000000000000,2,-0.150000000000000,0.140000000000000,2,0.360000000000000,0.670000000000000,4
130201010404,Cerrito Negrito,-0.490000000000000,0.060000000000000,1,0.230000000000000,0.320000000000000,4,0.000000000000000,0.250000000000000,3,-0.210000000000000,0.130000000000000,2,0.440000000000000,0.690000000000000,5
130201010405,Red River-Rio Grande,-0.220000000000000,0.100000000000000,2,0.420000000000000,0.370000000000000,5,0.440000000000000,0.360000000000000,5,-0.240000000000000,0.130000000000000,2,0.310000000000000,0.660000000000000,4
130201010501,Rito de la Olla,0.440000000000000,0.190000000000000,5,1.310000000000000,0.570000000000000,5,1.140000000000000,0.520000000000000,5,-0.400000000000000,0.100000000000000,1,0.530000000000000,0.710000000000000,5
130201010502,Headwaters Rio Grande de Rancho,0.490000000000000,0.190000000000000,5,1.220000000000000,0.550000000000000,5,0.910000000000000,0.460000000000000,5,-0.390000000000000,0.100000000000000,1,0.290000000000000,0.660000000000000,4
130201010503,Rio Chiquito,0.390000000000000,0.180000000000000,5,1.180000000000000,0.540000000000000,5,1.070000000000000,0.500000000000000,5,-0.440000000000000,0.100000000000000,1,0.570000000000000,0.720000000000000,5
130202090601,Gallinas Canyon,-0.030000000000000,0.120000000000000,3,0.130000000000000,0.300000000000000,4,-0.630000000000000,0.110000000000000,1,-0.420000000000000,0.100000000000000,1,0.260000000000000,0.650000000000000,4
130202090602,Arroyo Montosa,0.050000000000000,0.130000000000000,4,0.110000000000000,0.300000000000000,4,-0.360000000000000,0.170000000000000,2,-0.010000000000000,0.160000000000000,3,0.060000000000000,0.600000000000000,3
130202090603,Dry Lake Canyon,-0.090000000000000,0.120000000000000,3,0.260000000000000,0.330000000000000,4,-0.180000000000000,0.210000000000000,3,-0.170000000000000,0.140000000000000,2,0.210000000000000,0.640000000000000,4
130202090604,Headwaters Arroyo Gato,0.040000000000000,0.130000000000000,4,0.460000000000000,0.380000000000000,5,0.080000000000000,0.270000000000000,4,0.010000000000000,0.160000000000000,3,0.070000000000000,0.600000000000000,3
130202090605,Outlet Arroyo Gato,0.080000000000000,0.140000000000000,4,0.510000000000000,0.390000000000000,5,0.300000000000000,0.320000000000000,4,-0.340000000000000,0.110000000000000,2,0.000000000000000,0.590000000000000,3
130202090606,Headwaters La Jencia Creek,-0.110000000000000,0.110000000000000,3,0.360000000000000,0.350000000000000,4,0.290000000000000,0.320000000000000,4,-0.190000000000000,0.130000000000000,2,-0.140000000000000,0.560000000000000,2
130202090607,Goat Spring,0.100000000000000,0.140000000000000,4,0.630000000000000,0.410000000000000,5,0.580000000000000,0.390000000000000,5,-0.040000000000000,0.160000000000000,3,-0.100000000000000,0.560000000000000,2
130202090608,Outlet La Jencia Creek,-0.390000000000000,0.080000000000000,1,0.340000000000000,0.350000000000000,4,0.620000000000000,0.400000000000000,5,-0.040000000000000,0.160000000000000,3,-0.100000000000000,0.570000000000000,2
130202090701,La Jara Canyon,-0.040000000000000,0.120000000000000,3,0.440000000000000,0.370000000000000,5,0.050000000000000,0.270000000000000,3,-0.480000000000000,0.090000000000000,1,0.110000000000000,0.610000000000000,3
130202090702,Canon del Alamito-Rio Salado,0.010000000000000,0.130000000000000,3,0.240000000000000,0.330000000000000,4,0.440000000000000,0.350000000000000,5,-0.510000000000000,0.080000000000000,1,-0.170000000000000,0.550000000000000,2
130202090703,Baca Canyon-Rio Salado,0.180000000000000,0.150000000000000,4,0.170000000000000,0.310000000000000,4,0.350000000000000,0.330000000000000,4,-0.280000000000000,0.120000000000000,2,-0.080000000000000,0.570000000000000,2
130202090704,Bear Springs Canyon,-0.080000000000000,0.120000000000000,3,0.400000000000000,0.360000000000000,4,0.150000000000000,0.290000000000000,4,-0.400000000000000,0.100000000000000,1,0.090000000000000,0.610000000000000,3
130202090705,Bear Springs Canyon-Rio Salado,0.230000000000000,0.160000000000000,4,0.160000000000000,0.310000000000000,4,0.430000000000000,0.350000000000000,5,-0.390000000000000,0.100000000000000,1,-0.160000000000000,0.550000000000000,2
130201021305,Rio Vallecitos-Rio Tusas,-0.220000000000000,0.100000000000000,2,0.650000000000000,0.420000000000000,5,0.380000000000000,0.340000000000000,4,-0.650000000000000,0.060000000000000,1,0.280000000000000,0.650000000000000,4
130201021401,Jarosa Creek-Rio Vallecitos,0.270000000000000,0.160000000000000,4,1.430000000000000,0.590000000000000,5,1.460000000000000,0.590000000000000,5,-0.210000000000000,0.130000000000000,2,0.250000000000000,0.650000000000000,4
130201021402,Canada Alamosa-Rio Vallecitos,0.210000000000000,0.160000000000000,4,0.940000000000000,0.480000000000000,5,0.790000000000000,0.440000000000000,5,-0.520000000000000,0.080000000000000,1,0.090000000000000,0.610000000000000,3
130201021403,Canada de Agua-Rio Vallecitos,0.020000000000000,0.130000000000000,3,0.560000000000000,0.400000000000000,5,0.230000000000000,0.310000000000000,4,-0.600000000000000,0.070000000000000,1,0.150000000000000,0.620000000000000,4
130201021404,Rio Tusas-Rio Vallecitos,0.030000000000000,0.130000000000000,3,0.630000000000000,0.410000000000000,5,0.280000000000000,0.320000000000000,4,-0.570000000000000,0.080000000000000,1,0.310000000000000,0.660000000000000,4
130201021501,Canada de Los Comanches,-0.160000000000000,0.110000000000000,2,0.380000000000000,0.360000000000000,4,0.210000000000000,0.300000000000000,4,-0.410000000000000,0.100000000000000,1,0.400000000000000,0.680000000000000,5
130201021502,Upper Rio Ojo Caliente,-0.240000000000000,0.100000000000000,2,1.110000000000000,0.520000000000000,5,0.960000000000000,0.480000000000000,5,-0.660000000000000,0.060000000000000,1,0.310000000000000,0.660000000000000,4
140801061503,Coyote Wash-Chaco River,-0.410000000000000,0.070000000000000,1,-0.230000000000000,0.220000000000000,2,0.150000000000000,0.290000000000000,4,-0.360000000000000,0.110000000000000,2,-2.060000000000000,0.110000000000000,1
140801061504,Headwaters Sheep Spring Creek,-0.420000000000000,0.070000000000000,1,-0.270000000000000,0.210000000000000,2,-0.100000000000000,0.230000000000000,3,-0.270000000000000,0.120000000000000,2,-0.690000000000000,0.430000000000000,1
140801061505,Outlet Sheep Spring Creek,-0.120000000000000,0.110000000000000,3,-0.440000000000000,0.170000000000000,2,-0.150000000000000,0.220000000000000,3,0.440000000000000,0.230000000000000,5,-1.390000000000000,0.260000000000000,1
140801061506,Hunter Wash-Chaco River,-0.100000000000000,0.120000000000000,3,-0.410000000000000,0.180000000000000,2,-0.100000000000000,0.230000000000000,3,0.280000000000000,0.200000000000000,4,-1.720000000000000,0.190000000000000,1
140801061601,To-dil-hil Wash,-0.580000000000000,0.050000000000000,1,-0.380000000000000,0.190000000000000,2,-0.170000000000000,0.220000000000000,3,-0.420000000000000,0.100000000000000,1,-0.170000000000000,0.550000000000000,2
140801061602,Mormon Spring,-0.730000000000000,0.030000000000000,1,-0.300000000000000,0.210000000000000,2,-0.200000000000000,0.210000000000000,3,-0.650000000000000,0.060000000000000,1,-0.270000000000000,0.520000000000000,2
140801061603,Tuntsa Wash,-0.210000000000000,0.100000000000000,2,-0.190000000000000,0.230000000000000,2,0.040000000000000,0.260000000000000,3,-0.060000000000000,0.150000000000000,3,-0.680000000000000,0.430000000000000,1
140801061604,Headwaters Captain Tom Wash,-0.220000000000000,0.100000000000000,2,-0.040000000000000,0.260000000000000,3,-0.080000000000000,0.240000000000000,3,-0.320000000000000,0.110000000000000,2,-0.230000000000000,0.530000000000000,2
140801061702,Headwaters Tocita Wash,-0.660000000000000,0.040000000000000,1,-0.080000000000000,0.250000000000000,3,0.080000000000000,0.270000000000000,4,-0.810000000000000,0.040000000000000,1,-0.010000000000000,0.590000000000000,3
150200030603,Lake Armijo-Largo Creek,0.050000000000000,0.130000000000000,4,-0.300000000000000,0.210000000000000,2,-0.170000000000000,0.210000000000000,3,0.080000000000000,0.170000000000000,4,0.490000000000000,0.700000000000000,5
150200030701,Headwaters Red Hill Draw,-0.120000000000000,0.110000000000000,3,-0.040000000000000,0.260000000000000,3,-0.100000000000000,0.230000000000000,3,0.090000000000000,0.180000000000000,4,0.990000000000000,0.820000000000000,5
150200030702,Outlet Red Hill Draw,0.140000000000000,0.150000000000000,4,0.240000000000000,0.330000000000000,4,0.080000000000000,0.270000000000000,4,-0.070000000000000,0.150000000000000,3,0.900000000000000,0.800000000000000,5
150200030703,Cow Springs Draw,-0.340000000000000,0.080000000000000,2,-0.060000000000000,0.260000000000000,3,0.070000000000000,0.270000000000000,4,-0.040000000000000,0.160000000000000,3,1.160000000000000,0.860000000000000,5
150200030704,Mayes Wash,-0.010000000000000,0.130000000000000,3,0.010000000000000,0.280000000000000,3,-0.110000000000000,0.230000000000000,3,-0.140000000000000,0.140000000000000,3,0.900000000000000,0.800000000000000,5
150200030706,LA Draw,-0.180000000000000,0.110000000000000,2,0.020000000000000,0.280000000000000,3,0.210000000000000,0.300000000000000,4,-0.080000000000000,0.150000000000000,3,0.620000000000000,0.730000000000000,5
150200030801,Largo Creek-Carrizo Wash,-0.090000000000000,0.120000000000000,3,-0.340000000000000,0.200000000000000,2,-0.130000000000000,0.220000000000000,3,-0.050000000000000,0.150000000000000,3,0.460000000000000,0.700000000000000,5
150200030802,Red Flat Wash-Carrizo Wash,-0.050000000000000,0.120000000000000,3,0.180000000000000,0.310000000000000,4,0.480000000000000,0.360000000000000,5,0.180000000000000,0.190000000000000,4,0.520000000000000,0.710000000000000,5
150200030803,Cienega Amarilla-Carrizo Wash,0.010000000000000,0.130000000000000,3,0.100000000000000,0.300000000000000,4,0.260000000000000,0.310000000000000,4,0.100000000000000,0.180000000000000,4,0.580000000000000,0.720000000000000,5
150200030901,Twentytwo Draw,-0.070000000000000,0.120000000000000,3,0.040000000000000,0.280000000000000,3,0.250000000000000,0.310000000000000,4,-0.110000000000000,0.150000000000000,3,0.430000000000000,0.690000000000000,5
150200030903,Little Blanco Canyon,-0.170000000000000,0.110000000000000,2,-0.360000000000000,0.190000000000000,2,-0.010000000000000,0.250000000000000,3,0.140000000000000,0.180000000000000,4,0.430000000000000,0.690000000000000,5
110800030509,Carrizo Creek-Canadian River,-0.330000000000000,0.090000000000000,2,-0.140000000000000,0.240000000000000,3,-0.090000000000000,0.230000000000000,3,-0.290000000000000,0.120000000000000,2,0.050000000000000,0.600000000000000,3
110800030610,Mora River-Canadian River,-0.040000000000000,0.120000000000000,3,0.180000000000000,0.310000000000000,4,0.480000000000000,0.360000000000000,5,-0.280000000000000,0.120000000000000,2,-0.020000000000000,0.580000000000000,3
110800030702,Perra Draw,0.310000000000000,0.170000000000000,5,-0.250000000000000,0.220000000000000,2,-0.700000000000000,0.100000000000000,1,0.390000000000000,0.220000000000000,5,-0.100000000000000,0.570000000000000,2
110800030703,Four V Canyon,-0.030000000000000,0.130000000000000,3,-0.190000000000000,0.230000000000000,2,-0.400000000000000,0.160000000000000,2,0.210000000000000,0.190000000000000,4,0.000000000000000,0.590000000000000,3
110800070502,Reunion Draw,-0.630000000000000,0.050000000000000,1,0.020000000000000,0.280000000000000,3,-0.240000000000000,0.200000000000000,2,-0.060000000000000,0.150000000000000,3,0.200000000000000,0.640000000000000,4
110800070503,Kansas Valley Lake,-0.650000000000000,0.040000000000000,1,0.110000000000000,0.300000000000000,4,-0.170000000000000,0.220000000000000,3,-0.070000000000000,0.150000000000000,3,0.210000000000000,0.640000000000000,4
110800070504,Sabino Creek,-0.530000000000000,0.060000000000000,1,-0.530000000000000,0.160000000000000,1,-0.790000000000000,0.070000000000000,1,-0.120000000000000,0.140000000000000,3,0.250000000000000,0.650000000000000,4
110800070505,Ladd Lake,-0.680000000000000,0.040000000000000,1,-0.390000000000000,0.190000000000000,2,-0.660000000000000,0.100000000000000,1,-0.060000000000000,0.150000000000000,3,0.230000000000000,0.640000000000000,4
130201010504,Outlet Rio Grande del Rancho,0.020000000000000,0.130000000000000,3,0.870000000000000,0.470000000000000,5,0.700000000000000,0.410000000000000,5,-0.370000000000000,0.110000000000000,2,0.170000000000000,0.630000000000000,4
130201010601,Headwaters Rio Fernando del Taos,0.330000000000000,0.170000000000000,5,1.040000000000000,0.510000000000000,5,0.880000000000000,0.450000000000000,5,-0.460000000000000,0.090000000000000,1,0.650000000000000,0.740000000000000,5
130201010602,La Junta Creek-Rio Pueblo de Taos,0.510000000000000,0.200000000000000,5,1.390000000000000,0.580000000000000,5,1.280000000000000,0.550000000000000,5,-0.440000000000000,0.100000000000000,1,0.730000000000000,0.760000000000000,5
130201010603,Rita del Gato,0.350000000000000,0.170000000000000,5,2.280000000000000,0.780000000000000,5,2.740000000000000,0.880000000000000,5,-0.360000000000000,0.110000000000000,2,0.700000000000000,0.750000000000000,5
130201010604,Outlet Rio Fernando del Taos,0.110000000000000,0.140000000000000,4,0.760000000000000,0.440000000000000,5,0.790000000000000,0.430000000000000,5,-0.390000000000000,0.100000000000000,1,0.320000000000000,0.660000000000000,4
130201010605,Rio Fernando del Taos-Rio Pueblo del Taos,0.330000000000000,0.170000000000000,5,1.190000000000000,0.540000000000000,5,1.160000000000000,0.520000000000000,5,-0.380000000000000,0.100000000000000,1,0.280000000000000,0.650000000000000,4
130201010606,Arroyo Seco-Rio Pueblo de Taos,-0.360000000000000,0.080000000000000,2,0.590000000000000,0.410000000000000,5,0.590000000000000,0.390000000000000,5,-0.180000000000000,0.140000000000000,2,0.490000000000000,0.700000000000000,5
120500010103,East Sweet Well,-0.200000000000000,0.100000000000000,2,-0.550000000000000,0.150000000000000,1,-0.430000000000000,0.160000000000000,2,0.420000000000000,0.230000000000000,5,-0.340000000000000,0.510000000000000,2
120500010104,Forty Acre Well,-0.510000000000000,0.060000000000000,1,-0.080000000000000,0.260000000000000,3,-0.220000000000000,0.200000000000000,3,0.100000000000000,0.180000000000000,4,-0.190000000000000,0.540000000000000,2
120500010105,Tule Lake,-0.240000000000000,0.100000000000000,2,-0.540000000000000,0.150000000000000,1,-0.560000000000000,0.130000000000000,1,0.300000000000000,0.210000000000000,4,-0.260000000000000,0.530000000000000,2
120500010106,Canada del Tule,-0.750000000000000,0.030000000000000,1,-0.260000000000000,0.220000000000000,2,-0.450000000000000,0.150000000000000,2,-0.070000000000000,0.150000000000000,3,-0.130000000000000,0.560000000000000,2
110800040505,Arroyo Tierra Blanca-Mora River,-0.110000000000000,0.110000000000000,3,-0.160000000000000,0.240000000000000,3,-0.410000000000000,0.160000000000000,2,0.090000000000000,0.180000000000000,4,0.320000000000000,0.660000000000000,4
110800040601,Pedroso Creek,-0.300000000000000,0.090000000000000,2,-0.170000000000000,0.240000000000000,3,-0.500000000000000,0.140000000000000,1,-0.050000000000000,0.150000000000000,3,0.290000000000000,0.660000000000000,4
110800040602,Canon Carriso,-0.380000000000000,0.080000000000000,1,-0.350000000000000,0.190000000000000,2,-0.580000000000000,0.120000000000000,1,-0.080000000000000,0.150000000000000,3,0.300000000000000,0.660000000000000,4
130202030505,Priest Canyon-Abo Arroyo,0.210000000000000,0.160000000000000,4,0.290000000000000,0.340000000000000,4,0.430000000000000,0.350000000000000,5,-0.280000000000000,0.120000000000000,2,0.070000000000000,0.600000000000000,3
130202030506,Pipe Canyon,0.660000000000000,0.220000000000000,5,1.030000000000000,0.500000000000000,5,1.000000000000000,0.480000000000000,5,0.430000000000000,0.230000000000000,5,0.090000000000000,0.610000000000000,3
130202030507,Ojo Barreras,0.320000000000000,0.170000000000000,5,-0.020000000000000,0.270000000000000,3,0.170000000000000,0.290000000000000,4,0.580000000000000,0.250000000000000,5,-0.110000000000000,0.560000000000000,2
130202030508,West and Pyle Ranch-Abo Arroyo,0.480000000000000,0.190000000000000,5,0.120000000000000,0.300000000000000,4,0.060000000000000,0.270000000000000,4,0.820000000000000,0.290000000000000,5,-0.280000000000000,0.520000000000000,2
130202030601,130202030601,0.500000000000000,0.190000000000000,5,0.160000000000000,0.310000000000000,4,-0.030000000000000,0.250000000000000,3,0.690000000000000,0.270000000000000,5,-0.280000000000000,0.520000000000000,2
130202030602,Cedar Wash,1.400000000000000,0.310000000000000,5,-0.020000000000000,0.270000000000000,3,-0.170000000000000,0.210000000000000,3,1.390000000000000,0.370000000000000,5,-0.260000000000000,0.530000000000000,2
130201021503,Canada Las Lemitas,0.110000000000000,0.140000000000000,4,0.410000000000000,0.370000000000000,5,0.210000000000000,0.300000000000000,4,-0.030000000000000,0.160000000000000,3,0.680000000000000,0.750000000000000,5
130201021504,Middle Rio Ojo Caliente,-0.150000000000000,0.110000000000000,2,0.240000000000000,0.330000000000000,4,0.310000000000000,0.330000000000000,4,-0.490000000000000,0.090000000000000,1,0.560000000000000,0.720000000000000,5
130201021505,Canada Ancha,-0.370000000000000,0.080000000000000,2,0.230000000000000,0.320000000000000,4,0.440000000000000,0.360000000000000,5,-0.760000000000000,0.050000000000000,1,0.680000000000000,0.750000000000000,5
130201021506,Lower Rio Ojo Caliente,-0.320000000000000,0.090000000000000,2,0.380000000000000,0.360000000000000,4,0.550000000000000,0.380000000000000,5,-0.610000000000000,0.070000000000000,1,0.540000000000000,0.710000000000000,5
130201021601,Canada de Tio Alfonso-Rio Chama,-0.230000000000000,0.100000000000000,2,0.510000000000000,0.390000000000000,5,0.750000000000000,0.430000000000000,5,-0.650000000000000,0.060000000000000,1,0.390000000000000,0.680000000000000,5
130201021602,Rio del Oso,0.250000000000000,0.160000000000000,4,1.360000000000000,0.580000000000000,5,1.290000000000000,0.550000000000000,5,-0.380000000000000,0.110000000000000,1,0.440000000000000,0.690000000000000,5
130201021603,Rio del Oso-Rio Chama,-0.280000000000000,0.090000000000000,2,0.590000000000000,0.400000000000000,5,0.780000000000000,0.430000000000000,5,-0.640000000000000,0.070000000000000,1,0.410000000000000,0.680000000000000,5
130201021604,Rio Ojo Caliente-Rio Chama,-0.400000000000000,0.080000000000000,1,0.110000000000000,0.300000000000000,4,0.090000000000000,0.280000000000000,4,-0.550000000000000,0.080000000000000,1,0.310000000000000,0.660000000000000,4
130202010101,Arroyo Calabasas,0.150000000000000,0.150000000000000,4,0.390000000000000,0.360000000000000,4,0.190000000000000,0.300000000000000,4,0.010000000000000,0.160000000000000,3,0.440000000000000,0.690000000000000,5
130202010102,Headwaters Santa Fe River,0.220000000000000,0.160000000000000,4,0.870000000000000,0.470000000000000,5,1.060000000000000,0.500000000000000,5,-0.370000000000000,0.110000000000000,2,0.680000000000000,0.750000000000000,5
130202010103,Arroyo de Los Chamisos,-0.130000000000000,0.110000000000000,3,0.400000000000000,0.360000000000000,4,0.720000000000000,0.420000000000000,5,-0.190000000000000,0.130000000000000,2,0.520000000000000,0.710000000000000,5
130202010104,Arroyo Hondo,-0.120000000000000,0.110000000000000,3,0.380000000000000,0.360000000000000,4,0.530000000000000,0.380000000000000,5,-0.390000000000000,0.100000000000000,1,0.520000000000000,0.710000000000000,5
130202010105,Cienega River,-0.030000000000000,0.120000000000000,3,0.290000000000000,0.340000000000000,4,0.360000000000000,0.340000000000000,4,-0.040000000000000,0.160000000000000,3,0.280000000000000,0.650000000000000,4
110800060407,Alamosa Creek-Canadian River,0.190000000000000,0.150000000000000,4,-0.210000000000000,0.230000000000000,2,0.130000000000000,0.290000000000000,4,-0.100000000000000,0.150000000000000,3,-0.160000000000000,0.550000000000000,2
110800060408,Road Draw,-0.030000000000000,0.120000000000000,3,-0.130000000000000,0.240000000000000,3,0.070000000000000,0.270000000000000,4,-0.210000000000000,0.130000000000000,2,-0.270000000000000,0.530000000000000,2
110800060409,Road Draw-Canadian River,0.130000000000000,0.150000000000000,4,0.010000000000000,0.270000000000000,3,0.250000000000000,0.310000000000000,4,-0.080000000000000,0.150000000000000,3,-0.260000000000000,0.530000000000000,2
110800060501,Harben Lake-Pajarito Lake,-0.130000000000000,0.110000000000000,3,1.600000000000000,0.630000000000000,5,1.170000000000000,0.520000000000000,5,0.040000000000000,0.170000000000000,3,0.030000000000000,0.590000000000000,3
110800060502,Mesa del Gato-Pajarito Creek,0.160000000000000,0.150000000000000,4,0.000000000000000,0.270000000000000,3,-0.010000000000000,0.250000000000000,3,0.280000000000000,0.200000000000000,4,0.040000000000000,0.600000000000000,3
110800060503,Caracita Creek,0.160000000000000,0.150000000000000,4,-0.120000000000000,0.250000000000000,3,-0.210000000000000,0.210000000000000,3,0.310000000000000,0.210000000000000,4,0.060000000000000,0.600000000000000,3
110800060504,Bull Canyon Creek,-0.160000000000000,0.110000000000000,2,0.560000000000000,0.400000000000000,5,0.670000000000000,0.410000000000000,5,-0.140000000000000,0.140000000000000,2,0.000000000000000,0.590000000000000,3
130600031804,Crockett Draw-Pecos River,0.180000000000000,0.150000000000000,4,-0.160000000000000,0.240000000000000,3,-0.030000000000000,0.250000000000000,3,0.350000000000000,0.220000000000000,5,-0.330000000000000,0.510000000000000,2
130600031805,Bosque Draw-Pecos River,-0.130000000000000,0.110000000000000,3,-0.720000000000000,0.110000000000000,1,-0.170000000000000,0.220000000000000,3,0.250000000000000,0.200000000000000,4,-0.340000000000000,0.510000000000000,2
130600031806,Fivemile Draw-Pecos River,0.000000000000000,0.130000000000000,3,-0.480000000000000,0.170000000000000,1,-0.140000000000000,0.220000000000000,3,0.250000000000000,0.200000000000000,4,-0.330000000000000,0.510000000000000,2
130600040101,Town of McAlister,-0.800000000000000,0.020000000000000,1,-1.040000000000000,0.040000000000000,1,-0.850000000000000,0.060000000000000,1,-0.040000000000000,0.160000000000000,3,-0.260000000000000,0.530000000000000,2
130600040102,Weber City,-0.520000000000000,0.060000000000000,1,-0.760000000000000,0.100000000000000,1,-0.680000000000000,0.100000000000000,1,0.200000000000000,0.190000000000000,4,-0.360000000000000,0.500000000000000,2
130600040201,Cunavea Basin,-0.520000000000000,0.060000000000000,1,-0.720000000000000,0.110000000000000,1,-0.720000000000000,0.090000000000000,1,-0.030000000000000,0.160000000000000,3,-0.120000000000000,0.560000000000000,2
120500010504,Salt Lake,-0.410000000000000,0.070000000000000,1,-0.710000000000000,0.110000000000000,1,-0.600000000000000,0.120000000000000,1,0.200000000000000,0.190000000000000,4,-0.100000000000000,0.570000000000000,2
120500010505,Coyote Lake,-0.880000000000000,0.010000000000000,1,-1.150000000000000,0.020000000000000,1,-0.600000000000000,0.120000000000000,1,-0.630000000000000,0.070000000000000,1,-0.310000000000000,0.520000000000000,2
120500010606,Town of Griffith,-0.550000000000000,0.060000000000000,1,-0.800000000000000,0.090000000000000,1,-0.240000000000000,0.200000000000000,2,0.270000000000000,0.200000000000000,4,-0.070000000000000,0.570000000000000,3
120500010607,Town of Lingo,-0.700000000000000,0.040000000000000,1,-0.650000000000000,0.130000000000000,1,-0.300000000000000,0.190000000000000,2,0.110000000000000,0.180000000000000,4,-0.110000000000000,0.560000000000000,2
120500010608,Town of Richland,-0.700000000000000,0.040000000000000,1,-0.820000000000000,0.090000000000000,1,-0.570000000000000,0.120000000000000,1,0.080000000000000,0.170000000000000,4,0.000000000000000,0.590000000000000,3
130600110204,Clayton Basin,1.720000000000000,0.360000000000000,5,0.020000000000000,0.280000000000000,3,-0.150000000000000,0.220000000000000,3,1.440000000000000,0.380000000000000,5,-0.100000000000000,0.570000000000000,2
130600111003,Major Johnson Springs-Pecos River,3.540000000000000,0.600000000000000,5,0.150000000000000,0.310000000000000,4,-0.310000000000000,0.180000000000000,2,2.840000000000000,0.590000000000000,5,-0.420000000000000,0.490000000000000,1
130600111004,Dagger Draw,0.890000000000000,0.250000000000000,5,0.280000000000000,0.340000000000000,4,-0.040000000000000,0.240000000000000,3,0.810000000000000,0.280000000000000,5,-0.110000000000000,0.560000000000000,2
130600111005,Dagger Draw-Pecos River,0.950000000000000,0.250000000000000,5,0.030000000000000,0.280000000000000,3,-0.460000000000000,0.150000000000000,2,0.640000000000000,0.260000000000000,5,-0.460000000000000,0.480000000000000,1
130700070202,Town of Eunice-Monument Draw,0.420000000000000,0.180000000000000,5,-0.140000000000000,0.240000000000000,3,-0.210000000000000,0.210000000000000,3,0.510000000000000,0.240000000000000,5,0.050000000000000,0.600000000000000,3
140801011603,La Jara Canyon-Navajo Reservoir,0.900000000000000,0.250000000000000,5,1.400000000000000,0.590000000000000,5,1.410000000000000,0.580000000000000,5,0.650000000000000,0.260000000000000,5,0.500000000000000,0.700000000000000,5
140801011604,Frances Creek,-0.170000000000000,0.110000000000000,2,-0.080000000000000,0.260000000000000,3,-0.190000000000000,0.210000000000000,3,-0.290000000000000,0.120000000000000,2,0.560000000000000,0.720000000000000,5
140801011605,Los Pinos-Navajo Reservoir,3.050000000000000,0.530000000000000,5,-0.020000000000000,0.270000000000000,3,-0.110000000000000,0.230000000000000,3,2.510000000000000,0.540000000000000,5,0.290000000000000,0.660000000000000,4
140801011701,Upper Goberndador Canyon,-0.450000000000000,0.070000000000000,1,0.520000000000000,0.390000000000000,5,0.650000000000000,0.400000000000000,5,-0.430000000000000,0.100000000000000,1,0.680000000000000,0.750000000000000,5
110800030704,Conchas Reservoir-Canadian River,3.100000000000000,0.540000000000000,5,-0.150000000000000,0.240000000000000,3,-0.280000000000000,0.190000000000000,2,2.870000000000000,0.600000000000000,5,-0.150000000000000,0.550000000000000,2
130202030603,Cedar Wash-Rio Grande,1.430000000000000,0.320000000000000,5,-0.120000000000000,0.250000000000000,3,0.100000000000000,0.280000000000000,4,1.480000000000000,0.390000000000000,5,-1.040000000000000,0.350000000000000,1
130202030605,Arroyo del Cuervo,0.230000000000000,0.160000000000000,4,0.280000000000000,0.340000000000000,4,0.440000000000000,0.350000000000000,5,0.200000000000000,0.190000000000000,4,-0.130000000000000,0.560000000000000,2
120500020101,Town of St. Vrain,-0.700000000000000,0.040000000000000,1,-1.020000000000000,0.050000000000000,1,-0.670000000000000,0.100000000000000,1,0.040000000000000,0.170000000000000,3,-0.540000000000000,0.460000000000000,1
120500020102,Oasis State Park,-0.570000000000000,0.050000000000000,1,-0.990000000000000,0.050000000000000,1,-0.430000000000000,0.160000000000000,2,0.170000000000000,0.190000000000000,4,-0.520000000000000,0.470000000000000,1
130201011302,Santa Clara Creek-Rio Grande,-0.300000000000000,0.090000000000000,2,0.420000000000000,0.370000000000000,5,0.610000000000000,0.400000000000000,5,-0.570000000000000,0.080000000000000,1,0.260000000000000,0.650000000000000,4
130201011303,Los Alamos Canyon,0.420000000000000,0.180000000000000,5,1.850000000000000,0.690000000000000,5,2.120000000000000,0.740000000000000,5,-0.310000000000000,0.120000000000000,2,0.080000000000000,0.610000000000000,3
130201011304,Los Alamos Canyon-Rio Grande,-0.160000000000000,0.110000000000000,2,0.450000000000000,0.370000000000000,5,0.540000000000000,0.380000000000000,5,-0.510000000000000,0.090000000000000,1,0.110000000000000,0.610000000000000,3
130201020101,East Fork Brazos,0.510000000000000,0.200000000000000,5,1.220000000000000,0.540000000000000,5,0.940000000000000,0.470000000000000,5,-0.070000000000000,0.150000000000000,3,0.830000000000000,0.780000000000000,5
130201020102,West Fork Brazos,0.470000000000000,0.190000000000000,5,2.250000000000000,0.780000000000000,5,1.890000000000000,0.690000000000000,5,-0.160000000000000,0.140000000000000,2,1.270000000000000,0.890000000000000,5
130201020104,Gavilan Creek-Rio Brazos,0.340000000000000,0.170000000000000,5,2.210000000000000,0.770000000000000,5,2.120000000000000,0.740000000000000,5,-0.150000000000000,0.140000000000000,2,0.690000000000000,0.750000000000000,5
130201020105,Chavez Creek,0.280000000000000,0.170000000000000,4,1.570000000000000,0.620000000000000,5,1.700000000000000,0.640000000000000,5,-0.430000000000000,0.100000000000000,1,0.410000000000000,0.680000000000000,5
130201020106,Chavez Creek-Rio Brazos,0.240000000000000,0.160000000000000,4,1.950000000000000,0.710000000000000,5,2.480000000000000,0.820000000000000,5,-0.360000000000000,0.110000000000000,2,0.430000000000000,0.690000000000000,5
130201020206,Canones Creek,0.430000000000000,0.190000000000000,5,1.630000000000000,0.640000000000000,5,1.880000000000000,0.680000000000000,5,-0.460000000000000,0.090000000000000,1,0.760000000000000,0.770000000000000,5
130201020207,Rio Brazos-Rio Chama,0.100000000000000,0.140000000000000,4,1.490000000000000,0.610000000000000,5,1.730000000000000,0.650000000000000,5,-0.290000000000000,0.120000000000000,2,0.510000000000000,0.710000000000000,5
130201020301,Canada de Tio Roque,-0.250000000000000,0.090000000000000,2,0.810000000000000,0.450000000000000,5,1.240000000000000,0.540000000000000,5,-0.450000000000000,0.090000000000000,1,0.330000000000000,0.670000000000000,4
130201020302,Headwaters Willow Creek,0.040000000000000,0.130000000000000,4,1.190000000000000,0.540000000000000,5,1.390000000000000,0.570000000000000,5,-0.430000000000000,0.100000000000000,1,0.330000000000000,0.670000000000000,4
130201020303,Outlet Willow Creek,-0.370000000000000,0.080000000000000,2,0.850000000000000,0.460000000000000,5,1.090000000000000,0.500000000000000,5,-0.430000000000000,0.100000000000000,1,0.210000000000000,0.640000000000000,4
130201020304,Horse Lake Creek,0.060000000000000,0.140000000000000,4,0.700000000000000,0.430000000000000,5,0.980000000000000,0.480000000000000,5,-0.260000000000000,0.120000000000000,2,0.260000000000000,0.650000000000000,4
130201020305,Heron Reservoir,4.990000000000000,0.790000000000000,5,0.150000000000000,0.310000000000000,4,0.100000000000000,0.280000000000000,4,4.340000000000000,0.820000000000000,5,0.140000000000000,0.620000000000000,3
130201020401,Rito de Tierra Amarilla,0.250000000000000,0.160000000000000,4,1.750000000000000,0.660000000000000,5,1.640000000000000,0.630000000000000,5,-0.350000000000000,0.110000000000000,2,0.240000000000000,0.640000000000000,4
110800060505,Bull Canyon Creek-Pajarito Creek,0.180000000000000,0.150000000000000,4,-0.110000000000000,0.250000000000000,3,-0.160000000000000,0.220000000000000,3,0.180000000000000,0.190000000000000,4,-0.010000000000000,0.590000000000000,3
110800060601,Arroyo de Las Palomas,0.020000000000000,0.130000000000000,3,0.200000000000000,0.320000000000000,4,0.150000000000000,0.290000000000000,4,0.190000000000000,0.190000000000000,4,-0.100000000000000,0.560000000000000,2
110800060602,Vigil Canyon,-0.070000000000000,0.120000000000000,3,-0.230000000000000,0.220000000000000,2,-0.140000000000000,0.220000000000000,3,-0.130000000000000,0.140000000000000,3,0.050000000000000,0.600000000000000,3
110800060603,Vigil Canyon-Pajarito Creek,0.160000000000000,0.150000000000000,4,0.040000000000000,0.280000000000000,3,-0.060000000000000,0.240000000000000,3,0.080000000000000,0.170000000000000,4,-0.180000000000000,0.550000000000000,2
110800060604,Blanca Creek,-0.100000000000000,0.120000000000000,3,-0.130000000000000,0.240000000000000,3,-0.250000000000000,0.200000000000000,2,-0.130000000000000,0.140000000000000,3,-0.090000000000000,0.570000000000000,2
110800060605,Blanca Creek-Pajarito Creek,0.010000000000000,0.130000000000000,3,-0.240000000000000,0.220000000000000,2,-0.130000000000000,0.230000000000000,3,-0.020000000000000,0.160000000000000,3,-0.260000000000000,0.530000000000000,2
110800060606,Tucumcari Lake-Canadian River,0.340000000000000,0.170000000000000,5,-0.190000000000000,0.230000000000000,2,0.080000000000000,0.270000000000000,4,0.380000000000000,0.220000000000000,5,-0.460000000000000,0.480000000000000,1
110800060701,Pajarito Creek-Canadian River,0.100000000000000,0.140000000000000,4,-0.190000000000000,0.230000000000000,2,0.110000000000000,0.280000000000000,4,-0.120000000000000,0.140000000000000,3,-0.430000000000000,0.490000000000000,1
110800060702,Headwaters Carros Creek,0.300000000000000,0.170000000000000,5,-0.020000000000000,0.270000000000000,3,-0.030000000000000,0.250000000000000,3,0.220000000000000,0.190000000000000,4,-0.270000000000000,0.530000000000000,2
110800060703,Outlet Carros Creek,0.450000000000000,0.190000000000000,5,-0.150000000000000,0.240000000000000,3,-0.100000000000000,0.230000000000000,3,0.310000000000000,0.210000000000000,4,-0.350000000000000,0.510000000000000,2
110800060704,Romero Draw,1.010000000000000,0.260000000000000,5,-0.090000000000000,0.250000000000000,3,0.010000000000000,0.260000000000000,3,0.820000000000000,0.290000000000000,5,-0.390000000000000,0.500000000000000,1
110800060705,Romero Draw-Canadian River,2.000000000000000,0.390000000000000,5,-0.150000000000000,0.240000000000000,3,0.110000000000000,0.280000000000000,4,1.800000000000000,0.430000000000000,5,-0.400000000000000,0.500000000000000,1
130202050601,Canon Medio,-0.090000000000000,0.120000000000000,3,-0.020000000000000,0.270000000000000,3,0.300000000000000,0.320000000000000,4,-0.210000000000000,0.130000000000000,2,0.000000000000000,0.590000000000000,3
120800030303,Twin Lakes,-0.810000000000000,0.020000000000000,1,-1.090000000000000,0.030000000000000,1,-0.550000000000000,0.130000000000000,1,0.000000000000000,0.160000000000000,3,0.070000000000000,0.610000000000000,3
120800030401,120800030401,-0.710000000000000,0.030000000000000,1,-1.030000000000000,0.040000000000000,1,-0.440000000000000,0.160000000000000,2,0.060000000000000,0.170000000000000,4,0.040000000000000,0.600000000000000,3
120800030404,Upper Seminole Draw,-0.610000000000000,0.050000000000000,1,-0.940000000000000,0.060000000000000,1,-0.430000000000000,0.160000000000000,2,0.120000000000000,0.180000000000000,4,-0.050000000000000,0.580000000000000,3
130202090706,Canada Popotosa-Rio Salado,0.580000000000000,0.210000000000000,5,0.220000000000000,0.320000000000000,4,0.160000000000000,0.290000000000000,4,-0.280000000000000,0.120000000000000,2,-0.060000000000000,0.570000000000000,3
130202100101,Arroyo Seco,-0.210000000000000,0.100000000000000,2,-0.340000000000000,0.200000000000000,2,-0.130000000000000,0.220000000000000,3,-0.050000000000000,0.150000000000000,3,-0.190000000000000,0.550000000000000,2
130202100102,Axtell Well,-0.130000000000000,0.110000000000000,3,-0.120000000000000,0.250000000000000,3,0.330000000000000,0.330000000000000,4,-0.220000000000000,0.130000000000000,2,-0.260000000000000,0.530000000000000,2
130202100103,Arroyo Seco-Chupadera Arroyo,-0.210000000000000,0.100000000000000,2,-0.100000000000000,0.250000000000000,3,0.170000000000000,0.290000000000000,4,-0.400000000000000,0.100000000000000,1,-0.120000000000000,0.560000000000000,2
130202100104,Grumble Gulch,0.070000000000000,0.140000000000000,4,0.010000000000000,0.270000000000000,3,0.380000000000000,0.340000000000000,4,-0.100000000000000,0.150000000000000,3,-0.130000000000000,0.560000000000000,2
140801011702,Middle Gobernador Canyon,-0.550000000000000,0.060000000000000,1,-0.140000000000000,0.240000000000000,3,0.090000000000000,0.280000000000000,4,-0.570000000000000,0.080000000000000,1,0.660000000000000,0.740000000000000,5
130202050503,Penistaja Arroyo,-0.220000000000000,0.100000000000000,2,-0.300000000000000,0.210000000000000,2,-0.170000000000000,0.220000000000000,3,-0.180000000000000,0.140000000000000,2,0.130000000000000,0.620000000000000,3
130202050504,Headwaters Papers Wash,-0.580000000000000,0.050000000000000,1,0.170000000000000,0.310000000000000,4,0.380000000000000,0.340000000000000,4,-0.160000000000000,0.140000000000000,2,0.120000000000000,0.620000000000000,3
130202050505,Outlet Papers Wash,-0.480000000000000,0.070000000000000,1,0.050000000000000,0.280000000000000,4,0.380000000000000,0.340000000000000,4,-0.060000000000000,0.150000000000000,3,0.020000000000000,0.590000000000000,3
130202050506,Papers Wash-Torreon Wash,-0.380000000000000,0.080000000000000,2,0.100000000000000,0.300000000000000,4,0.450000000000000,0.360000000000000,5,-0.130000000000000,0.140000000000000,3,-0.040000000000000,0.580000000000000,3
130600010805,Arroyo Pecos-Gallinas River,-0.130000000000000,0.110000000000000,3,0.420000000000000,0.370000000000000,5,0.370000000000000,0.340000000000000,4,-0.510000000000000,0.090000000000000,1,0.160000000000000,0.630000000000000,4
130600010806,Agua Zarca,-0.120000000000000,0.110000000000000,3,0.500000000000000,0.380000000000000,5,0.470000000000000,0.360000000000000,5,-0.470000000000000,0.090000000000000,1,0.100000000000000,0.610000000000000,3
130600010807,Vegosa Creek,0.050000000000000,0.140000000000000,4,-0.070000000000000,0.260000000000000,3,-0.470000000000000,0.150000000000000,2,0.110000000000000,0.180000000000000,4,0.170000000000000,0.630000000000000,4
130600010808,Vegosa Creek-Gallinas River,0.320000000000000,0.170000000000000,5,-0.010000000000000,0.270000000000000,3,-0.030000000000000,0.250000000000000,3,0.180000000000000,0.190000000000000,4,0.010000000000000,0.590000000000000,3
130600010902,Canon del Agua,-0.070000000000000,0.120000000000000,3,0.090000000000000,0.290000000000000,4,0.100000000000000,0.280000000000000,4,-0.200000000000000,0.130000000000000,2,0.100000000000000,0.610000000000000,3
150200040101,Muerto Canyon,-0.120000000000000,0.110000000000000,3,-0.090000000000000,0.250000000000000,3,-0.370000000000000,0.170000000000000,2,-0.230000000000000,0.130000000000000,2,-0.270000000000000,0.520000000000000,2
150200040102,Togeye Canyon,-0.210000000000000,0.100000000000000,2,-0.220000000000000,0.220000000000000,2,-0.430000000000000,0.160000000000000,2,-0.370000000000000,0.110000000000000,1,-0.350000000000000,0.510000000000000,2
150200040103,Cebolla Creek,-0.180000000000000,0.110000000000000,2,-0.140000000000000,0.240000000000000,3,-0.350000000000000,0.180000000000000,2,-0.340000000000000,0.110000000000000,2,-0.460000000000000,0.480000000000000,1
150200040201,Upper Rio Nutria,-0.370000000000000,0.080000000000000,2,0.470000000000000,0.380000000000000,5,0.450000000000000,0.360000000000000,5,-0.490000000000000,0.090000000000000,1,-0.270000000000000,0.520000000000000,2
150200040202,Stinking Spring,-0.300000000000000,0.090000000000000,2,-0.130000000000000,0.240000000000000,3,-0.460000000000000,0.150000000000000,2,-0.570000000000000,0.080000000000000,1,-0.500000000000000,0.470000000000000,1
150200040203,Middle Rio Nutria,-0.320000000000000,0.090000000000000,2,-0.250000000000000,0.220000000000000,2,-0.370000000000000,0.170000000000000,2,-0.560000000000000,0.080000000000000,1,-0.640000000000000,0.440000000000000,1
150200040204,Coal Mine Canyon,-0.230000000000000,0.100000000000000,2,-0.340000000000000,0.200000000000000,2,-0.660000000000000,0.100000000000000,1,-0.530000000000000,0.080000000000000,1,-0.580000000000000,0.450000000000000,1
150200040205,Lower Rio Nutria,-0.360000000000000,0.080000000000000,2,-0.180000000000000,0.230000000000000,3,-0.290000000000000,0.190000000000000,2,-0.520000000000000,0.080000000000000,1,-0.520000000000000,0.470000000000000,1
150200040301,Headwaters White Horse Draw,-0.460000000000000,0.070000000000000,1,-0.340000000000000,0.200000000000000,2,-0.440000000000000,0.160000000000000,2,-0.090000000000000,0.150000000000000,3,0.040000000000000,0.600000000000000,3
150200040302,Carrizozo Draw,-0.190000000000000,0.100000000000000,2,-0.160000000000000,0.240000000000000,3,-0.330000000000000,0.180000000000000,2,-0.030000000000000,0.160000000000000,3,-0.060000000000000,0.570000000000000,3
150200040303,Outlet White Horse Draw,-0.030000000000000,0.120000000000000,3,-0.080000000000000,0.250000000000000,3,-0.330000000000000,0.180000000000000,2,-0.060000000000000,0.150000000000000,3,-0.020000000000000,0.580000000000000,3
130201020402,El Vado Reservoir-Rio Chama,0.320000000000000,0.170000000000000,5,0.580000000000000,0.400000000000000,5,0.880000000000000,0.460000000000000,5,0.230000000000000,0.200000000000000,4,0.090000000000000,0.610000000000000,3
130201020403,Stone Lake,0.230000000000000,0.160000000000000,4,0.600000000000000,0.410000000000000,5,0.840000000000000,0.450000000000000,5,-0.300000000000000,0.120000000000000,2,0.180000000000000,0.630000000000000,4
130201020404,Stock Driveway Canyon,-0.020000000000000,0.130000000000000,3,0.380000000000000,0.360000000000000,4,0.140000000000000,0.290000000000000,4,-0.510000000000000,0.090000000000000,1,0.250000000000000,0.650000000000000,4
130201020405,Stinking Lake,0.110000000000000,0.140000000000000,4,0.340000000000000,0.350000000000000,4,0.430000000000000,0.350000000000000,5,-0.210000000000000,0.130000000000000,2,0.190000000000000,0.630000000000000,4
120500010107,Canada del Tule-Fiddlers Draw,-0.440000000000000,0.070000000000000,1,-0.900000000000000,0.070000000000000,1,-0.600000000000000,0.120000000000000,1,0.230000000000000,0.200000000000000,4,-0.450000000000000,0.480000000000000,1
130202030606,Canon Monte Largo,0.410000000000000,0.180000000000000,5,0.480000000000000,0.380000000000000,5,0.610000000000000,0.390000000000000,5,0.300000000000000,0.210000000000000,4,0.060000000000000,0.600000000000000,3
130202030607,Canon Monte Largo-Rio Grande,0.450000000000000,0.190000000000000,5,-0.370000000000000,0.190000000000000,2,-0.080000000000000,0.240000000000000,3,0.710000000000000,0.270000000000000,5,-0.740000000000000,0.420000000000000,1
130202030608,Town of Jarales-Rio Grande,0.790000000000000,0.230000000000000,5,-0.520000000000000,0.160000000000000,1,-0.060000000000000,0.240000000000000,3,1.040000000000000,0.320000000000000,5,-0.960000000000000,0.360000000000000,1
130202030701,Pino Draw,0.390000000000000,0.180000000000000,5,0.290000000000000,0.340000000000000,4,0.260000000000000,0.310000000000000,4,0.600000000000000,0.250000000000000,5,-0.110000000000000,0.560000000000000,2
130202030702,Pino Draw-Rio Grande,0.740000000000000,0.230000000000000,5,-0.370000000000000,0.190000000000000,2,-0.140000000000000,0.220000000000000,3,0.970000000000000,0.310000000000000,5,-0.710000000000000,0.420000000000000,1
130202030703,Bootleg Canyon,0.250000000000000,0.160000000000000,4,0.230000000000000,0.320000000000000,4,0.270000000000000,0.320000000000000,4,0.450000000000000,0.230000000000000,5,0.010000000000000,0.590000000000000,3
110800050102,Laguna La Monia,-0.190000000000000,0.100000000000000,2,-0.050000000000000,0.260000000000000,3,-0.500000000000000,0.140000000000000,1,0.050000000000000,0.170000000000000,4,0.270000000000000,0.650000000000000,4
110800050105,Canon de Las Cuevas-Conchas River,-0.120000000000000,0.110000000000000,3,0.090000000000000,0.290000000000000,4,-0.160000000000000,0.220000000000000,3,-0.020000000000000,0.160000000000000,3,0.260000000000000,0.650000000000000,4
110800050106,Harris Canyon-Conchas River,-0.190000000000000,0.100000000000000,2,-0.070000000000000,0.260000000000000,3,-0.180000000000000,0.210000000000000,3,-0.250000000000000,0.130000000000000,2,0.050000000000000,0.600000000000000,3
110800050108,Salitre Creek,-0.020000000000000,0.130000000000000,3,-0.020000000000000,0.270000000000000,3,-0.100000000000000,0.230000000000000,3,-0.180000000000000,0.140000000000000,2,0.070000000000000,0.600000000000000,3
110800050109,Salitre Creek-Conchas River,0.020000000000000,0.130000000000000,3,-0.140000000000000,0.240000000000000,3,-0.370000000000000,0.170000000000000,2,-0.010000000000000,0.160000000000000,3,0.160000000000000,0.620000000000000,4
130201020406,El Vado Reservoir,0.210000000000000,0.160000000000000,4,0.520000000000000,0.390000000000000,5,0.750000000000000,0.430000000000000,5,-0.250000000000000,0.120000000000000,2,0.210000000000000,0.640000000000000,4
130201020501,Cedar Grove Cemetery-Arroyo Blanco,-0.320000000000000,0.090000000000000,2,0.690000000000000,0.430000000000000,5,0.880000000000000,0.460000000000000,5,-0.430000000000000,0.100000000000000,1,0.270000000000000,0.650000000000000,4
130201020502,Headwaters Rio Cebolla,-0.010000000000000,0.130000000000000,3,0.810000000000000,0.450000000000000,5,0.860000000000000,0.450000000000000,5,-0.250000000000000,0.120000000000000,2,0.530000000000000,0.710000000000000,5
130201020503,Outlet Rio Cebolla,-0.470000000000000,0.070000000000000,1,1.020000000000000,0.500000000000000,5,1.270000000000000,0.550000000000000,5,-0.360000000000000,0.110000000000000,2,0.190000000000000,0.630000000000000,4
130202100105,Ranch Viejo Arroyo,-0.230000000000000,0.100000000000000,2,-0.380000000000000,0.190000000000000,2,-0.020000000000000,0.250000000000000,3,-0.090000000000000,0.150000000000000,3,0.030000000000000,0.600000000000000,3
130202100106,Shaw Well,-0.170000000000000,0.110000000000000,2,-0.320000000000000,0.200000000000000,2,-0.110000000000000,0.230000000000000,3,0.070000000000000,0.170000000000000,4,0.000000000000000,0.590000000000000,3
130202100107,Patterson Draw,-0.260000000000000,0.090000000000000,2,-0.110000000000000,0.250000000000000,3,0.260000000000000,0.310000000000000,4,-0.120000000000000,0.140000000000000,3,0.040000000000000,0.600000000000000,3
130202100109,Rancho Viejo Arroyo-Chupadera Arroyo,-0.370000000000000,0.080000000000000,2,0.440000000000000,0.370000000000000,5,0.760000000000000,0.430000000000000,5,0.080000000000000,0.170000000000000,4,-0.130000000000000,0.560000000000000,2
130202100201,Coyote Springs,-0.410000000000000,0.070000000000000,1,-0.240000000000000,0.220000000000000,2,0.180000000000000,0.300000000000000,4,0.000000000000000,0.160000000000000,3,-0.110000000000000,0.560000000000000,2
130202100202,Coyote Springs-Chupadera Arroyo,-0.380000000000000,0.080000000000000,1,-0.160000000000000,0.240000000000000,3,0.290000000000000,0.320000000000000,4,0.040000000000000,0.170000000000000,3,-0.150000000000000,0.550000000000000,2
130202100203,Headwaters Yellow Dog Canyon,-0.140000000000000,0.110000000000000,3,-0.050000000000000,0.260000000000000,3,0.170000000000000,0.290000000000000,4,-0.230000000000000,0.130000000000000,2,-0.050000000000000,0.580000000000000,3
130202100204,Brushy Mountain,0.060000000000000,0.140000000000000,4,0.080000000000000,0.290000000000000,4,0.250000000000000,0.310000000000000,4,-0.020000000000000,0.160000000000000,3,-0.140000000000000,0.560000000000000,2
130202100205,Headwaters Mesa Well Canyon,0.030000000000000,0.130000000000000,3,0.060000000000000,0.290000000000000,4,0.370000000000000,0.340000000000000,4,-0.110000000000000,0.150000000000000,3,-0.140000000000000,0.560000000000000,2
130202100206,Hoot Owl Canyon,-0.170000000000000,0.110000000000000,2,-0.270000000000000,0.210000000000000,2,-0.310000000000000,0.180000000000000,2,0.070000000000000,0.170000000000000,4,-0.120000000000000,0.560000000000000,2
130202100207,Wash Hale Canyon,-0.020000000000000,0.130000000000000,3,0.090000000000000,0.290000000000000,4,0.210000000000000,0.300000000000000,4,-0.050000000000000,0.150000000000000,3,-0.070000000000000,0.570000000000000,3
130202100208,Outlet Yellow Dog Canyon,-0.090000000000000,0.120000000000000,3,-0.160000000000000,0.240000000000000,3,-0.060000000000000,0.240000000000000,3,0.050000000000000,0.170000000000000,4,-0.100000000000000,0.570000000000000,2
130202100209,Outlet Mesa Well Canyon,-0.230000000000000,0.100000000000000,2,-0.330000000000000,0.200000000000000,2,-0.040000000000000,0.240000000000000,3,0.050000000000000,0.170000000000000,4,-0.110000000000000,0.560000000000000,2
130202100210,Bruton Canyon,0.000000000000000,0.130000000000000,3,0.370000000000000,0.360000000000000,4,0.220000000000000,0.300000000000000,4,-0.140000000000000,0.140000000000000,2,-0.020000000000000,0.580000000000000,3
130202100211,Bruton Canyon-Chupadera Canyon,-0.350000000000000,0.080000000000000,2,-0.430000000000000,0.180000000000000,2,-0.050000000000000,0.240000000000000,3,0.200000000000000,0.190000000000000,4,-0.230000000000000,0.540000000000000,2
130202010106,Alamo Creek,0.300000000000000,0.170000000000000,4,0.790000000000000,0.450000000000000,5,0.410000000000000,0.350000000000000,5,0.180000000000000,0.190000000000000,4,0.310000000000000,0.660000000000000,4
130202010107,Outlet Santa Fe River,0.410000000000000,0.180000000000000,5,2.100000000000000,0.740000000000000,5,1.960000000000000,0.700000000000000,5,0.220000000000000,0.190000000000000,4,0.120000000000000,0.620000000000000,3
130202010201,Headwaters Canada Ancha,-0.180000000000000,0.100000000000000,2,0.380000000000000,0.360000000000000,4,0.230000000000000,0.310000000000000,4,-0.320000000000000,0.110000000000000,2,0.410000000000000,0.680000000000000,5
130202010202,Outlet Canada Ancha,-0.040000000000000,0.120000000000000,3,1.180000000000000,0.540000000000000,5,0.630000000000000,0.400000000000000,5,-0.500000000000000,0.090000000000000,1,0.380000000000000,0.680000000000000,4
130202010203,Canada Ancha-Rio Grande,0.110000000000000,0.140000000000000,4,0.810000000000000,0.450000000000000,5,0.890000000000000,0.460000000000000,5,-0.350000000000000,0.110000000000000,2,-0.060000000000000,0.580000000000000,3
150200040304,Williams Lake,-0.240000000000000,0.100000000000000,2,0.040000000000000,0.280000000000000,4,-0.230000000000000,0.200000000000000,2,0.030000000000000,0.170000000000000,3,0.090000000000000,0.610000000000000,3
150200040305,Valle Largo,-0.300000000000000,0.090000000000000,2,0.020000000000000,0.280000000000000,3,-0.080000000000000,0.240000000000000,3,-0.350000000000000,0.110000000000000,2,-0.150000000000000,0.550000000000000,2
150200040306,Monument Lake,-0.400000000000000,0.080000000000000,1,-0.300000000000000,0.210000000000000,2,-0.330000000000000,0.180000000000000,2,-0.240000000000000,0.130000000000000,2,0.010000000000000,0.590000000000000,3
150200040307,Togeye Lake,-0.400000000000000,0.080000000000000,1,-0.270000000000000,0.210000000000000,2,-0.410000000000000,0.160000000000000,2,-0.140000000000000,0.140000000000000,2,-0.230000000000000,0.540000000000000,2
150200040308,Crockett Draw,-0.320000000000000,0.090000000000000,2,-0.180000000000000,0.230000000000000,3,-0.400000000000000,0.160000000000000,2,-0.340000000000000,0.110000000000000,2,-0.130000000000000,0.560000000000000,2
150200040309,Cebolla Creek-Rio Pescado,-0.210000000000000,0.100000000000000,2,-0.250000000000000,0.220000000000000,2,-0.500000000000000,0.140000000000000,1,-0.220000000000000,0.130000000000000,2,-0.330000000000000,0.510000000000000,2
150200040310,Pescado Draw-Rio Pescado,-0.320000000000000,0.090000000000000,2,-0.200000000000000,0.230000000000000,2,-0.420000000000000,0.160000000000000,2,-0.550000000000000,0.080000000000000,1,-0.430000000000000,0.490000000000000,1
150200040311,Horsehead Canyon,-0.500000000000000,0.060000000000000,1,-0.380000000000000,0.190000000000000,2,-0.600000000000000,0.120000000000000,1,-0.530000000000000,0.080000000000000,1,-0.200000000000000,0.540000000000000,2
150200040312,Horsehead Canyon-Rio Pescado,-0.300000000000000,0.090000000000000,2,-0.050000000000000,0.260000000000000,3,-0.270000000000000,0.190000000000000,2,-0.570000000000000,0.080000000000000,1,-0.510000000000000,0.470000000000000,1
150200040313,Black Rock Reservoir-Zuni River,-0.150000000000000,0.110000000000000,2,-0.240000000000000,0.220000000000000,2,-0.100000000000000,0.230000000000000,3,-0.190000000000000,0.130000000000000,2,-0.220000000000000,0.540000000000000,2
120500010609,Town of Garrison,-0.530000000000000,0.060000000000000,1,-1.030000000000000,0.040000000000000,1,-0.780000000000000,0.080000000000000,1,0.230000000000000,0.200000000000000,4,-0.010000000000000,0.590000000000000,3
130600040205,Browning Cemetery,-0.760000000000000,0.030000000000000,1,-1.030000000000000,0.040000000000000,1,-0.870000000000000,0.060000000000000,1,-0.010000000000000,0.160000000000000,3,-0.150000000000000,0.550000000000000,2
130600040206,Caballo Lake-Alamosa Creek,-0.630000000000000,0.040000000000000,1,-0.770000000000000,0.100000000000000,1,-0.710000000000000,0.090000000000000,1,0.010000000000000,0.160000000000000,3,-0.270000000000000,0.520000000000000,2
130600040302,Burk Lake-Alamosa Creek,-0.710000000000000,0.030000000000000,1,-0.830000000000000,0.090000000000000,1,-0.860000000000000,0.060000000000000,1,-0.020000000000000,0.160000000000000,3,-0.380000000000000,0.500000000000000,1
140801011703,Lower Gobernador Canyon,-0.550000000000000,0.060000000000000,1,-0.010000000000000,0.270000000000000,3,0.100000000000000,0.280000000000000,4,-0.670000000000000,0.060000000000000,1,0.340000000000000,0.670000000000000,4
140801011804,Middle Pump Canyon,-0.370000000000000,0.080000000000000,2,-0.140000000000000,0.240000000000000,3,-0.310000000000000,0.180000000000000,2,-0.560000000000000,0.080000000000000,1,0.160000000000000,0.630000000000000,4
140801011805,Lower Pump Canyon,-0.440000000000000,0.070000000000000,1,-0.220000000000000,0.220000000000000,2,-0.120000000000000,0.230000000000000,3,-0.620000000000000,0.070000000000000,1,0.120000000000000,0.620000000000000,3
140801011901,Pump Canyon-San Juan River,-0.380000000000000,0.080000000000000,1,-0.140000000000000,0.240000000000000,3,0.050000000000000,0.270000000000000,4,-0.530000000000000,0.080000000000000,1,0.150000000000000,0.620000000000000,4
130500010103,Middle Armijo Draw,-0.100000000000000,0.110000000000000,3,0.460000000000000,0.370000000000000,5,0.190000000000000,0.300000000000000,4,0.130000000000000,0.180000000000000,4,0.460000000000000,0.700000000000000,5
130500010104,Lower Armijo Draw,-0.240000000000000,0.100000000000000,2,0.310000000000000,0.340000000000000,4,0.040000000000000,0.260000000000000,3,0.180000000000000,0.190000000000000,4,0.310000000000000,0.660000000000000,4
130500010201,Big Draw,-0.290000000000000,0.090000000000000,2,0.300000000000000,0.340000000000000,4,0.180000000000000,0.290000000000000,4,0.140000000000000,0.180000000000000,4,0.470000000000000,0.700000000000000,5
110800040604,Canon Encinoso,-0.410000000000000,0.070000000000000,1,-0.300000000000000,0.210000000000000,2,-0.300000000000000,0.190000000000000,2,-0.150000000000000,0.140000000000000,2,0.330000000000000,0.660000000000000,4
110800040605,Canon Encinoso-Mora River,-0.450000000000000,0.070000000000000,1,-0.230000000000000,0.220000000000000,2,-0.230000000000000,0.200000000000000,2,-0.180000000000000,0.140000000000000,2,0.310000000000000,0.660000000000000,4
110800040607,Tata Vique,-0.400000000000000,0.080000000000000,1,-0.390000000000000,0.190000000000000,2,-0.630000000000000,0.110000000000000,1,-0.090000000000000,0.150000000000000,3,0.180000000000000,0.630000000000000,4
110800040608,Tata Vique-Mora River,-0.470000000000000,0.070000000000000,1,-0.070000000000000,0.260000000000000,3,0.190000000000000,0.300000000000000,4,-0.350000000000000,0.110000000000000,2,0.200000000000000,0.640000000000000,4
110800050107,Cactus Tank,-0.210000000000000,0.100000000000000,2,-0.210000000000000,0.230000000000000,2,-0.680000000000000,0.100000000000000,1,0.050000000000000,0.170000000000000,4,0.170000000000000,0.630000000000000,4
120500050103,120500050103-Running Water Draw,-0.680000000000000,0.040000000000000,1,-0.670000000000000,0.120000000000000,1,-0.710000000000000,0.090000000000000,1,-0.060000000000000,0.150000000000000,3,-0.480000000000000,0.480000000000000,1
120800040102,120800040102,-0.710000000000000,0.030000000000000,1,-0.910000000000000,0.070000000000000,1,-1.040000000000000,0.020000000000000,1,-0.010000000000000,0.160000000000000,3,0.030000000000000,0.600000000000000,3
110800040603,Canon Escondido,-0.320000000000000,0.090000000000000,2,-0.380000000000000,0.190000000000000,2,-0.690000000000000,0.100000000000000,1,-0.010000000000000,0.160000000000000,3,0.370000000000000,0.680000000000000,4
120800040301,120800040401,-0.560000000000000,0.050000000000000,1,-1.060000000000000,0.040000000000000,1,-0.960000000000000,0.040000000000000,1,0.100000000000000,0.180000000000000,4,0.200000000000000,0.630000000000000,4
120800060201,Johnson Ranch,-0.760000000000000,0.030000000000000,1,-1.020000000000000,0.050000000000000,1,-0.810000000000000,0.070000000000000,1,-0.030000000000000,0.160000000000000,3,0.040000000000000,0.600000000000000,3
120500050104,Garrett Ranch-Running Water Draw,-0.680000000000000,0.040000000000000,1,-0.690000000000000,0.120000000000000,1,-0.590000000000000,0.120000000000000,1,-0.020000000000000,0.160000000000000,3,-0.620000000000000,0.440000000000000,1
110800070701,Black Lake,-0.540000000000000,0.060000000000000,1,-0.310000000000000,0.200000000000000,2,-0.670000000000000,0.100000000000000,1,0.000000000000000,0.160000000000000,3,0.250000000000000,0.650000000000000,4
110800030608,Headwaters Arroyo Alamocito,-0.060000000000000,0.120000000000000,3,-0.340000000000000,0.200000000000000,2,-0.170000000000000,0.220000000000000,3,0.070000000000000,0.170000000000000,4,0.040000000000000,0.600000000000000,3
110800040606,Sixtysix Creek,-0.190000000000000,0.100000000000000,2,-0.540000000000000,0.150000000000000,1,-0.650000000000000,0.110000000000000,1,0.100000000000000,0.180000000000000,4,0.310000000000000,0.660000000000000,4
110800050110,Cobra Creek,-0.090000000000000,0.120000000000000,3,-0.140000000000000,0.240000000000000,3,-0.820000000000000,0.070000000000000,1,0.110000000000000,0.180000000000000,4,0.020000000000000,0.590000000000000,3
130202031209,Tiffany Canyon-Rio Grande,0.330000000000000,0.170000000000000,5,-0.300000000000000,0.210000000000000,2,-0.350000000000000,0.170000000000000,2,0.490000000000000,0.240000000000000,5,-0.730000000000000,0.420000000000000,1
110800030609,Outlet Arroyo Alamocito,0.210000000000000,0.160000000000000,4,-0.190000000000000,0.230000000000000,2,-0.710000000000000,0.090000000000000,1,0.230000000000000,0.200000000000000,4,-0.140000000000000,0.560000000000000,2
110800070401,Upper Carrizo Creek,-0.600000000000000,0.050000000000000,1,-0.740000000000000,0.110000000000000,1,-0.970000000000000,0.030000000000000,1,-0.050000000000000,0.150000000000000,3,0.360000000000000,0.670000000000000,4
120500010306,Tierra Blanca Lake,-0.540000000000000,0.060000000000000,1,-0.430000000000000,0.180000000000000,2,-0.210000000000000,0.210000000000000,3,0.220000000000000,0.190000000000000,4,-0.230000000000000,0.540000000000000,2
120500010401,Badger Lake,-0.780000000000000,0.030000000000000,1,-0.570000000000000,0.150000000000000,1,-0.630000000000000,0.110000000000000,1,-0.010000000000000,0.160000000000000,3,0.130000000000000,0.620000000000000,3
120500050105,Town of Cloud-Running Water Draw,-0.650000000000000,0.040000000000000,1,-0.360000000000000,0.190000000000000,2,-0.280000000000000,0.190000000000000,2,0.060000000000000,0.170000000000000,4,-0.730000000000000,0.420000000000000,1
110800030503,Canon Mestenito,-0.130000000000000,0.110000000000000,3,-0.310000000000000,0.200000000000000,2,-0.470000000000000,0.150000000000000,2,-0.020000000000000,0.160000000000000,3,0.140000000000000,0.620000000000000,3
130202080510,Birmingham Well,0.450000000000000,0.190000000000000,5,-0.440000000000000,0.180000000000000,2,-0.250000000000000,0.200000000000000,2,0.960000000000000,0.310000000000000,5,0.230000000000000,0.640000000000000,4
130202080511,Bat Cave Wells,0.750000000000000,0.230000000000000,5,0.000000000000000,0.270000000000000,3,-0.160000000000000,0.220000000000000,3,1.030000000000000,0.320000000000000,5,0.370000000000000,0.670000000000000,4
120800060205,120800060205,-0.790000000000000,0.020000000000000,1,-1.010000000000000,0.050000000000000,1,-0.460000000000000,0.150000000000000,2,-0.010000000000000,0.160000000000000,3,-0.090000000000000,0.570000000000000,2
110800030504,Canon Mesteno,-0.280000000000000,0.090000000000000,2,-0.410000000000000,0.180000000000000,2,-0.610000000000000,0.120000000000000,1,-0.080000000000000,0.150000000000000,3,0.150000000000000,0.620000000000000,4
120800010104,Murdock Well,-0.770000000000000,0.030000000000000,1,-0.950000000000000,0.060000000000000,1,-0.520000000000000,0.140000000000000,1,0.030000000000000,0.170000000000000,3,0.090000000000000,0.610000000000000,3
120500010503,Town of Arch,0.190000000000000,0.150000000000000,4,-1.090000000000000,0.030000000000000,1,-0.630000000000000,0.110000000000000,1,0.730000000000000,0.270000000000000,5,-0.280000000000000,0.520000000000000,2
110800050111,Chorro Springs,-0.010000000000000,0.130000000000000,3,-0.170000000000000,0.240000000000000,3,-0.320000000000000,0.180000000000000,2,-0.090000000000000,0.150000000000000,3,0.000000000000000,0.590000000000000,3
111201010304,Hammond Ranch-Frio Draw,-0.490000000000000,0.060000000000000,1,-0.400000000000000,0.180000000000000,2,-0.600000000000000,0.120000000000000,1,0.010000000000000,0.160000000000000,3,-0.260000000000000,0.530000000000000,2
111201010305,Smith Ranch-Frio Draw,-0.410000000000000,0.070000000000000,1,-0.510000000000000,0.160000000000000,1,-0.680000000000000,0.100000000000000,1,0.020000000000000,0.160000000000000,3,-0.340000000000000,0.510000000000000,2
110800030505,Canon Mesteno-Canadian River,-0.430000000000000,0.070000000000000,1,-0.110000000000000,0.250000000000000,3,0.200000000000000,0.300000000000000,4,-0.350000000000000,0.110000000000000,2,0.120000000000000,0.620000000000000,3
130600031801,Horse Creek,-0.040000000000000,0.120000000000000,3,-0.510000000000000,0.160000000000000,1,-0.330000000000000,0.180000000000000,2,0.460000000000000,0.230000000000000,5,-0.340000000000000,0.510000000000000,2
110800040402,Arroyo Needam,-0.280000000000000,0.090000000000000,2,-0.450000000000000,0.170000000000000,1,-0.710000000000000,0.090000000000000,1,-0.200000000000000,0.130000000000000,2,0.460000000000000,0.700000000000000,5
110800040502,Dog Creek,0.060000000000000,0.140000000000000,4,-0.270000000000000,0.210000000000000,2,-0.620000000000000,0.110000000000000,1,0.080000000000000,0.170000000000000,4,0.500000000000000,0.700000000000000,5
110800050305,Difrises Arroyo,0.280000000000000,0.170000000000000,4,-0.110000000000000,0.250000000000000,3,-0.180000000000000,0.210000000000000,3,0.320000000000000,0.210000000000000,5,0.070000000000000,0.610000000000000,3
130600111002,Lake McMillan,0.970000000000000,0.260000000000000,5,-0.200000000000000,0.230000000000000,2,-0.010000000000000,0.250000000000000,3,0.920000000000000,0.300000000000000,5,-0.260000000000000,0.530000000000000,2
120500010701,120500010701,-0.770000000000000,0.030000000000000,1,-0.790000000000000,0.100000000000000,1,-0.500000000000000,0.140000000000000,1,-0.010000000000000,0.160000000000000,3,0.030000000000000,0.600000000000000,3
110400010305,Lower Long Canyon,-0.340000000000000,0.080000000000000,2,0.020000000000000,0.280000000000000,3,0.210000000000000,0.300000000000000,4,-0.400000000000000,0.100000000000000,1,0.260000000000000,0.650000000000000,4
120500010406,City of Rogers,-0.410000000000000,0.070000000000000,1,-0.560000000000000,0.150000000000000,1,-0.530000000000000,0.130000000000000,1,0.340000000000000,0.210000000000000,5,0.040000000000000,0.600000000000000,3
120500010409,Little Salt Lake,-0.130000000000000,0.110000000000000,3,-0.680000000000000,0.120000000000000,1,-0.250000000000000,0.200000000000000,2,0.450000000000000,0.230000000000000,5,0.030000000000000,0.590000000000000,3
120800010203,Big Well,-0.350000000000000,0.080000000000000,2,-0.750000000000000,0.110000000000000,1,-0.570000000000000,0.120000000000000,1,0.440000000000000,0.230000000000000,5,0.100000000000000,0.610000000000000,3
120800030201,120800030201,-0.670000000000000,0.040000000000000,1,-1.010000000000000,0.050000000000000,1,-0.970000000000000,0.030000000000000,1,0.000000000000000,0.160000000000000,3,0.290000000000000,0.660000000000000,4
130600010901,La Cueva Canyon,-0.200000000000000,0.100000000000000,2,0.100000000000000,0.300000000000000,4,0.300000000000000,0.320000000000000,4,-0.230000000000000,0.130000000000000,2,0.400000000000000,0.680000000000000,5
110800060706,Ute Creek-Canadian River,6.570000000000000,1.000000000000000,5,-0.170000000000000,0.230000000000000,3,-0.040000000000000,0.250000000000000,3,5.550000000000000,1.000000000000000,5,-0.500000000000000,0.470000000000000,1
120500010101,120500010101,-0.750000000000000,0.030000000000000,1,-1.040000000000000,0.040000000000000,1,-0.870000000000000,0.060000000000000,1,0.040000000000000,0.170000000000000,4,-0.410000000000000,0.490000000000000,1
120500010102,Fiddlers Draw,-0.670000000000000,0.040000000000000,1,-0.990000000000000,0.050000000000000,1,-0.790000000000000,0.070000000000000,1,0.120000000000000,0.180000000000000,4,-0.470000000000000,0.480000000000000,1
110901020301,Laguna Tierra Amatosa,-0.470000000000000,0.070000000000000,1,-0.400000000000000,0.180000000000000,2,-0.620000000000000,0.110000000000000,1,0.040000000000000,0.170000000000000,4,0.130000000000000,0.620000000000000,3
110800030507,Canon Hondo-Canadian River,-0.210000000000000,0.100000000000000,2,-0.200000000000000,0.230000000000000,2,-0.200000000000000,0.210000000000000,3,-0.240000000000000,0.130000000000000,2,0.060000000000000,0.600000000000000,3
130600040204,City of House,-0.740000000000000,0.030000000000000,1,-0.890000000000000,0.070000000000000,1,-0.860000000000000,0.060000000000000,1,-0.050000000000000,0.150000000000000,3,-0.250000000000000,0.530000000000000,2
130600040301,130600040301,-0.830000000000000,0.020000000000000,1,-1.090000000000000,0.030000000000000,1,-0.900000000000000,0.050000000000000,1,-0.010000000000000,0.160000000000000,3,-0.350000000000000,0.510000000000000,2
110400010501,Upper Travesser Creek,-0.730000000000000,0.030000000000000,1,-0.680000000000000,0.120000000000000,1,-0.360000000000000,0.170000000000000,2,-0.140000000000000,0.140000000000000,2,0.430000000000000,0.690000000000000,5
110800040503,Cherry Valley Lake,0.200000000000000,0.150000000000000,4,-0.340000000000000,0.200000000000000,2,-0.690000000000000,0.100000000000000,1,0.520000000000000,0.240000000000000,5,0.350000000000000,0.670000000000000,4
120500010602,Baker Lake,-0.780000000000000,0.030000000000000,1,-1.060000000000000,0.040000000000000,1,-0.910000000000000,0.050000000000000,1,0.050000000000000,0.170000000000000,4,0.080000000000000,0.610000000000000,3
120800030301,Good Ranch,-0.540000000000000,0.060000000000000,1,-0.680000000000000,0.120000000000000,1,-0.870000000000000,0.060000000000000,1,0.060000000000000,0.170000000000000,4,0.290000000000000,0.660000000000000,4
130202070103,Largo Dam,-0.570000000000000,0.050000000000000,1,-0.230000000000000,0.220000000000000,2,-0.260000000000000,0.190000000000000,2,-0.460000000000000,0.090000000000000,1,-0.700000000000000,0.420000000000000,1
120500020103,Dead Horse Lake,-0.730000000000000,0.030000000000000,1,-0.990000000000000,0.050000000000000,1,-0.830000000000000,0.070000000000000,1,0.050000000000000,0.170000000000000,4,-0.530000000000000,0.470000000000000,1
120500010201,Town of Tornero-Boone Draw,-0.630000000000000,0.050000000000000,1,-0.430000000000000,0.180000000000000,2,-0.600000000000000,0.120000000000000,1,0.110000000000000,0.180000000000000,4,0.080000000000000,0.610000000000000,3
120800030302,Morton Oil Field,-0.770000000000000,0.030000000000000,1,-1.190000000000000,0.010000000000000,1,-0.920000000000000,0.040000000000000,1,-0.050000000000000,0.150000000000000,3,0.260000000000000,0.650000000000000,4
120800030601,120800030601,-0.560000000000000,0.050000000000000,1,-0.710000000000000,0.110000000000000,1,-0.880000000000000,0.050000000000000,1,0.020000000000000,0.170000000000000,3,0.310000000000000,0.660000000000000,4
130600040305,Chapman Draw,-0.600000000000000,0.050000000000000,1,-0.510000000000000,0.160000000000000,1,-0.670000000000000,0.100000000000000,1,0.030000000000000,0.170000000000000,3,-0.160000000000000,0.550000000000000,2
130202070203,Sawyer Creek,-0.320000000000000,0.090000000000000,2,0.000000000000000,0.270000000000000,3,-0.140000000000000,0.220000000000000,3,-0.280000000000000,0.120000000000000,2,-0.370000000000000,0.500000000000000,1
120500010202,City of Elida-Boone Draw,-0.530000000000000,0.060000000000000,1,-0.700000000000000,0.120000000000000,1,-0.800000000000000,0.070000000000000,1,0.170000000000000,0.190000000000000,4,0.030000000000000,0.600000000000000,3
130202030604,Town of Chavez-Rio Grande,0.400000000000000,0.180000000000000,5,-0.200000000000000,0.230000000000000,2,-0.010000000000000,0.250000000000000,3,0.650000000000000,0.260000000000000,5,-1.020000000000000,0.350000000000000,1
110800030511,Canon Encierro,-0.060000000000000,0.120000000000000,3,0.280000000000000,0.340000000000000,4,0.440000000000000,0.350000000000000,5,-0.390000000000000,0.100000000000000,1,-0.030000000000000,0.580000000000000,3
120800030605,120800030605,-0.660000000000000,0.040000000000000,1,-0.960000000000000,0.060000000000000,1,-0.410000000000000,0.160000000000000,2,0.050000000000000,0.170000000000000,4,0.100000000000000,0.610000000000000,3
130600010701,Canon de Baca,0.240000000000000,0.160000000000000,4,-0.070000000000000,0.260000000000000,3,-0.770000000000000,0.080000000000000,1,0.220000000000000,0.200000000000000,4,-0.020000000000000,0.580000000000000,3
110400010502,Dickey Canyon,-0.600000000000000,0.050000000000000,1,-0.320000000000000,0.200000000000000,2,-0.410000000000000,0.160000000000000,2,-0.250000000000000,0.120000000000000,2,0.310000000000000,0.660000000000000,4
120800040108,120800040108,-0.550000000000000,0.060000000000000,1,-1.100000000000000,0.030000000000000,1,-1.070000000000000,0.010000000000000,1,0.110000000000000,0.180000000000000,4,0.150000000000000,0.620000000000000,4
120500020104,120500020104,-0.800000000000000,0.020000000000000,1,-1.120000000000000,0.020000000000000,1,-0.870000000000000,0.060000000000000,1,0.030000000000000,0.170000000000000,3,-0.610000000000000,0.450000000000000,1
120500020109,City of Clovis,-0.420000000000000,0.070000000000000,1,-0.690000000000000,0.120000000000000,1,-0.270000000000000,0.190000000000000,2,0.340000000000000,0.210000000000000,5,-0.390000000000000,0.500000000000000,1
110800030601,110800030601,-0.020000000000000,0.130000000000000,3,-0.370000000000000,0.190000000000000,2,-0.940000000000000,0.040000000000000,1,0.230000000000000,0.200000000000000,4,0.290000000000000,0.660000000000000,4
110800030602,Canon Ciruela,-0.350000000000000,0.080000000000000,2,-0.310000000000000,0.200000000000000,2,-0.300000000000000,0.190000000000000,2,-0.160000000000000,0.140000000000000,2,0.250000000000000,0.650000000000000,4
110800030508,Canon Alamita,-0.400000000000000,0.080000000000000,1,-0.060000000000000,0.260000000000000,3,-0.230000000000000,0.200000000000000,2,-0.340000000000000,0.110000000000000,2,0.040000000000000,0.600000000000000,3
120500010301,120500010301,-0.660000000000000,0.040000000000000,1,0.200000000000000,0.320000000000000,4,0.170000000000000,0.290000000000000,4,0.080000000000000,0.170000000000000,4,-0.090000000000000,0.570000000000000,2
110800050101,Goetsch Ranch,-0.040000000000000,0.120000000000000,3,-0.340000000000000,0.200000000000000,2,-0.960000000000000,0.040000000000000,1,0.120000000000000,0.180000000000000,4,0.300000000000000,0.660000000000000,4
120800030606,Tulk Oil Field,-0.540000000000000,0.060000000000000,1,-0.690000000000000,0.120000000000000,1,-0.960000000000000,0.040000000000000,1,0.030000000000000,0.170000000000000,3,0.300000000000000,0.660000000000000,4
110800030510,Canon Hondo,-0.510000000000000,0.060000000000000,1,-0.090000000000000,0.250000000000000,3,-0.260000000000000,0.200000000000000,2,-0.280000000000000,0.120000000000000,2,0.160000000000000,0.630000000000000,4
130202070304,Middle San Mateo Creek,-0.220000000000000,0.100000000000000,2,0.060000000000000,0.290000000000000,4,-0.060000000000000,0.240000000000000,3,-0.400000000000000,0.100000000000000,1,-0.540000000000000,0.460000000000000,1
110800050103,Canada Tuloso,-0.100000000000000,0.110000000000000,3,-0.060000000000000,0.260000000000000,3,0.000000000000000,0.250000000000000,3,-0.150000000000000,0.140000000000000,2,0.160000000000000,0.630000000000000,4
120500020301,120500050301,-0.770000000000000,0.030000000000000,1,-0.060000000000000,0.260000000000000,3,0.110000000000000,0.280000000000000,4,0.060000000000000,0.170000000000000,4,-0.550000000000000,0.460000000000000,1
110800030607,Arroyo del Gato,0.130000000000000,0.150000000000000,4,-0.210000000000000,0.230000000000000,2,-0.330000000000000,0.180000000000000,2,0.130000000000000,0.180000000000000,4,-0.100000000000000,0.570000000000000,2
120800040202,Middle Eightmile Draw,-0.620000000000000,0.050000000000000,1,-0.820000000000000,0.090000000000000,1,-0.340000000000000,0.180000000000000,2,0.130000000000000,0.180000000000000,4,0.000000000000000,0.590000000000000,3
120500050101,Town of Field-Running Water Draw,-0.580000000000000,0.050000000000000,1,-0.270000000000000,0.210000000000000,2,-0.340000000000000,0.180000000000000,2,0.040000000000000,0.170000000000000,3,-0.360000000000000,0.500000000000000,2
110800070202,Romero Spring,-0.500000000000000,0.060000000000000,1,-0.690000000000000,0.120000000000000,1,-0.860000000000000,0.060000000000000,1,-0.150000000000000,0.140000000000000,2,0.420000000000000,0.690000000000000,5
120800040101,Copper Ranch,-0.740000000000000,0.030000000000000,1,-0.980000000000000,0.050000000000000,1,-0.510000000000000,0.140000000000000,1,-0.010000000000000,0.160000000000000,3,0.140000000000000,0.620000000000000,3
110800030701,Wade Canyon-Canadian River,-0.010000000000000,0.130000000000000,3,-0.120000000000000,0.250000000000000,3,-0.270000000000000,0.190000000000000,2,0.030000000000000,0.170000000000000,3,-0.100000000000000,0.560000000000000,2
110800070506,Las Cuevas Canyon,-0.670000000000000,0.040000000000000,1,-0.540000000000000,0.150000000000000,1,-0.790000000000000,0.070000000000000,1,-0.130000000000000,0.140000000000000,3,0.250000000000000,0.650000000000000,4
120500010302,Gregory Lake,-0.600000000000000,0.050000000000000,1,-0.600000000000000,0.140000000000000,1,-0.580000000000000,0.120000000000000,1,0.100000000000000,0.180000000000000,4,-0.160000000000000,0.550000000000000,2
110800030306,Headwaters Sauz Creek,0.110000000000000,0.140000000000000,4,-0.470000000000000,0.170000000000000,1,-0.860000000000000,0.060000000000000,1,0.340000000000000,0.210000000000000,5,0.350000000000000,0.670000000000000,4
110800050104,Canon Hondo,-0.060000000000000,0.120000000000000,3,-0.190000000000000,0.230000000000000,2,-0.410000000000000,0.160000000000000,2,-0.050000000000000,0.150000000000000,3,0.190000000000000,0.630000000000000,4
120500020110,120500020110,-0.290000000000000,0.090000000000000,2,-0.780000000000000,0.100000000000000,1,-0.170000000000000,0.220000000000000,3,0.240000000000000,0.200000000000000,4,-0.400000000000000,0.490000000000000,1
120500020111,120500020111,-0.620000000000000,0.050000000000000,1,-0.360000000000000,0.190000000000000,2,-0.090000000000000,0.230000000000000,3,0.160000000000000,0.190000000000000,4,-0.510000000000000,0.470000000000000,1
120500020112,Birdwell Ranch,999.000000000000000,999.000000000000000,999,999.000000000000000,999.000000000000000,999,999.000000000000000,999.000000000000000,999,999.000000000000000,999.000000000000000,999,-0.330000000000000,0.510000000000000,2
140801061703,Outlet Tocita Wash,-0.570000000000000,0.050000000000000,1,-0.660000000000000,0.130000000000000,1,-0.210000000000000,0.210000000000000,3,-0.020000000000000,0.160000000000000,3,-0.320000000000000,0.510000000000000,2
140801061704,Middle Sanostee Wash,-0.550000000000000,0.060000000000000,1,-0.600000000000000,0.140000000000000,1,-0.180000000000000,0.210000000000000,3,-0.160000000000000,0.140000000000000,2,-0.120000000000000,0.560000000000000,2
130600110305,Beargrass Draw-Pamilla Draw,0.440000000000000,0.190000000000000,5,0.340000000000000,0.350000000000000,4,-0.030000000000000,0.250000000000000,3,0.560000000000000,0.250000000000000,5,0.030000000000000,0.600000000000000,3
130600110306,Burton Flat-Pamilla Draw,1.240000000000000,0.290000000000000,5,0.000000000000000,0.270000000000000,3,-0.210000000000000,0.210000000000000,3,1.050000000000000,0.320000000000000,5,-0.010000000000000,0.590000000000000,3
130600110307,Scanlon Draw-Pamilla Draw,1.170000000000000,0.280000000000000,5,0.020000000000000,0.280000000000000,3,-0.180000000000000,0.210000000000000,3,1.040000000000000,0.320000000000000,5,-0.140000000000000,0.550000000000000,2
130600110308,Lone Tree Draw,1.130000000000000,0.280000000000000,5,0.030000000000000,0.280000000000000,3,-0.150000000000000,0.220000000000000,3,0.980000000000000,0.310000000000000,5,-0.270000000000000,0.530000000000000,2
130600110401,Cox Canyon-Fourmile Draw,0.020000000000000,0.130000000000000,3,0.600000000000000,0.410000000000000,5,0.830000000000000,0.440000000000000,5,-0.100000000000000,0.150000000000000,3,0.250000000000000,0.650000000000000,4
130600110402,Pretty Bird Canyon-Fourmile Canyon,0.020000000000000,0.130000000000000,3,0.290000000000000,0.340000000000000,4,0.190000000000000,0.300000000000000,4,-0.310000000000000,0.120000000000000,2,0.150000000000000,0.620000000000000,4
130600110403,Horse Canyon-Fourmile Canyon,-0.010000000000000,0.130000000000000,3,0.130000000000000,0.300000000000000,4,-0.190000000000000,0.210000000000000,3,-0.230000000000000,0.130000000000000,2,-0.130000000000000,0.560000000000000,2
130600110404,Bear Canyon,0.060000000000000,0.140000000000000,4,0.260000000000000,0.330000000000000,4,0.030000000000000,0.260000000000000,3,-0.240000000000000,0.130000000000000,2,-0.110000000000000,0.560000000000000,2
130600110405,Bullis Canyon,0.110000000000000,0.140000000000000,4,0.200000000000000,0.320000000000000,4,-0.100000000000000,0.230000000000000,3,-0.150000000000000,0.140000000000000,2,-0.190000000000000,0.550000000000000,2
130600110406,Red Tank Draw-Fourmile Draw,0.230000000000000,0.160000000000000,4,0.180000000000000,0.310000000000000,4,-0.200000000000000,0.210000000000000,3,-0.080000000000000,0.150000000000000,3,-0.460000000000000,0.480000000000000,1
130600110407,New Tank Draw-Fourmile Draw,-0.060000000000000,0.120000000000000,3,-0.110000000000000,0.250000000000000,3,0.100000000000000,0.280000000000000,4,0.250000000000000,0.200000000000000,4,-0.460000000000000,0.480000000000000,1
130202070506,Lower Acoma Creek,0.070000000000000,0.140000000000000,4,0.150000000000000,0.310000000000000,4,0.380000000000000,0.340000000000000,4,-0.050000000000000,0.150000000000000,3,-0.690000000000000,0.430000000000000,1
130202070601,Headwaters Largo Canon,-0.040000000000000,0.120000000000000,3,0.370000000000000,0.360000000000000,4,0.170000000000000,0.290000000000000,4,-0.200000000000000,0.130000000000000,2,0.210000000000000,0.640000000000000,4
130202070602,Outlet Largo Canon,-0.270000000000000,0.090000000000000,2,0.120000000000000,0.300000000000000,4,0.410000000000000,0.350000000000000,5,-0.220000000000000,0.130000000000000,2,-0.450000000000000,0.480000000000000,1
130202070603,Tafoya Canyon-Rio San Jose,0.010000000000000,0.130000000000000,3,0.490000000000000,0.380000000000000,5,0.330000000000000,0.330000000000000,4,-0.160000000000000,0.140000000000000,2,0.010000000000000,0.590000000000000,3
130202070604,Rinconada Creek,-0.160000000000000,0.110000000000000,2,0.330000000000000,0.350000000000000,4,0.190000000000000,0.300000000000000,4,-0.560000000000000,0.080000000000000,1,0.000000000000000,0.590000000000000,3
130202070605,Rinconada Creek-Rio San Jose,0.080000000000000,0.140000000000000,4,0.210000000000000,0.320000000000000,4,0.200000000000000,0.300000000000000,4,0.030000000000000,0.170000000000000,3,-2.000000000000000,0.120000000000000,1
130202070606,San Jose Canyon,0.120000000000000,0.140000000000000,4,0.070000000000000,0.290000000000000,4,-0.160000000000000,0.220000000000000,3,-0.220000000000000,0.130000000000000,2,-0.030000000000000,0.580000000000000,3
130202070607,Castillo Canyon,0.000000000000000,0.130000000000000,3,0.470000000000000,0.380000000000000,5,0.570000000000000,0.380000000000000,5,-0.420000000000000,0.100000000000000,1,-0.160000000000000,0.550000000000000,2
130202070608,Canon Seco-Rio San Jose,0.000000000000000,0.130000000000000,3,0.160000000000000,0.310000000000000,4,0.170000000000000,0.290000000000000,4,-0.180000000000000,0.130000000000000,2,-1.300000000000000,0.280000000000000,1
111001010401,111001010401,999.000000000000000,999.000000000000000,999,999.000000000000000,999.000000000000000,999,999.000000000000000,999.000000000000000,999,999.000000000000000,999.000000000000000,999,999.000000000000000,999.000000000000000,999
110901040201,Town of Sofia,-0.740000000000000,0.030000000000000,1,-0.690000000000000,0.120000000000000,1,-0.890000000000000,0.050000000000000,1,-0.120000000000000,0.140000000000000,3,0.470000000000000,0.700000000000000,5
110901040202,Cedar Creek,-0.650000000000000,0.040000000000000,1,-0.620000000000000,0.130000000000000,1,-0.890000000000000,0.050000000000000,1,-0.090000000000000,0.150000000000000,3,0.380000000000000,0.680000000000000,4
110901040203,Tripod Mountain,-0.520000000000000,0.060000000000000,1,-0.660000000000000,0.130000000000000,1,-0.790000000000000,0.070000000000000,1,0.030000000000000,0.170000000000000,3,0.600000000000000,0.730000000000000,5
110901040301,Trabajo Creek,-0.650000000000000,0.040000000000000,1,-0.550000000000000,0.150000000000000,1,-0.810000000000000,0.070000000000000,1,-0.110000000000000,0.150000000000000,3,0.270000000000000,0.650000000000000,4
110901040302,Cedar Creek-Carrizo Creek,-0.440000000000000,0.070000000000000,1,-0.440000000000000,0.180000000000000,2,-0.680000000000000,0.100000000000000,1,-0.070000000000000,0.150000000000000,3,0.160000000000000,0.630000000000000,4
110901040303,Cedar Hills-Carrizo Creek,-0.640000000000000,0.040000000000000,1,-0.460000000000000,0.170000000000000,1,-0.480000000000000,0.140000000000000,1,-0.150000000000000,0.140000000000000,2,-0.040000000000000,0.580000000000000,3
111001010101,Black Springs,-0.680000000000000,0.040000000000000,1,-0.520000000000000,0.160000000000000,1,-0.660000000000000,0.100000000000000,1,-0.250000000000000,0.120000000000000,2,0.500000000000000,0.710000000000000,5
111001010102,Wetherly Lake,-0.570000000000000,0.050000000000000,1,-0.520000000000000,0.160000000000000,1,-0.310000000000000,0.180000000000000,2,-0.150000000000000,0.140000000000000,2,0.510000000000000,0.710000000000000,5
111001010103,Spring Creek,-0.630000000000000,0.050000000000000,1,-0.640000000000000,0.130000000000000,1,-0.650000000000000,0.110000000000000,1,-0.180000000000000,0.140000000000000,2,0.390000000000000,0.680000000000000,4
111001010104,Spring Creek-Corrumpa Creek,-0.640000000000000,0.040000000000000,1,-0.640000000000000,0.130000000000000,1,-0.720000000000000,0.090000000000000,1,-0.180000000000000,0.140000000000000,2,0.370000000000000,0.680000000000000,4
111001010105,Turkey Canyon-Corrumpa Creek,-0.440000000000000,0.070000000000000,1,-0.350000000000000,0.190000000000000,2,-0.550000000000000,0.130000000000000,1,-0.290000000000000,0.120000000000000,2,0.250000000000000,0.650000000000000,4
150400040106,Apache Creek,0.110000000000000,0.140000000000000,4,0.620000000000000,0.410000000000000,5,0.460000000000000,0.360000000000000,5,-0.490000000000000,0.090000000000000,1,0.520000000000000,0.710000000000000,5
150400040107,Apache Creek-Tularosa River,0.010000000000000,0.130000000000000,3,0.420000000000000,0.370000000000000,5,0.020000000000000,0.260000000000000,3,-0.400000000000000,0.100000000000000,1,0.440000000000000,0.690000000000000,5
150400040108,Cold Springs Canyon-Tularosa River,0.050000000000000,0.130000000000000,4,0.600000000000000,0.410000000000000,5,0.130000000000000,0.280000000000000,4,-0.510000000000000,0.090000000000000,1,0.530000000000000,0.710000000000000,5
150400040201,Long Canyon-Tularosa River,0.090000000000000,0.140000000000000,4,0.570000000000000,0.400000000000000,5,0.250000000000000,0.310000000000000,4,-0.360000000000000,0.110000000000000,2,0.650000000000000,0.740000000000000,5
150400040202,Headwaters North Fork Negrito Creek,-0.030000000000000,0.120000000000000,3,0.310000000000000,0.340000000000000,4,-0.120000000000000,0.230000000000000,3,-0.190000000000000,0.130000000000000,2,0.660000000000000,0.740000000000000,5
150400040203,South Fork Negrito Creek,0.010000000000000,0.130000000000000,3,0.470000000000000,0.380000000000000,5,-0.070000000000000,0.240000000000000,3,-0.390000000000000,0.100000000000000,1,0.740000000000000,0.760000000000000,5
150400040204,Outlet North Fork Negrito Creek,-0.100000000000000,0.120000000000000,3,0.530000000000000,0.390000000000000,5,0.070000000000000,0.270000000000000,4,-0.530000000000000,0.080000000000000,1,0.800000000000000,0.780000000000000,5
150400040205,Sign Camp Canyon,0.060000000000000,0.140000000000000,4,0.730000000000000,0.440000000000000,5,0.000000000000000,0.260000000000000,3,-0.300000000000000,0.120000000000000,2,0.740000000000000,0.760000000000000,5
150400040206,Negrito Creek,-0.160000000000000,0.110000000000000,2,0.610000000000000,0.410000000000000,5,0.570000000000000,0.390000000000000,5,-0.570000000000000,0.080000000000000,1,0.790000000000000,0.770000000000000,5
150400040304,Spur Draw,0.050000000000000,0.140000000000000,4,1.070000000000000,0.510000000000000,5,1.120000000000000,0.510000000000000,5,-0.360000000000000,0.110000000000000,2,0.810000000000000,0.780000000000000,5
150400040305,SA Creek,0.130000000000000,0.150000000000000,4,0.820000000000000,0.460000000000000,5,0.440000000000000,0.350000000000000,5,-0.550000000000000,0.080000000000000,1,0.810000000000000,0.780000000000000,5
150400040306,Headwaters Centerfire Creek,-0.180000000000000,0.110000000000000,2,0.220000000000000,0.320000000000000,4,-0.050000000000000,0.240000000000000,3,-0.560000000000000,0.080000000000000,1,0.800000000000000,0.780000000000000,5
150400040307,Outlet Centerfire Creek,0.060000000000000,0.140000000000000,4,0.320000000000000,0.340000000000000,4,0.210000000000000,0.300000000000000,4,-0.490000000000000,0.090000000000000,1,0.720000000000000,0.760000000000000,5
150400040308,Big Canyon-San Franciso River,0.100000000000000,0.140000000000000,4,0.710000000000000,0.430000000000000,5,0.250000000000000,0.310000000000000,4,-0.550000000000000,0.080000000000000,1,0.760000000000000,0.770000000000000,5
150400040309,Starkweather Canyon,0.020000000000000,0.130000000000000,3,0.360000000000000,0.350000000000000,4,0.320000000000000,0.330000000000000,4,-0.460000000000000,0.090000000000000,1,0.510000000000000,0.710000000000000,5
150400040310,Largo Canyon,0.010000000000000,0.130000000000000,3,0.250000000000000,0.330000000000000,4,-0.110000000000000,0.230000000000000,3,-0.550000000000000,0.080000000000000,1,0.710000000000000,0.750000000000000,5
130600110902,Turkey Canyon-Dark Canyon,0.270000000000000,0.160000000000000,4,0.990000000000000,0.490000000000000,5,1.240000000000000,0.540000000000000,5,-0.370000000000000,0.110000000000000,2,-1.850000000000000,0.160000000000000,1
130600110903,Last Chance Canyon-Dark Canyon,1.000000000000000,0.260000000000000,5,0.760000000000000,0.440000000000000,5,0.980000000000000,0.480000000000000,5,0.190000000000000,0.190000000000000,4,-1.610000000000000,0.210000000000000,1
130600110904,Kuykendall Canyon,0.110000000000000,0.140000000000000,4,-0.060000000000000,0.260000000000000,3,-0.210000000000000,0.210000000000000,3,-0.210000000000000,0.130000000000000,2,-0.770000000000000,0.410000000000000,1
130600110905,Mosely Canyon,0.650000000000000,0.220000000000000,5,0.320000000000000,0.340000000000000,4,0.160000000000000,0.290000000000000,4,0.130000000000000,0.180000000000000,4,-0.890000000000000,0.380000000000000,1
140801061705,Lower Sanostee Wash,-0.310000000000000,0.090000000000000,2,-0.850000000000000,0.080000000000000,1,-0.530000000000000,0.130000000000000,1,0.250000000000000,0.200000000000000,4,-1.370000000000000,0.270000000000000,1
140801061801,140801061801,0.110000000000000,0.140000000000000,4,0.200000000000000,0.320000000000000,4,0.400000000000000,0.350000000000000,4,-0.130000000000000,0.140000000000000,3,-0.550000000000000,0.460000000000000,1
140801061802,Brimhall Wash,-0.170000000000000,0.110000000000000,2,-0.110000000000000,0.250000000000000,3,0.080000000000000,0.270000000000000,4,-0.020000000000000,0.160000000000000,3,-0.830000000000000,0.390000000000000,1
140801061803,Captian Tom Wash-Chaco River,-0.070000000000000,0.120000000000000,3,-0.270000000000000,0.210000000000000,2,0.070000000000000,0.270000000000000,4,0.270000000000000,0.200000000000000,4,-1.710000000000000,0.190000000000000,1
130700070301,San Simon Ridge,0.520000000000000,0.200000000000000,5,-0.010000000000000,0.270000000000000,3,-0.350000000000000,0.170000000000000,2,0.580000000000000,0.250000000000000,5,0.290000000000000,0.660000000000000,4
130700070302,Christmas Well,0.370000000000000,0.180000000000000,5,-0.110000000000000,0.250000000000000,3,-0.200000000000000,0.210000000000000,3,0.480000000000000,0.230000000000000,5,0.300000000000000,0.660000000000000,4
130700070303,Standard Wells,0.320000000000000,0.170000000000000,5,-0.590000000000000,0.140000000000000,1,-0.710000000000000,0.090000000000000,1,0.480000000000000,0.230000000000000,5,0.250000000000000,0.650000000000000,4
130700070304,San Simon Swale,0.970000000000000,0.260000000000000,5,-0.110000000000000,0.250000000000000,3,-0.630000000000000,0.110000000000000,1,0.810000000000000,0.280000000000000,5,0.210000000000000,0.640000000000000,4
130700070305,Antelope Ridge,0.640000000000000,0.210000000000000,5,-0.200000000000000,0.230000000000000,2,-0.650000000000000,0.110000000000000,1,0.650000000000000,0.260000000000000,5,0.270000000000000,0.650000000000000,4
130700070306,San Simon Sink,0.810000000000000,0.240000000000000,5,0.260000000000000,0.330000000000000,4,-0.140000000000000,0.220000000000000,3,0.710000000000000,0.270000000000000,5,0.180000000000000,0.630000000000000,4
130700070401,Bell Lake,0.510000000000000,0.200000000000000,5,-0.370000000000000,0.190000000000000,2,-0.830000000000000,0.070000000000000,1,0.650000000000000,0.260000000000000,5,0.240000000000000,0.640000000000000,4
140801061804,Tse-nas-chii Wash,-0.600000000000000,0.050000000000000,1,-0.610000000000000,0.140000000000000,1,-0.330000000000000,0.180000000000000,2,-0.270000000000000,0.120000000000000,2,-0.260000000000000,0.530000000000000,2
140801061805,Pena Blanca Arroyo,-0.270000000000000,0.090000000000000,2,-0.310000000000000,0.200000000000000,2,-0.150000000000000,0.220000000000000,3,-0.080000000000000,0.150000000000000,3,-0.420000000000000,0.490000000000000,1
140801061806,Pinabete Arroyo,-0.040000000000000,0.120000000000000,3,0.250000000000000,0.330000000000000,4,0.370000000000000,0.340000000000000,4,0.010000000000000,0.160000000000000,3,-0.730000000000000,0.420000000000000,1
140801061807,Sanostee Wash-Chaco River,0.170000000000000,0.150000000000000,4,-0.390000000000000,0.190000000000000,2,-0.030000000000000,0.250000000000000,3,0.380000000000000,0.220000000000000,5,-1.770000000000000,0.180000000000000,1
130600110408,Fourmile Draw,0.260000000000000,0.160000000000000,4,-0.100000000000000,0.250000000000000,3,0.000000000000000,0.260000000000000,3,0.540000000000000,0.240000000000000,5,-0.120000000000000,0.560000000000000,2
130600110501,Wildhorse Canyon-Box Canyon,0.360000000000000,0.180000000000000,5,0.390000000000000,0.360000000000000,4,0.450000000000000,0.360000000000000,5,-0.050000000000000,0.160000000000000,3,-0.660000000000000,0.440000000000000,1
130600110502,Seco Canyon-Box Canyon,0.350000000000000,0.180000000000000,5,0.600000000000000,0.410000000000000,5,-0.050000000000000,0.240000000000000,3,-0.230000000000000,0.130000000000000,2,-0.860000000000000,0.390000000000000,1
130600110503,Little Box Canyon-Box Canyon,0.290000000000000,0.170000000000000,4,0.350000000000000,0.350000000000000,4,-0.340000000000000,0.180000000000000,2,-0.170000000000000,0.140000000000000,2,-0.940000000000000,0.370000000000000,1
130600110504,Long Draw,0.170000000000000,0.150000000000000,4,0.000000000000000,0.270000000000000,3,0.030000000000000,0.260000000000000,3,-0.060000000000000,0.150000000000000,3,-0.650000000000000,0.440000000000000,1
130600110505,Long Draw-South Seven Rivers,0.280000000000000,0.170000000000000,4,0.140000000000000,0.310000000000000,4,0.060000000000000,0.270000000000000,4,0.020000000000000,0.170000000000000,3,-0.690000000000000,0.430000000000000,1
130600110506,Middle Seven Rivers,0.250000000000000,0.160000000000000,4,-0.200000000000000,0.230000000000000,2,-0.120000000000000,0.230000000000000,3,0.420000000000000,0.230000000000000,5,-0.390000000000000,0.500000000000000,1
130600110507,North Seven Rivers-South Seven Rivers,0.910000000000000,0.250000000000000,5,0.060000000000000,0.290000000000000,4,-0.010000000000000,0.250000000000000,3,0.870000000000000,0.290000000000000,5,-0.370000000000000,0.500000000000000,1
130600110601,Antelope Draw-Segrest Draw,0.230000000000000,0.160000000000000,4,0.360000000000000,0.350000000000000,4,0.290000000000000,0.320000000000000,4,-0.070000000000000,0.150000000000000,3,-0.420000000000000,0.490000000000000,1
140801060201,Town of Whitehorse,-0.530000000000000,0.060000000000000,1,-0.370000000000000,0.190000000000000,2,-0.050000000000000,0.240000000000000,3,-0.160000000000000,0.140000000000000,2,-0.350000000000000,0.510000000000000,2
140801060202,Headwaters Fajada Wash,-0.140000000000000,0.110000000000000,3,-0.180000000000000,0.230000000000000,3,0.040000000000000,0.260000000000000,3,0.010000000000000,0.160000000000000,3,-0.190000000000000,0.540000000000000,2
140801060203,Red Mountain,-0.460000000000000,0.070000000000000,1,-0.170000000000000,0.230000000000000,3,0.020000000000000,0.260000000000000,3,-0.040000000000000,0.160000000000000,3,-0.160000000000000,0.550000000000000,2
140801060204,140801060204,-0.550000000000000,0.060000000000000,1,-0.400000000000000,0.180000000000000,2,-0.090000000000000,0.230000000000000,3,-0.120000000000000,0.140000000000000,3,-0.100000000000000,0.570000000000000,2
140801060301,Headwaters Escavada Wash,-0.200000000000000,0.100000000000000,2,-0.010000000000000,0.270000000000000,3,0.330000000000000,0.330000000000000,4,-0.250000000000000,0.120000000000000,2,-0.180000000000000,0.550000000000000,2
140801060302,Betonnie Tsosie Wash,-0.350000000000000,0.080000000000000,2,0.700000000000000,0.430000000000000,5,1.040000000000000,0.490000000000000,5,-0.340000000000000,0.110000000000000,2,0.170000000000000,0.630000000000000,4
140801060303,Headwaters Kimbeto Wash,-0.210000000000000,0.100000000000000,2,0.470000000000000,0.380000000000000,5,0.690000000000000,0.410000000000000,5,-0.290000000000000,0.120000000000000,2,0.190000000000000,0.630000000000000,4
140801060304,Outlet Kimbeto Wash,-0.270000000000000,0.090000000000000,2,-0.010000000000000,0.270000000000000,3,0.320000000000000,0.330000000000000,4,-0.110000000000000,0.150000000000000,3,0.060000000000000,0.600000000000000,3
140801060305,Outlet Escavada Wash,-0.430000000000000,0.070000000000000,1,-0.370000000000000,0.190000000000000,2,0.110000000000000,0.280000000000000,4,-0.080000000000000,0.150000000000000,3,-0.390000000000000,0.500000000000000,1
140801060401,Laguna Castillo,-0.110000000000000,0.110000000000000,3,-0.070000000000000,0.260000000000000,3,-0.280000000000000,0.190000000000000,2,-0.040000000000000,0.160000000000000,3,-1.290000000000000,0.290000000000000,1
140801060402,Upper Kim-me-ni-oli Wash,-0.600000000000000,0.050000000000000,1,-0.230000000000000,0.220000000000000,2,0.030000000000000,0.260000000000000,3,-0.310000000000000,0.110000000000000,2,-2.200000000000000,0.070000000000000,1
111001010106,Rafael Creek-Corrumpa Creek,-0.390000000000000,0.080000000000000,1,-0.450000000000000,0.170000000000000,1,-0.670000000000000,0.100000000000000,1,-0.290000000000000,0.120000000000000,2,0.250000000000000,0.650000000000000,4
111001010201,Mt. Clayton,-0.700000000000000,0.040000000000000,1,-0.620000000000000,0.140000000000000,1,-0.800000000000000,0.070000000000000,1,-0.090000000000000,0.150000000000000,3,0.550000000000000,0.720000000000000,5
111001010202,Mt. Clayton-Seneca Creek,-0.600000000000000,0.050000000000000,1,-0.570000000000000,0.150000000000000,1,-0.620000000000000,0.110000000000000,1,-0.110000000000000,0.150000000000000,3,0.540000000000000,0.720000000000000,5
111001010203,111001010203,-0.630000000000000,0.050000000000000,1,-0.380000000000000,0.190000000000000,2,-0.620000000000000,0.110000000000000,1,-0.100000000000000,0.150000000000000,3,0.510000000000000,0.710000000000000,5
111001010204,Clayton Lake,-0.230000000000000,0.100000000000000,2,-0.390000000000000,0.180000000000000,2,-0.750000000000000,0.080000000000000,1,0.010000000000000,0.160000000000000,3,0.430000000000000,0.690000000000000,5
111001010205,Alamos Creek,-0.470000000000000,0.070000000000000,1,-0.360000000000000,0.190000000000000,2,-0.800000000000000,0.070000000000000,1,-0.110000000000000,0.150000000000000,3,0.310000000000000,0.660000000000000,4
111001010206,Alamos Creek-Seneca Creek,-0.440000000000000,0.070000000000000,1,-0.410000000000000,0.180000000000000,2,-0.580000000000000,0.120000000000000,1,-0.110000000000000,0.150000000000000,3,0.370000000000000,0.670000000000000,4
111001010301,Sand Creek,-0.660000000000000,0.040000000000000,1,-0.500000000000000,0.160000000000000,1,-0.810000000000000,0.070000000000000,1,-0.200000000000000,0.130000000000000,2,0.300000000000000,0.660000000000000,4
111001010302,Headwaters Rafael Creek,-0.480000000000000,0.060000000000000,1,-0.480000000000000,0.170000000000000,1,-0.750000000000000,0.080000000000000,1,-0.160000000000000,0.140000000000000,2,0.350000000000000,0.670000000000000,4
130202080703,West Pasture Springs,0.560000000000000,0.200000000000000,5,-0.470000000000000,0.170000000000000,1,-0.440000000000000,0.150000000000000,2,0.900000000000000,0.300000000000000,5,0.380000000000000,0.680000000000000,4
130202020506,Jemez Canyon Dam-Jemez River,0.440000000000000,0.190000000000000,5,0.330000000000000,0.350000000000000,4,0.390000000000000,0.340000000000000,4,0.130000000000000,0.180000000000000,4,-0.350000000000000,0.510000000000000,2
130202030101,Arroyo Venado-Rio Grande,0.760000000000000,0.230000000000000,5,0.570000000000000,0.400000000000000,5,0.870000000000000,0.450000000000000,5,0.400000000000000,0.220000000000000,5,-0.620000000000000,0.440000000000000,1
130202030102,Arroyo de Las Montoyas,0.580000000000000,0.210000000000000,5,1.370000000000000,0.580000000000000,5,1.560000000000000,0.610000000000000,5,0.420000000000000,0.220000000000000,5,0.220000000000000,0.640000000000000,4
130202030103,Arroyo de Las Baranca-Rio Grande,1.230000000000000,0.290000000000000,5,0.810000000000000,0.450000000000000,5,1.180000000000000,0.530000000000000,5,1.020000000000000,0.320000000000000,5,-0.690000000000000,0.430000000000000,1
130202030104,Sandia Wash-Rio Grande,3.720000000000000,0.620000000000000,5,0.780000000000000,0.450000000000000,5,1.180000000000000,0.530000000000000,5,2.700000000000000,0.570000000000000,5,-0.390000000000000,0.500000000000000,1
130202030105,Headwaters Arroyo de Las Calabacillas,0.550000000000000,0.200000000000000,5,1.140000000000000,0.530000000000000,5,1.470000000000000,0.590000000000000,5,0.570000000000000,0.250000000000000,5,0.430000000000000,0.690000000000000,5
130202030106,Outlet Arroyo de Las Calabacillas,0.600000000000000,0.210000000000000,5,0.160000000000000,0.310000000000000,4,0.350000000000000,0.340000000000000,4,0.640000000000000,0.260000000000000,5,0.080000000000000,0.610000000000000,3
130202030107,Town of Corrales-Rio Grande,2.060000000000000,0.400000000000000,5,0.210000000000000,0.320000000000000,4,0.540000000000000,0.380000000000000,5,1.740000000000000,0.420000000000000,5,-0.870000000000000,0.390000000000000,1
130202030108,City of Paradise Hills-Rio Grande,0.620000000000000,0.210000000000000,5,0.080000000000000,0.290000000000000,4,0.230000000000000,0.310000000000000,4,0.640000000000000,0.260000000000000,5,-0.200000000000000,0.540000000000000,2
130202030201,Upper Tijeras Arroyo,0.180000000000000,0.150000000000000,4,0.850000000000000,0.460000000000000,5,0.730000000000000,0.420000000000000,5,-0.410000000000000,0.100000000000000,1,0.250000000000000,0.650000000000000,4
130600110906,Mosley Canyon-Dark Canyon,0.500000000000000,0.190000000000000,5,0.150000000000000,0.310000000000000,4,0.110000000000000,0.280000000000000,4,0.130000000000000,0.180000000000000,4,-0.810000000000000,0.400000000000000,1
130600110907,Sheep Draw,0.440000000000000,0.190000000000000,5,-0.030000000000000,0.270000000000000,3,-0.240000000000000,0.200000000000000,2,0.030000000000000,0.170000000000000,3,-0.550000000000000,0.460000000000000,1
130600110908,Little McKittrick Draw,0.470000000000000,0.190000000000000,5,0.000000000000000,0.270000000000000,3,-0.250000000000000,0.200000000000000,2,0.120000000000000,0.180000000000000,4,-0.560000000000000,0.460000000000000,1
130600110909,Dark Canyon-Pecos River,0.750000000000000,0.230000000000000,5,0.020000000000000,0.280000000000000,3,-0.130000000000000,0.220000000000000,3,0.560000000000000,0.250000000000000,5,-0.500000000000000,0.470000000000000,1
130600111001,Kaiser Channel-Pecos River,0.730000000000000,0.220000000000000,5,-0.060000000000000,0.260000000000000,3,0.040000000000000,0.260000000000000,3,0.740000000000000,0.270000000000000,5,-0.150000000000000,0.550000000000000,2
110901020407,Cramer Creek,0.250000000000000,0.160000000000000,4,0.410000000000000,0.370000000000000,5,0.460000000000000,0.360000000000000,5,0.500000000000000,0.240000000000000,5,0.000000000000000,0.000000000000000,1
110901020501,Southwest Well,2.200000000000000,0.420000000000000,5,0.880000000000000,0.470000000000000,5,0.370000000000000,0.340000000000000,4,1.520000000000000,0.390000000000000,5,-0.370000000000000,0.500000000000000,1
150400040401,Headwaters Saliz Canyon,0.080000000000000,0.140000000000000,4,0.580000000000000,0.400000000000000,5,0.490000000000000,0.370000000000000,5,-0.620000000000000,0.070000000000000,1,0.740000000000000,0.760000000000000,5
150400040402,Outlet Saliz Canyon,0.210000000000000,0.160000000000000,4,0.810000000000000,0.450000000000000,5,0.870000000000000,0.450000000000000,5,-0.510000000000000,0.090000000000000,1,0.910000000000000,0.800000000000000,5
150400040404,Devils Creek,0.020000000000000,0.130000000000000,3,0.590000000000000,0.400000000000000,5,0.320000000000000,0.330000000000000,4,-0.360000000000000,0.110000000000000,2,1.040000000000000,0.830000000000000,5
140801061904,Sulphur Springs-Dead Man's Wash,0.060000000000000,0.140000000000000,4,-0.600000000000000,0.140000000000000,1,-0.430000000000000,0.160000000000000,2,0.530000000000000,0.240000000000000,5,-0.650000000000000,0.440000000000000,1
140801061905,140801061905-Dead Man's Wash,0.290000000000000,0.170000000000000,4,-0.670000000000000,0.120000000000000,1,-0.220000000000000,0.200000000000000,2,0.700000000000000,0.270000000000000,5,-0.620000000000000,0.440000000000000,1
140801062001,140801062001,-0.030000000000000,0.120000000000000,3,0.170000000000000,0.310000000000000,4,0.440000000000000,0.350000000000000,5,-0.250000000000000,0.130000000000000,2,-1.050000000000000,0.340000000000000,1
140801062002,Cottonwood Arroyo,-0.120000000000000,0.110000000000000,3,0.260000000000000,0.330000000000000,4,0.450000000000000,0.360000000000000,5,-0.170000000000000,0.140000000000000,2,-0.890000000000000,0.380000000000000,1
140801062003,Headwaters Coal Creek,-0.140000000000000,0.110000000000000,3,-0.700000000000000,0.120000000000000,1,-0.290000000000000,0.190000000000000,2,0.310000000000000,0.210000000000000,4,-0.890000000000000,0.380000000000000,1
140801062004,Outlet Coal Creek,0.130000000000000,0.150000000000000,4,-0.650000000000000,0.130000000000000,1,-0.230000000000000,0.200000000000000,2,0.450000000000000,0.230000000000000,5,-0.980000000000000,0.360000000000000,1
140801062005,Coal Creek-Chaco River,0.210000000000000,0.160000000000000,4,-0.390000000000000,0.190000000000000,2,0.040000000000000,0.260000000000000,3,0.420000000000000,0.230000000000000,5,-1.450000000000000,0.250000000000000,1
140801062006,Chinde Wash,-0.390000000000000,0.080000000000000,1,0.840000000000000,0.460000000000000,5,1.070000000000000,0.500000000000000,5,0.060000000000000,0.170000000000000,4,-0.590000000000000,0.450000000000000,1
140801062007,Chinde Wash-Chaco River,0.210000000000000,0.160000000000000,4,-0.010000000000000,0.270000000000000,3,0.290000000000000,0.320000000000000,4,0.100000000000000,0.180000000000000,4,-0.220000000000000,0.540000000000000,2
140801062008,Morgan Lake-Chaco River,1.380000000000000,0.310000000000000,5,-0.200000000000000,0.230000000000000,2,0.230000000000000,0.310000000000000,4,1.360000000000000,0.370000000000000,5,-0.390000000000000,0.500000000000000,1
140802040201,Black Lake,-0.070000000000000,0.120000000000000,3,0.070000000000000,0.290000000000000,4,0.020000000000000,0.260000000000000,3,-0.220000000000000,0.130000000000000,2,-0.150000000000000,0.550000000000000,2
150200010301,Hay Vega,-0.090000000000000,0.120000000000000,3,0.170000000000000,0.310000000000000,4,-0.130000000000000,0.230000000000000,3,-0.210000000000000,0.130000000000000,2,1.220000000000000,0.870000000000000,5
150200030101,Upper Mangas Creek,-0.260000000000000,0.090000000000000,2,0.250000000000000,0.330000000000000,4,-0.090000000000000,0.230000000000000,3,-0.460000000000000,0.090000000000000,1,0.510000000000000,0.710000000000000,5
150200030102,Middle Mangas Creek,-0.140000000000000,0.110000000000000,3,-0.010000000000000,0.270000000000000,3,-0.370000000000000,0.170000000000000,2,-0.130000000000000,0.140000000000000,3,0.590000000000000,0.730000000000000,5
150200030103,Lower Mangas Creek,-0.140000000000000,0.110000000000000,3,-0.030000000000000,0.270000000000000,3,-0.290000000000000,0.190000000000000,2,0.140000000000000,0.180000000000000,4,0.510000000000000,0.710000000000000,5
150200030104,Tres Lagunas Draw,-0.510000000000000,0.060000000000000,1,-0.320000000000000,0.200000000000000,2,-0.480000000000000,0.140000000000000,1,-0.150000000000000,0.140000000000000,2,0.220000000000000,0.640000000000000,4
150200030105,Headwaters San Ignacio Creek,-0.250000000000000,0.100000000000000,2,-0.150000000000000,0.240000000000000,3,-0.440000000000000,0.150000000000000,2,-0.150000000000000,0.140000000000000,2,0.360000000000000,0.670000000000000,4
150200030106,Outlet San Ignacio Creek,-0.320000000000000,0.090000000000000,2,-0.300000000000000,0.210000000000000,2,-0.380000000000000,0.170000000000000,2,0.020000000000000,0.170000000000000,3,0.510000000000000,0.710000000000000,5
150200030107,McAllister Draw,-0.380000000000000,0.080000000000000,1,-0.070000000000000,0.260000000000000,3,-0.280000000000000,0.190000000000000,2,-0.050000000000000,0.150000000000000,3,0.390000000000000,0.680000000000000,4
150200030108,Sweazea Draw,-0.350000000000000,0.080000000000000,2,-0.370000000000000,0.190000000000000,2,-0.540000000000000,0.130000000000000,1,-0.130000000000000,0.140000000000000,3,0.360000000000000,0.670000000000000,4
140801060403,Middle Kim-me-ni-oli Wash,-0.440000000000000,0.070000000000000,1,-0.180000000000000,0.230000000000000,3,0.010000000000000,0.260000000000000,3,-0.110000000000000,0.150000000000000,3,-1.090000000000000,0.330000000000000,1
140801060404,Long Canyon,-0.630000000000000,0.040000000000000,1,-0.200000000000000,0.230000000000000,2,0.260000000000000,0.310000000000000,4,-0.360000000000000,0.110000000000000,2,-1.150000000000000,0.320000000000000,1
140801060405,Becenti Lake,-0.670000000000000,0.040000000000000,1,-0.270000000000000,0.210000000000000,2,0.250000000000000,0.310000000000000,4,-0.160000000000000,0.140000000000000,2,-0.350000000000000,0.510000000000000,2
140801060406,Headwaters Seven Lakes Wash,-0.260000000000000,0.090000000000000,2,-0.210000000000000,0.230000000000000,2,-0.080000000000000,0.240000000000000,3,-0.070000000000000,0.150000000000000,3,-0.260000000000000,0.530000000000000,2
140801060407,Outlet Seven Lakes Wash,-0.210000000000000,0.100000000000000,2,-0.300000000000000,0.210000000000000,2,-0.020000000000000,0.250000000000000,3,-0.010000000000000,0.160000000000000,3,-0.140000000000000,0.560000000000000,2
140801060408,Lower Kim-me-ni-oli Wash,-0.390000000000000,0.080000000000000,1,-0.190000000000000,0.230000000000000,2,0.120000000000000,0.280000000000000,4,0.000000000000000,0.160000000000000,3,-0.250000000000000,0.530000000000000,2
140801060501,140801060501,-0.300000000000000,0.090000000000000,2,-0.200000000000000,0.230000000000000,2,0.110000000000000,0.280000000000000,4,-0.060000000000000,0.150000000000000,3,-0.290000000000000,0.520000000000000,2
140801060502,Flat Lake-Kim-me-ni-oli Wash,-0.380000000000000,0.080000000000000,1,-0.120000000000000,0.250000000000000,3,0.240000000000000,0.310000000000000,4,-0.050000000000000,0.150000000000000,3,-0.530000000000000,0.470000000000000,1
140801060503,Juans Lake-Kim-me-ni-oli Wash,-0.220000000000000,0.100000000000000,2,-0.330000000000000,0.200000000000000,2,-0.030000000000000,0.250000000000000,3,0.130000000000000,0.180000000000000,4,-1.030000000000000,0.350000000000000,1
130202030202,Middle Tijeras Arroyo,0.420000000000000,0.180000000000000,5,1.600000000000000,0.630000000000000,5,1.690000000000000,0.640000000000000,5,-0.140000000000000,0.140000000000000,2,-0.230000000000000,0.540000000000000,2
130202030203,Lower Tijeras Arroyo,0.410000000000000,0.180000000000000,5,0.360000000000000,0.350000000000000,4,0.340000000000000,0.330000000000000,4,-0.060000000000000,0.150000000000000,3,-0.380000000000000,0.500000000000000,1
130202030301,Arroyo de Domingo,0.930000000000000,0.250000000000000,5,0.620000000000000,0.410000000000000,5,1.360000000000000,0.570000000000000,5,0.510000000000000,0.240000000000000,5,-0.350000000000000,0.510000000000000,2
130202030302,Arroyo del Pino,0.520000000000000,0.200000000000000,5,0.380000000000000,0.360000000000000,4,0.890000000000000,0.460000000000000,5,0.170000000000000,0.190000000000000,4,-0.290000000000000,0.520000000000000,2
130202030303,West Mesa Airport-Rio Grande,0.870000000000000,0.240000000000000,5,-0.060000000000000,0.260000000000000,3,0.190000000000000,0.300000000000000,4,0.730000000000000,0.270000000000000,5,-0.870000000000000,0.390000000000000,1
130202030304,City of Albuquerque,0.370000000000000,0.180000000000000,5,0.090000000000000,0.290000000000000,4,0.600000000000000,0.390000000000000,5,0.350000000000000,0.210000000000000,5,-1.110000000000000,0.330000000000000,1
130202030305,City of Armijo-Rio Grande,0.830000000000000,0.240000000000000,5,-0.070000000000000,0.260000000000000,3,-0.080000000000000,0.240000000000000,3,0.740000000000000,0.270000000000000,5,-1.100000000000000,0.330000000000000,1
130202030401,Upper Hells Canyon Wash,0.030000000000000,0.130000000000000,3,0.780000000000000,0.450000000000000,5,0.610000000000000,0.390000000000000,5,-0.430000000000000,0.100000000000000,1,0.360000000000000,0.670000000000000,4
130202030402,Middle Hells Canyon,0.240000000000000,0.160000000000000,4,1.010000000000000,0.500000000000000,5,0.770000000000000,0.430000000000000,5,-0.150000000000000,0.140000000000000,2,0.370000000000000,0.670000000000000,4
130202030403,130202030403,0.010000000000000,0.130000000000000,3,-0.430000000000000,0.180000000000000,2,-0.190000000000000,0.210000000000000,3,0.250000000000000,0.200000000000000,4,-0.520000000000000,0.470000000000000,1
130202070609,Encinal Canyon,-0.110000000000000,0.110000000000000,3,-0.080000000000000,0.250000000000000,3,-0.190000000000000,0.210000000000000,3,-0.230000000000000,0.130000000000000,2,-0.070000000000000,0.570000000000000,3
130202070610,Acoma Creek-Rio San Jose,-0.040000000000000,0.120000000000000,3,0.200000000000000,0.320000000000000,4,0.510000000000000,0.370000000000000,5,-0.170000000000000,0.140000000000000,2,-1.260000000000000,0.290000000000000,1
130202070702,Seboyeta Creek,-0.030000000000000,0.120000000000000,3,0.230000000000000,0.320000000000000,4,0.120000000000000,0.280000000000000,4,-0.090000000000000,0.150000000000000,3,-0.410000000000000,0.490000000000000,1
130202070801,Canada de Pedro Padilla,0.000000000000000,0.130000000000000,3,0.190000000000000,0.320000000000000,4,0.320000000000000,0.330000000000000,4,-0.040000000000000,0.160000000000000,3,-0.840000000000000,0.390000000000000,1
130202070802,Arroyo del Valle,-0.040000000000000,0.120000000000000,3,0.010000000000000,0.280000000000000,3,0.120000000000000,0.280000000000000,4,-0.260000000000000,0.120000000000000,2,-1.200000000000000,0.310000000000000,1
130202070803,Arroyo de Piedras Lumbres,-0.100000000000000,0.120000000000000,3,-0.030000000000000,0.270000000000000,3,0.150000000000000,0.290000000000000,4,-0.370000000000000,0.110000000000000,2,-0.730000000000000,0.420000000000000,1
130202070804,Arroyo Conchas,-0.020000000000000,0.130000000000000,3,-0.180000000000000,0.230000000000000,3,0.130000000000000,0.290000000000000,4,-0.020000000000000,0.160000000000000,3,-0.230000000000000,0.540000000000000,2
130202070901,Brazo Canyon,-0.140000000000000,0.110000000000000,3,-0.110000000000000,0.250000000000000,3,-0.450000000000000,0.150000000000000,2,-0.240000000000000,0.130000000000000,2,0.310000000000000,0.660000000000000,4
130202070902,Headwaters Blue Water Creek,-0.220000000000000,0.100000000000000,2,0.180000000000000,0.310000000000000,4,-0.210000000000000,0.210000000000000,3,-0.280000000000000,0.120000000000000,2,0.440000000000000,0.690000000000000,5
130202070903,Rincon Hondo,-0.180000000000000,0.100000000000000,2,-0.220000000000000,0.220000000000000,2,-0.310000000000000,0.180000000000000,2,-0.070000000000000,0.150000000000000,3,0.350000000000000,0.670000000000000,4
150400040605,Mineral Creek,0.080000000000000,0.140000000000000,4,1.170000000000000,0.540000000000000,5,1.540000000000000,0.610000000000000,5,-0.610000000000000,0.070000000000000,1,0.810000000000000,0.780000000000000,5
150400040607,Whitewater Creek,0.060000000000000,0.140000000000000,4,1.420000000000000,0.590000000000000,5,2.250000000000000,0.770000000000000,5,-0.660000000000000,0.060000000000000,1,0.760000000000000,0.770000000000000,5
150400040608,South Dugway Creek-San Francisco River,0.410000000000000,0.180000000000000,5,1.790000000000000,0.670000000000000,5,2.020000000000000,0.720000000000000,5,-0.200000000000000,0.130000000000000,2,0.840000000000000,0.780000000000000,5
150400040801,Little Dry Creek,-0.260000000000000,0.090000000000000,2,0.240000000000000,0.330000000000000,4,0.420000000000000,0.350000000000000,5,-0.440000000000000,0.100000000000000,1,0.710000000000000,0.760000000000000,5
150400040802,Big Dry Creek,-0.080000000000000,0.120000000000000,3,1.160000000000000,0.530000000000000,5,2.200000000000000,0.760000000000000,5,-0.700000000000000,0.060000000000000,1,0.590000000000000,0.730000000000000,5
150400040803,Pine Cienega Creek,-0.180000000000000,0.100000000000000,2,0.440000000000000,0.370000000000000,5,0.440000000000000,0.350000000000000,5,-0.550000000000000,0.080000000000000,1,0.630000000000000,0.740000000000000,5
150400040804,Upper Mule Creek,-0.060000000000000,0.120000000000000,3,0.400000000000000,0.360000000000000,4,0.310000000000000,0.330000000000000,4,-0.510000000000000,0.090000000000000,1,0.660000000000000,0.740000000000000,5
150400040805,Lower Mule Creek,-0.040000000000000,0.120000000000000,3,0.450000000000000,0.370000000000000,5,0.730000000000000,0.420000000000000,5,-0.400000000000000,0.100000000000000,1,0.860000000000000,0.790000000000000,5
110400010704,Outlet Road Canyon,-0.070000000000000,0.120000000000000,3,-0.300000000000000,0.210000000000000,2,-0.090000000000000,0.230000000000000,3,0.000000000000000,0.160000000000000,3,0.360000000000000,0.670000000000000,4
110400010705,Outlet Carrizozo Creek,0.060000000000000,0.140000000000000,4,0.190000000000000,0.320000000000000,4,0.250000000000000,0.310000000000000,4,-0.070000000000000,0.150000000000000,3,0.340000000000000,0.670000000000000,4
110400011006,Carrizozo Creek-Dry Cimarron River,0.420000000000000,0.180000000000000,5,0.710000000000000,0.430000000000000,5,0.630000000000000,0.400000000000000,5,0.360000000000000,0.220000000000000,5,0.280000000000000,0.650000000000000,4
150200030109,Escondido Creek,-0.060000000000000,0.120000000000000,3,0.250000000000000,0.330000000000000,4,-0.280000000000000,0.190000000000000,2,-0.170000000000000,0.140000000000000,2,0.510000000000000,0.710000000000000,5
150200030110,Headwaters Rito Creek,-0.120000000000000,0.110000000000000,3,-0.230000000000000,0.220000000000000,2,-0.350000000000000,0.170000000000000,2,0.140000000000000,0.180000000000000,4,0.510000000000000,0.710000000000000,5
150200030111,Outlet Rito Creek,0.010000000000000,0.130000000000000,3,-0.110000000000000,0.250000000000000,3,-0.530000000000000,0.130000000000000,1,-0.040000000000000,0.160000000000000,3,0.530000000000000,0.710000000000000,5
150200030201,El Caso Spring Canyon,-0.180000000000000,0.110000000000000,2,0.160000000000000,0.310000000000000,4,-0.230000000000000,0.200000000000000,2,-0.330000000000000,0.110000000000000,2,0.640000000000000,0.740000000000000,5
150200030202,Sawmill Canyon-Largo Creek,-0.160000000000000,0.110000000000000,2,0.220000000000000,0.320000000000000,4,-0.220000000000000,0.200000000000000,2,-0.440000000000000,0.100000000000000,1,0.500000000000000,0.700000000000000,5
150200030203,Paradise Canyon-Largo Creek,-0.090000000000000,0.120000000000000,3,0.480000000000000,0.380000000000000,5,0.190000000000000,0.300000000000000,4,-0.450000000000000,0.090000000000000,1,0.530000000000000,0.710000000000000,5
150200030204,Rito Creek-Largo Creek,-0.050000000000000,0.120000000000000,3,0.230000000000000,0.330000000000000,4,-0.100000000000000,0.230000000000000,3,-0.250000000000000,0.120000000000000,2,0.520000000000000,0.710000000000000,5
150200030301,Horse Camp Canyon-Nations Draw,-0.340000000000000,0.080000000000000,2,-0.010000000000000,0.270000000000000,3,-0.410000000000000,0.160000000000000,2,-0.310000000000000,0.120000000000000,2,0.260000000000000,0.650000000000000,4
150200030302,Sonoreno Draw-Nations Draw,-0.320000000000000,0.090000000000000,2,-0.220000000000000,0.220000000000000,2,-0.410000000000000,0.160000000000000,2,-0.120000000000000,0.140000000000000,3,0.290000000000000,0.660000000000000,4
150200030303,Garcia Lake-Nations Draw,-0.260000000000000,0.090000000000000,2,-0.280000000000000,0.210000000000000,2,-0.200000000000000,0.210000000000000,3,-0.050000000000000,0.160000000000000,3,0.210000000000000,0.640000000000000,4
150200030304,Frenches Draw,-0.320000000000000,0.090000000000000,2,0.100000000000000,0.300000000000000,4,0.060000000000000,0.270000000000000,4,-0.080000000000000,0.150000000000000,3,0.250000000000000,0.650000000000000,4
150200030305,Cox Ranch-Nations Draw,-0.060000000000000,0.120000000000000,3,-0.180000000000000,0.230000000000000,3,-0.090000000000000,0.230000000000000,3,-0.220000000000000,0.130000000000000,2,0.300000000000000,0.660000000000000,4
150200030306,Tejana Draw-Nations Draw,-0.010000000000000,0.130000000000000,3,-0.040000000000000,0.260000000000000,3,0.140000000000000,0.290000000000000,4,-0.010000000000000,0.160000000000000,3,0.500000000000000,0.710000000000000,5
150200030401,Lopez Draw,-0.060000000000000,0.120000000000000,3,0.040000000000000,0.280000000000000,3,-0.320000000000000,0.180000000000000,2,-0.070000000000000,0.150000000000000,3,0.520000000000000,0.710000000000000,5
150200030402,Dark Canyon-Largo Creek,0.040000000000000,0.130000000000000,3,0.150000000000000,0.310000000000000,4,-0.140000000000000,0.220000000000000,3,-0.100000000000000,0.150000000000000,3,0.580000000000000,0.720000000000000,5
150200030403,Nations Draw-Largo Creek,0.160000000000000,0.150000000000000,4,-0.080000000000000,0.250000000000000,3,-0.060000000000000,0.240000000000000,3,0.100000000000000,0.180000000000000,4,0.580000000000000,0.720000000000000,5
130600080702,Headwaters Rocky Arroyo,-0.080000000000000,0.120000000000000,3,-0.060000000000000,0.260000000000000,3,-0.030000000000000,0.250000000000000,3,0.050000000000000,0.170000000000000,4,-0.120000000000000,0.560000000000000,2
130600080703,Outlet Rocky Arroyo,-0.130000000000000,0.110000000000000,3,0.000000000000000,0.270000000000000,3,0.250000000000000,0.310000000000000,4,0.250000000000000,0.200000000000000,4,-0.230000000000000,0.540000000000000,2
130700070405,Rock Lake,0.220000000000000,0.160000000000000,4,-0.420000000000000,0.180000000000000,2,-0.850000000000000,0.060000000000000,1,0.400000000000000,0.220000000000000,5,0.140000000000000,0.620000000000000,3
130202070904,Outlet Blue Water Creek,-0.130000000000000,0.110000000000000,3,-0.130000000000000,0.250000000000000,3,-0.080000000000000,0.240000000000000,3,-0.050000000000000,0.150000000000000,3,0.260000000000000,0.650000000000000,4
111001030102,Headwaters Aqua Fria Creek,999.000000000000000,999.000000000000000,999,999.000000000000000,999.000000000000000,999,999.000000000000000,999.000000000000000,999,999.000000000000000,999.000000000000000,999,999.000000000000000,999.000000000000000,999
130600020205,Outlet Carrizo Canyon,-0.070000000000000,0.120000000000000,3,-0.080000000000000,0.260000000000000,3,-0.200000000000000,0.210000000000000,3,-0.010000000000000,0.160000000000000,3,0.050000000000000,0.600000000000000,3
130600020206,Carrizo Canyon-Pintada Creek,0.060000000000000,0.140000000000000,4,0.360000000000000,0.350000000000000,4,-0.140000000000000,0.220000000000000,3,0.130000000000000,0.180000000000000,4,0.110000000000000,0.610000000000000,3
130600020207,Pinavete Canyon,-0.040000000000000,0.120000000000000,3,0.070000000000000,0.290000000000000,4,-0.090000000000000,0.230000000000000,3,0.100000000000000,0.180000000000000,4,-0.030000000000000,0.580000000000000,3
130600020208,Milagro Canyon-Pintada Creek,-0.040000000000000,0.120000000000000,3,0.180000000000000,0.310000000000000,4,0.120000000000000,0.280000000000000,4,-0.180000000000000,0.140000000000000,2,-0.140000000000000,0.560000000000000,2
130600020301,130600020301,0.090000000000000,0.140000000000000,4,-0.230000000000000,0.220000000000000,2,-0.800000000000000,0.070000000000000,1,0.180000000000000,0.190000000000000,4,-0.030000000000000,0.580000000000000,3
130600020302,130600020302,-0.090000000000000,0.120000000000000,3,-0.370000000000000,0.190000000000000,2,-0.830000000000000,0.070000000000000,1,0.120000000000000,0.180000000000000,4,-0.080000000000000,0.570000000000000,3
130600020303,Kipping Canyon,-0.160000000000000,0.110000000000000,2,-0.400000000000000,0.180000000000000,2,-0.800000000000000,0.070000000000000,1,0.080000000000000,0.170000000000000,4,-0.070000000000000,0.570000000000000,3
130600020304,Laguna de Los Terreros,-0.040000000000000,0.120000000000000,3,-0.190000000000000,0.230000000000000,2,-0.740000000000000,0.090000000000000,1,0.220000000000000,0.200000000000000,4,-0.120000000000000,0.560000000000000,2
130600020401,Headwaters Leoncito Draw,0.080000000000000,0.140000000000000,4,0.150000000000000,0.310000000000000,4,-0.090000000000000,0.230000000000000,3,0.180000000000000,0.190000000000000,4,-0.080000000000000,0.570000000000000,3
130600020402,Outlet Leoncito Draw,0.070000000000000,0.140000000000000,4,0.030000000000000,0.280000000000000,3,-0.480000000000000,0.140000000000000,1,0.100000000000000,0.180000000000000,4,-0.080000000000000,0.570000000000000,3
130202080704,Patterson Canyon,-0.190000000000000,0.100000000000000,2,0.030000000000000,0.280000000000000,3,-0.190000000000000,0.210000000000000,3,-0.360000000000000,0.110000000000000,2,0.580000000000000,0.720000000000000,5
130202080705,Dark Canyon,-0.130000000000000,0.110000000000000,3,0.200000000000000,0.320000000000000,4,-0.110000000000000,0.230000000000000,3,-0.270000000000000,0.120000000000000,2,0.600000000000000,0.730000000000000,5
130202080706,Patterson Lake,0.280000000000000,0.170000000000000,4,-0.020000000000000,0.270000000000000,3,-0.230000000000000,0.200000000000000,2,0.100000000000000,0.180000000000000,4,0.580000000000000,0.720000000000000,5
130202080707,Long Canyon,0.220000000000000,0.160000000000000,4,0.730000000000000,0.440000000000000,5,0.210000000000000,0.300000000000000,4,-0.340000000000000,0.110000000000000,2,0.570000000000000,0.720000000000000,5
130202080708,T H Canyon,0.440000000000000,0.190000000000000,5,0.360000000000000,0.350000000000000,4,0.210000000000000,0.300000000000000,4,0.500000000000000,0.240000000000000,5,0.520000000000000,0.710000000000000,5
130202090101,Third Canyon-Alamocita Creek,-0.190000000000000,0.100000000000000,2,0.110000000000000,0.300000000000000,4,-0.210000000000000,0.210000000000000,3,-0.410000000000000,0.100000000000000,1,0.620000000000000,0.730000000000000,5
130202090102,Ox Spring Canyon,-0.120000000000000,0.110000000000000,3,0.370000000000000,0.350000000000000,4,-0.010000000000000,0.250000000000000,3,-0.600000000000000,0.070000000000000,1,0.670000000000000,0.740000000000000,5
130202090103,Red Canyon,-0.010000000000000,0.130000000000000,3,0.740000000000000,0.440000000000000,5,0.230000000000000,0.310000000000000,4,-0.620000000000000,0.070000000000000,1,0.550000000000000,0.720000000000000,5
130202090104,Ox Spring Canyon-Alamocita Creek,-0.150000000000000,0.110000000000000,2,0.120000000000000,0.300000000000000,4,-0.200000000000000,0.210000000000000,3,-0.670000000000000,0.060000000000000,1,0.410000000000000,0.680000000000000,5
130700070501,Jal Cooper Cemetery,0.110000000000000,0.140000000000000,4,-0.550000000000000,0.150000000000000,1,-0.720000000000000,0.090000000000000,1,0.320000000000000,0.210000000000000,5,0.200000000000000,0.640000000000000,4
130700070502,130700070502,0.480000000000000,0.190000000000000,5,-0.230000000000000,0.220000000000000,2,-0.640000000000000,0.110000000000000,1,0.450000000000000,0.230000000000000,5,0.140000000000000,0.620000000000000,3
130700070503,County Airport,-0.190000000000000,0.100000000000000,2,-0.670000000000000,0.120000000000000,1,-0.660000000000000,0.100000000000000,1,0.240000000000000,0.200000000000000,4,0.090000000000000,0.610000000000000,3
130700070504,City of Jal,-0.380000000000000,0.080000000000000,1,-0.850000000000000,0.080000000000000,1,-0.740000000000000,0.080000000000000,1,0.160000000000000,0.190000000000000,4,0.080000000000000,0.610000000000000,3
130700070505,Hollow Draw,-0.100000000000000,0.110000000000000,3,-0.700000000000000,0.120000000000000,1,-0.790000000000000,0.070000000000000,1,0.260000000000000,0.200000000000000,4,0.200000000000000,0.630000000000000,4
130700070506,Headwaters Antelope Draw,0.700000000000000,0.220000000000000,5,-0.050000000000000,0.260000000000000,3,-0.420000000000000,0.160000000000000,2,0.670000000000000,0.260000000000000,5,0.190000000000000,0.630000000000000,4
140801010502,Headwaters Amargo Canyon,0.060000000000000,0.140000000000000,4,0.860000000000000,0.470000000000000,5,1.060000000000000,0.500000000000000,5,-0.420000000000000,0.100000000000000,1,0.390000000000000,0.680000000000000,4
140801010503,Webb Creek,0.420000000000000,0.180000000000000,5,0.570000000000000,0.400000000000000,5,0.580000000000000,0.390000000000000,5,-0.130000000000000,0.140000000000000,3,0.450000000000000,0.690000000000000,5
140801010504,Dulce Canyon,0.610000000000000,0.210000000000000,5,1.330000000000000,0.570000000000000,5,1.020000000000000,0.490000000000000,5,-0.350000000000000,0.110000000000000,2,0.380000000000000,0.680000000000000,4
140801010505,Outlet Amargo Canyon,0.350000000000000,0.170000000000000,5,0.780000000000000,0.450000000000000,5,0.830000000000000,0.440000000000000,5,-0.170000000000000,0.140000000000000,2,0.380000000000000,0.680000000000000,4
140801010901,Headwaters Canon Bancos,-0.230000000000000,0.100000000000000,2,0.120000000000000,0.300000000000000,4,0.180000000000000,0.300000000000000,4,-0.670000000000000,0.060000000000000,1,0.560000000000000,0.720000000000000,5
140801010902,Cabresto Canyon,-0.370000000000000,0.080000000000000,2,1.790000000000000,0.670000000000000,5,1.640000000000000,0.630000000000000,5,-0.760000000000000,0.050000000000000,1,0.540000000000000,0.710000000000000,5
140801010903,Outlet Canon Bancos,0.000000000000000,0.130000000000000,3,0.170000000000000,0.310000000000000,4,0.040000000000000,0.270000000000000,3,-0.530000000000000,0.080000000000000,1,0.390000000000000,0.680000000000000,4
140801011001,Long Bridge Flat-La Jara Creek,-0.090000000000000,0.120000000000000,3,0.650000000000000,0.420000000000000,5,0.730000000000000,0.420000000000000,5,-0.660000000000000,0.060000000000000,1,0.330000000000000,0.660000000000000,4
140801011002,Dike Rock Ridge-La Jara Creek,-0.080000000000000,0.120000000000000,3,0.520000000000000,0.390000000000000,5,0.570000000000000,0.390000000000000,5,-0.360000000000000,0.110000000000000,2,0.580000000000000,0.720000000000000,5
140801011003,Vaqueros Canyon,-0.290000000000000,0.090000000000000,2,0.240000000000000,0.330000000000000,4,0.360000000000000,0.340000000000000,4,-0.700000000000000,0.060000000000000,1,0.560000000000000,0.720000000000000,5
140801011004,Vaqueros Canyon-La Jara Creek,-0.450000000000000,0.070000000000000,1,0.310000000000000,0.340000000000000,4,0.370000000000000,0.340000000000000,4,-0.730000000000000,0.050000000000000,1,0.410000000000000,0.680000000000000,5
140801011005,La Fragua Canyon,-0.430000000000000,0.070000000000000,1,0.560000000000000,0.400000000000000,5,0.400000000000000,0.350000000000000,4,-0.680000000000000,0.060000000000000,1,0.630000000000000,0.740000000000000,5
140801011006,La Jara Canyon,-0.230000000000000,0.100000000000000,2,-0.080000000000000,0.250000000000000,3,-0.200000000000000,0.210000000000000,3,-0.550000000000000,0.080000000000000,1,0.510000000000000,0.710000000000000,5
130202090105,Pature Canyon-Alamocita Creek,-0.110000000000000,0.110000000000000,3,0.210000000000000,0.320000000000000,4,0.110000000000000,0.280000000000000,4,-0.650000000000000,0.060000000000000,1,0.350000000000000,0.670000000000000,4
130202030404,Hubbell Spring,0.280000000000000,0.170000000000000,4,-0.370000000000000,0.190000000000000,2,-0.280000000000000,0.190000000000000,2,0.550000000000000,0.250000000000000,5,-0.110000000000000,0.560000000000000,2
130202030405,Lower Hells Canyon Wash,-0.060000000000000,0.120000000000000,3,-0.020000000000000,0.270000000000000,3,-0.150000000000000,0.220000000000000,3,0.310000000000000,0.210000000000000,5,-0.270000000000000,0.530000000000000,2
130202030406,White Rock Canyon,1.900000000000000,0.380000000000000,5,-0.330000000000000,0.200000000000000,2,-0.030000000000000,0.250000000000000,3,2.070000000000000,0.470000000000000,5,-0.790000000000000,0.400000000000000,1
130202030407,Ojito Canyon,-0.020000000000000,0.130000000000000,3,0.010000000000000,0.270000000000000,3,0.220000000000000,0.310000000000000,4,0.360000000000000,0.220000000000000,5,-0.290000000000000,0.520000000000000,2
130202030408,Garcia Canyon,0.240000000000000,0.160000000000000,4,0.670000000000000,0.420000000000000,5,0.590000000000000,0.390000000000000,5,0.220000000000000,0.190000000000000,4,0.140000000000000,0.620000000000000,3
130202030409,La Canada de La Loma de Arena,0.250000000000000,0.160000000000000,4,0.810000000000000,0.450000000000000,5,0.820000000000000,0.440000000000000,5,0.260000000000000,0.200000000000000,4,-0.050000000000000,0.580000000000000,3
130202030410,Town of Ladera,0.050000000000000,0.130000000000000,4,-0.560000000000000,0.150000000000000,1,-0.190000000000000,0.210000000000000,3,0.650000000000000,0.260000000000000,5,-0.760000000000000,0.410000000000000,1
130202030501,Canon Barranco-Abo Arroyo,0.010000000000000,0.130000000000000,3,-0.090000000000000,0.250000000000000,3,0.190000000000000,0.300000000000000,4,0.050000000000000,0.170000000000000,4,-0.160000000000000,0.550000000000000,2
130202030502,Deer Canyon-Abo Arroyo,-0.010000000000000,0.130000000000000,3,0.520000000000000,0.390000000000000,5,0.750000000000000,0.430000000000000,5,-0.260000000000000,0.120000000000000,2,-0.080000000000000,0.570000000000000,3
130202071002,Blue Water Creek-Arroyo Colorado,0.110000000000000,0.140000000000000,4,0.350000000000000,0.350000000000000,4,0.290000000000000,0.320000000000000,4,-0.120000000000000,0.140000000000000,3,-0.390000000000000,0.500000000000000,1
130600030601,Upper Truchas Creek,-0.480000000000000,0.070000000000000,1,-0.460000000000000,0.170000000000000,1,-0.630000000000000,0.110000000000000,1,-0.090000000000000,0.150000000000000,3,-0.200000000000000,0.540000000000000,2
130600030602,Middle Truchas Creek,-0.490000000000000,0.060000000000000,1,-0.380000000000000,0.190000000000000,2,-0.550000000000000,0.130000000000000,1,-0.040000000000000,0.160000000000000,3,-0.270000000000000,0.520000000000000,2
130600030603,Lower Truchas Creek,-0.470000000000000,0.070000000000000,1,-0.380000000000000,0.190000000000000,2,-0.520000000000000,0.140000000000000,1,0.020000000000000,0.170000000000000,3,-0.430000000000000,0.490000000000000,1
130600030702,Headwaters Guana Creek,-0.150000000000000,0.110000000000000,2,-0.280000000000000,0.210000000000000,2,-0.790000000000000,0.070000000000000,1,0.120000000000000,0.180000000000000,4,-0.200000000000000,0.540000000000000,2
130600030703,Weston Ranch,-0.440000000000000,0.070000000000000,1,-0.270000000000000,0.210000000000000,2,-0.560000000000000,0.130000000000000,1,0.110000000000000,0.180000000000000,4,-0.270000000000000,0.530000000000000,2
130600030704,Outlet Guana Creek,-0.400000000000000,0.080000000000000,1,-0.440000000000000,0.170000000000000,2,-0.400000000000000,0.160000000000000,2,0.110000000000000,0.180000000000000,4,-0.330000000000000,0.510000000000000,2
130600030801,Byrd Ranch,-0.480000000000000,0.070000000000000,1,-0.690000000000000,0.120000000000000,1,-0.970000000000000,0.030000000000000,1,-0.040000000000000,0.160000000000000,3,-0.120000000000000,0.560000000000000,2
130600030802,Upper Yeso Creek,-0.280000000000000,0.090000000000000,2,-0.260000000000000,0.210000000000000,2,-0.360000000000000,0.170000000000000,2,-0.120000000000000,0.140000000000000,3,-0.240000000000000,0.530000000000000,2
130600030803,Middle Yeso Creek,-0.360000000000000,0.080000000000000,2,-0.500000000000000,0.160000000000000,1,-0.460000000000000,0.150000000000000,2,-0.100000000000000,0.150000000000000,3,-0.320000000000000,0.510000000000000,2
110901030206,110901030206-Perico Creek,-0.650000000000000,0.040000000000000,1,-0.740000000000000,0.110000000000000,1,-0.690000000000000,0.100000000000000,1,-0.100000000000000,0.150000000000000,3,0.150000000000000,0.620000000000000,4
110901030207,City of Texline,-0.790000000000000,0.020000000000000,1,-0.580000000000000,0.140000000000000,1,-0.480000000000000,0.150000000000000,1,-0.060000000000000,0.150000000000000,3,0.270000000000000,0.650000000000000,4
110901030304,110901030304-Rita Blanca Creek,1.590000000000000,0.340000000000000,5,0.430000000000000,0.370000000000000,5,0.010000000000000,0.260000000000000,3,1.010000000000000,0.310000000000000,5,0.000000000000000,0.000000000000000,1
110901040304,110901040404-Carrizo Creek,-0.430000000000000,0.070000000000000,1,-0.610000000000000,0.140000000000000,1,-0.500000000000000,0.140000000000000,1,0.050000000000000,0.170000000000000,4,-0.240000000000000,0.530000000000000,2
150200030501,Harris Creek-Agua Fria Creek,-0.060000000000000,0.120000000000000,3,0.570000000000000,0.400000000000000,5,0.260000000000000,0.310000000000000,4,-0.280000000000000,0.120000000000000,2,0.610000000000000,0.730000000000000,5
150200030502,Demetrio Creek,0.060000000000000,0.140000000000000,4,0.400000000000000,0.360000000000000,4,0.050000000000000,0.270000000000000,4,-0.250000000000000,0.120000000000000,2,0.710000000000000,0.750000000000000,5
150200030503,Demetrio Creek-Agua Fria Creek,-0.260000000000000,0.090000000000000,2,-0.230000000000000,0.220000000000000,2,-0.260000000000000,0.190000000000000,2,0.010000000000000,0.160000000000000,3,0.700000000000000,0.750000000000000,5
150200030504,Gatlin Lake,-0.110000000000000,0.110000000000000,3,0.160000000000000,0.310000000000000,4,-0.040000000000000,0.250000000000000,3,-0.290000000000000,0.120000000000000,2,0.820000000000000,0.780000000000000,5
150200030505,Mangitas Creek,-0.060000000000000,0.120000000000000,3,0.260000000000000,0.330000000000000,4,0.140000000000000,0.290000000000000,4,-0.110000000000000,0.150000000000000,3,1.020000000000000,0.830000000000000,5
150200030506,Cerro La Mula,-0.290000000000000,0.090000000000000,2,-0.090000000000000,0.250000000000000,3,-0.050000000000000,0.240000000000000,3,-0.090000000000000,0.150000000000000,3,0.950000000000000,0.810000000000000,5
150200030507,Cerro La Mula-Agua Fria Creek,-0.160000000000000,0.110000000000000,2,-0.140000000000000,0.240000000000000,3,-0.230000000000000,0.200000000000000,2,0.020000000000000,0.170000000000000,3,0.750000000000000,0.760000000000000,5
150200030508,Burnett Ranch,-0.360000000000000,0.080000000000000,2,-0.370000000000000,0.190000000000000,2,-0.320000000000000,0.180000000000000,2,-0.010000000000000,0.160000000000000,3,0.770000000000000,0.770000000000000,5
150200030509,Blaines Lake-Agua Fria Creek,-0.170000000000000,0.110000000000000,2,-0.100000000000000,0.250000000000000,3,-0.040000000000000,0.250000000000000,3,-0.200000000000000,0.130000000000000,2,0.800000000000000,0.780000000000000,5
150200030601,Zuni Salt Lake,0.330000000000000,0.170000000000000,5,-0.040000000000000,0.260000000000000,3,0.010000000000000,0.260000000000000,3,0.190000000000000,0.190000000000000,4,0.700000000000000,0.750000000000000,5
150200030602,Lake Armijo,0.190000000000000,0.150000000000000,4,0.090000000000000,0.290000000000000,4,-0.040000000000000,0.250000000000000,3,0.180000000000000,0.190000000000000,4,0.670000000000000,0.750000000000000,5
130600030804,Town of Ricardo,-0.890000000000000,0.010000000000000,1,-0.980000000000000,0.050000000000000,1,-0.560000000000000,0.130000000000000,1,-0.100000000000000,0.150000000000000,3,-0.320000000000000,0.510000000000000,2
130600030805,Lower Yeso Creek,-0.520000000000000,0.060000000000000,1,-0.860000000000000,0.080000000000000,1,-0.630000000000000,0.110000000000000,1,-0.040000000000000,0.160000000000000,3,-0.350000000000000,0.510000000000000,2
130600030901,Salado Creek-Pecos River,-0.260000000000000,0.090000000000000,2,-0.340000000000000,0.200000000000000,2,-0.160000000000000,0.220000000000000,3,-0.210000000000000,0.130000000000000,2,-0.380000000000000,0.500000000000000,1
130600030902,Arroyo de Anil-Pecos River,-0.270000000000000,0.090000000000000,2,-0.220000000000000,0.220000000000000,2,-0.050000000000000,0.240000000000000,3,-0.160000000000000,0.140000000000000,2,-0.440000000000000,0.490000000000000,1
130600030903,Truchas Creek-Pecos River,-0.450000000000000,0.070000000000000,1,-0.330000000000000,0.200000000000000,2,0.210000000000000,0.300000000000000,4,-0.030000000000000,0.160000000000000,3,-0.460000000000000,0.480000000000000,1
130600030904,Town of Agudo,-0.790000000000000,0.020000000000000,1,-0.870000000000000,0.080000000000000,1,-0.450000000000000,0.150000000000000,2,-0.080000000000000,0.150000000000000,3,-0.340000000000000,0.510000000000000,2
130600030905,Vaughn Ranch-Pecos River,-0.640000000000000,0.040000000000000,1,-0.730000000000000,0.110000000000000,1,-0.180000000000000,0.210000000000000,3,-0.050000000000000,0.150000000000000,3,-0.530000000000000,0.470000000000000,1
130600030906,Taiban Creek-Pecos River,-0.530000000000000,0.060000000000000,1,-0.440000000000000,0.180000000000000,2,0.020000000000000,0.260000000000000,3,0.010000000000000,0.160000000000000,3,-0.470000000000000,0.480000000000000,1
130600030907,Bonner Lake,-0.420000000000000,0.070000000000000,1,-0.240000000000000,0.220000000000000,2,-0.340000000000000,0.180000000000000,2,0.120000000000000,0.180000000000000,4,-0.320000000000000,0.510000000000000,2
130600030908,Cibolo Creek,-0.180000000000000,0.100000000000000,2,-0.330000000000000,0.200000000000000,2,-0.380000000000000,0.170000000000000,2,0.100000000000000,0.180000000000000,4,-0.380000000000000,0.500000000000000,1
130600020404,Rincon de Rosendo Padilla-Pintada Arroyo,-0.070000000000000,0.120000000000000,3,-0.010000000000000,0.270000000000000,3,-0.370000000000000,0.170000000000000,2,0.000000000000000,0.160000000000000,3,0.000000000000000,0.590000000000000,3
130600020405,Ojito Arroyo-Pintada Canyon,0.090000000000000,0.140000000000000,4,0.130000000000000,0.300000000000000,4,-0.190000000000000,0.210000000000000,3,-0.140000000000000,0.140000000000000,2,-0.030000000000000,0.580000000000000,3
130600020406,Moise Ranch,0.040000000000000,0.130000000000000,4,-0.270000000000000,0.210000000000000,2,-0.830000000000000,0.070000000000000,1,0.120000000000000,0.180000000000000,4,-0.020000000000000,0.580000000000000,3
130600030101,Vaughn Evergreen Cemetery,0.200000000000000,0.150000000000000,4,0.120000000000000,0.300000000000000,4,-0.550000000000000,0.130000000000000,1,0.180000000000000,0.190000000000000,4,-0.120000000000000,0.560000000000000,2
130600030102,City of Vaughn,0.180000000000000,0.150000000000000,4,0.300000000000000,0.340000000000000,4,-0.330000000000000,0.180000000000000,2,0.170000000000000,0.190000000000000,4,-0.120000000000000,0.560000000000000,2
130600030103,130600030103,-0.080000000000000,0.120000000000000,3,-0.320000000000000,0.200000000000000,2,-0.620000000000000,0.110000000000000,1,0.040000000000000,0.170000000000000,3,-0.070000000000000,0.570000000000000,3
130600030104,Headwaters San Pablo Draw,0.230000000000000,0.160000000000000,4,0.370000000000000,0.360000000000000,4,-0.240000000000000,0.200000000000000,2,0.150000000000000,0.180000000000000,4,0.050000000000000,0.600000000000000,3
130600030105,Outlet San Pablo Draw,0.000000000000000,0.130000000000000,3,-0.230000000000000,0.220000000000000,2,-0.740000000000000,0.090000000000000,1,0.120000000000000,0.180000000000000,4,-0.140000000000000,0.560000000000000,2
130600030106,130600030106,0.080000000000000,0.140000000000000,4,-0.070000000000000,0.260000000000000,3,-0.740000000000000,0.080000000000000,1,0.160000000000000,0.190000000000000,4,-0.080000000000000,0.570000000000000,2
130600030107,Long Draw,-0.010000000000000,0.130000000000000,3,-0.220000000000000,0.220000000000000,2,-0.850000000000000,0.060000000000000,1,0.170000000000000,0.190000000000000,4,-0.200000000000000,0.540000000000000,2
130600111007,Dark Canyon-Pecos River,1.260000000000000,0.300000000000000,5,0.170000000000000,0.310000000000000,4,-0.140000000000000,0.220000000000000,3,1.000000000000000,0.310000000000000,5,-0.400000000000000,0.490000000000000,1
110901040305,Higgins Sandhill,1.120000000000000,0.280000000000000,5,0.440000000000000,0.370000000000000,5,0.210000000000000,0.300000000000000,4,0.680000000000000,0.260000000000000,5,0.000000000000000,0.000000000000000,1
110901040307,110901040405-Carrizo Creek,1.500000000000000,0.330000000000000,5,0.230000000000000,0.320000000000000,4,-0.490000000000000,0.140000000000000,1,0.960000000000000,0.310000000000000,5,-0.320000000000000,0.510000000000000,2
110901040401,Shaha Cemetery,1.990000000000000,0.390000000000000,5,0.460000000000000,0.370000000000000,5,-0.310000000000000,0.180000000000000,2,1.360000000000000,0.370000000000000,5,-0.230000000000000,0.530000000000000,2
110901040402,Campsey Hill,1.760000000000000,0.360000000000000,5,1.160000000000000,0.530000000000000,5,0.560000000000000,0.380000000000000,5,1.170000000000000,0.340000000000000,5,-0.330000000000000,0.510000000000000,2
111201010202,Garcia Lake,999.000000000000000,999.000000000000000,999,999.000000000000000,999.000000000000000,999,999.000000000000000,999.000000000000000,999,999.000000000000000,999.000000000000000,999,999.000000000000000,999.000000000000000,999
130600080704,North Spring River,-0.060000000000000,0.120000000000000,3,0.230000000000000,0.320000000000000,4,0.420000000000000,0.350000000000000,5,0.370000000000000,0.220000000000000,5,-0.430000000000000,0.490000000000000,1
130600080705,Berrendo Creek-Rio Hondo,-0.030000000000000,0.120000000000000,3,0.590000000000000,0.400000000000000,5,0.980000000000000,0.480000000000000,5,0.440000000000000,0.230000000000000,5,-0.510000000000000,0.470000000000000,1
130600090101,North Fork-Pine Tree Canyon,0.190000000000000,0.150000000000000,4,0.850000000000000,0.460000000000000,5,0.820000000000000,0.440000000000000,5,-0.300000000000000,0.120000000000000,2,0.850000000000000,0.790000000000000,5
130600090102,Turkey Canyon,0.060000000000000,0.140000000000000,4,0.770000000000000,0.450000000000000,5,0.890000000000000,0.460000000000000,5,-0.480000000000000,0.090000000000000,1,0.790000000000000,0.770000000000000,5
130600090103,Turkey Canyon-Whitetail Canyon,-0.120000000000000,0.110000000000000,3,0.400000000000000,0.360000000000000,4,0.620000000000000,0.400000000000000,5,-0.340000000000000,0.110000000000000,2,0.800000000000000,0.780000000000000,5
130600090104,Indian Canyon,0.010000000000000,0.130000000000000,3,0.510000000000000,0.390000000000000,5,0.730000000000000,0.420000000000000,5,-0.420000000000000,0.100000000000000,1,0.780000000000000,0.770000000000000,5
130600090105,Lincoln Canyon,-0.070000000000000,0.120000000000000,3,0.330000000000000,0.350000000000000,4,0.690000000000000,0.410000000000000,5,-0.220000000000000,0.130000000000000,2,0.830000000000000,0.780000000000000,5
130600090201,Pine Tree Canyon,-0.100000000000000,0.120000000000000,3,0.130000000000000,0.300000000000000,4,0.400000000000000,0.350000000000000,4,-0.300000000000000,0.120000000000000,2,0.670000000000000,0.740000000000000,5
130600090202,Headwaters Monument Canyon,-0.020000000000000,0.130000000000000,3,0.160000000000000,0.310000000000000,4,0.280000000000000,0.320000000000000,4,-0.190000000000000,0.130000000000000,2,0.620000000000000,0.730000000000000,5
130600090203,Outlet Monument Canyon,-0.020000000000000,0.130000000000000,3,0.320000000000000,0.350000000000000,4,0.430000000000000,0.350000000000000,5,-0.330000000000000,0.110000000000000,2,0.100000000000000,0.610000000000000,3
130600090301,Upper Twin Butte Canyon,-0.090000000000000,0.120000000000000,3,0.200000000000000,0.320000000000000,4,0.020000000000000,0.260000000000000,3,-0.260000000000000,0.120000000000000,2,0.450000000000000,0.690000000000000,5
130600090302,Middle Twin Butte Canyon,-0.050000000000000,0.120000000000000,3,0.150000000000000,0.310000000000000,4,0.170000000000000,0.290000000000000,4,-0.220000000000000,0.130000000000000,2,0.110000000000000,0.610000000000000,3
130600090303,Lower Twin Butte Canyon,0.130000000000000,0.150000000000000,4,-0.020000000000000,0.270000000000000,3,0.010000000000000,0.260000000000000,3,-0.020000000000000,0.160000000000000,3,-0.130000000000000,0.560000000000000,2
130600090401,Browning Canyon-Rio Felix,0.130000000000000,0.150000000000000,4,0.570000000000000,0.400000000000000,5,0.870000000000000,0.450000000000000,5,-0.360000000000000,0.110000000000000,2,0.770000000000000,0.770000000000000,5
130600090402,Salt House Canyon,-0.110000000000000,0.110000000000000,3,0.040000000000000,0.280000000000000,3,0.170000000000000,0.290000000000000,4,-0.260000000000000,0.120000000000000,2,0.530000000000000,0.710000000000000,5
130600090403,Salt House Canyon-Rio Felix,-0.030000000000000,0.130000000000000,3,0.370000000000000,0.350000000000000,4,0.440000000000000,0.350000000000000,5,-0.310000000000000,0.120000000000000,2,0.600000000000000,0.730000000000000,5
130600090404,Little Ox Yoke Canyon-Rio Felix,-0.100000000000000,0.110000000000000,3,0.320000000000000,0.340000000000000,4,0.380000000000000,0.340000000000000,4,-0.440000000000000,0.100000000000000,1,0.210000000000000,0.640000000000000,4
130600090405,Squaw Canyon Creek,0.010000000000000,0.130000000000000,3,0.120000000000000,0.300000000000000,4,0.130000000000000,0.290000000000000,4,-0.210000000000000,0.130000000000000,2,0.150000000000000,0.620000000000000,4
130202030503,Canada Montosa,-0.130000000000000,0.110000000000000,3,0.080000000000000,0.290000000000000,4,0.500000000000000,0.370000000000000,5,-0.100000000000000,0.150000000000000,3,0.030000000000000,0.600000000000000,3
130202030504,Canon Saladito-Abo Arroyo,-0.220000000000000,0.100000000000000,2,0.100000000000000,0.300000000000000,4,0.560000000000000,0.380000000000000,5,-0.060000000000000,0.150000000000000,3,-0.050000000000000,0.580000000000000,3
130202030704,Maes Arroyo-Rio Grande,0.890000000000000,0.250000000000000,5,-0.370000000000000,0.190000000000000,2,-0.210000000000000,0.210000000000000,3,1.020000000000000,0.320000000000000,5,-0.370000000000000,0.500000000000000,1
130202030801,Agua de Los Torres,0.090000000000000,0.140000000000000,4,0.190000000000000,0.320000000000000,4,0.480000000000000,0.360000000000000,5,-0.220000000000000,0.130000000000000,2,0.050000000000000,0.600000000000000,3
130202030802,Palo Duro Canyon-Rio Grande,0.870000000000000,0.240000000000000,5,-0.100000000000000,0.250000000000000,3,-0.120000000000000,0.230000000000000,3,0.380000000000000,0.220000000000000,5,-0.100000000000000,0.560000000000000,2
130202030803,Cibola Canyon,0.430000000000000,0.190000000000000,5,0.110000000000000,0.300000000000000,4,0.160000000000000,0.290000000000000,4,-0.040000000000000,0.160000000000000,3,0.050000000000000,0.600000000000000,3
130202030804,Cibola Canyon-Rio Grande,1.160000000000000,0.280000000000000,5,-0.170000000000000,0.230000000000000,3,-0.130000000000000,0.230000000000000,3,0.620000000000000,0.260000000000000,5,-0.300000000000000,0.520000000000000,2
130202030901,San Lorenzo Arroyo,0.130000000000000,0.150000000000000,4,0.070000000000000,0.290000000000000,4,-0.100000000000000,0.230000000000000,3,-0.460000000000000,0.090000000000000,1,-0.020000000000000,0.580000000000000,3
130202030902,Arroyo Alamillo,0.440000000000000,0.190000000000000,5,-0.140000000000000,0.240000000000000,3,-0.120000000000000,0.230000000000000,3,0.110000000000000,0.180000000000000,4,0.010000000000000,0.590000000000000,3
130600030909,Yeso Creek-Pecos River,-0.130000000000000,0.110000000000000,3,-0.330000000000000,0.200000000000000,2,-0.110000000000000,0.230000000000000,3,0.180000000000000,0.190000000000000,4,-0.450000000000000,0.480000000000000,1
130600031001,Manzanita Lake,-0.170000000000000,0.110000000000000,2,-0.140000000000000,0.240000000000000,3,-0.790000000000000,0.070000000000000,1,0.100000000000000,0.180000000000000,4,-0.170000000000000,0.550000000000000,2
130600031002,Fain Tank,-0.350000000000000,0.080000000000000,2,-0.470000000000000,0.170000000000000,1,-0.990000000000000,0.030000000000000,1,0.020000000000000,0.160000000000000,3,-0.210000000000000,0.540000000000000,2
130600031003,Roadrunner Ranch,-0.140000000000000,0.110000000000000,3,-0.220000000000000,0.220000000000000,2,-0.880000000000000,0.050000000000000,1,0.080000000000000,0.170000000000000,4,-0.130000000000000,0.560000000000000,2
130600031004,Red Bluffs,-0.250000000000000,0.100000000000000,2,-0.340000000000000,0.200000000000000,2,-0.710000000000000,0.090000000000000,1,0.010000000000000,0.160000000000000,3,-0.200000000000000,0.540000000000000,2
130202071004,Big Sandy Wash,0.170000000000000,0.150000000000000,4,0.370000000000000,0.360000000000000,4,0.410000000000000,0.350000000000000,4,-0.090000000000000,0.150000000000000,3,-0.790000000000000,0.400000000000000,1
130202071005,Sandy Wash,-0.030000000000000,0.120000000000000,3,0.050000000000000,0.280000000000000,4,0.230000000000000,0.310000000000000,4,0.020000000000000,0.170000000000000,3,-0.820000000000000,0.400000000000000,1
130202071006,Cold Canyon-Arroyo Colorado,0.110000000000000,0.140000000000000,4,0.270000000000000,0.330000000000000,4,0.350000000000000,0.330000000000000,4,0.240000000000000,0.200000000000000,4,-1.180000000000000,0.310000000000000,1
110901010104,Sanchez Springs-Canadian River,1.010000000000000,0.260000000000000,5,-0.260000000000000,0.210000000000000,2,0.080000000000000,0.270000000000000,4,0.980000000000000,0.310000000000000,5,-0.170000000000000,0.550000000000000,2
110901010105,Nara Visa Arroyo,0.920000000000000,0.250000000000000,5,0.260000000000000,0.330000000000000,4,0.270000000000000,0.320000000000000,4,0.780000000000000,0.280000000000000,5,0.030000000000000,0.600000000000000,3
110901010108,Horse Creek,0.460000000000000,0.190000000000000,5,-0.640000000000000,0.130000000000000,1,-0.330000000000000,0.180000000000000,2,0.560000000000000,0.250000000000000,5,0.000000000000000,0.000000000000000,1
110901010203,Doyle Hill-Minneosa Creek,0.590000000000000,0.210000000000000,5,0.020000000000000,0.280000000000000,3,-0.060000000000000,0.240000000000000,3,0.520000000000000,0.240000000000000,5,0.130000000000000,0.620000000000000,3
130600090406,Squaw Canyon Creek-Rio Felix,0.080000000000000,0.140000000000000,4,0.260000000000000,0.330000000000000,4,0.140000000000000,0.290000000000000,4,-0.190000000000000,0.130000000000000,2,-0.060000000000000,0.570000000000000,3
130600090407,Headwaters Crooked Creek,0.060000000000000,0.140000000000000,4,0.230000000000000,0.320000000000000,4,0.330000000000000,0.330000000000000,4,-0.160000000000000,0.140000000000000,2,0.320000000000000,0.660000000000000,4
140801011902,Canon Largo-San Juan River,-0.430000000000000,0.070000000000000,1,-0.370000000000000,0.190000000000000,2,-0.050000000000000,0.240000000000000,3,-0.500000000000000,0.090000000000000,1,-0.130000000000000,0.560000000000000,2
140801011903,Armenta Canyon,-0.540000000000000,0.060000000000000,1,-0.050000000000000,0.260000000000000,3,0.350000000000000,0.340000000000000,4,-0.740000000000000,0.050000000000000,1,-0.300000000000000,0.520000000000000,2
140801011904,Armenta Canyon-San Juan River,-0.440000000000000,0.070000000000000,1,-0.090000000000000,0.250000000000000,3,0.330000000000000,0.330000000000000,4,-0.480000000000000,0.090000000000000,1,-0.410000000000000,0.490000000000000,1
140801012001,Huerfano Trading Post-Gallegos Canyon,-0.450000000000000,0.070000000000000,1,0.180000000000000,0.310000000000000,4,0.550000000000000,0.380000000000000,5,-0.190000000000000,0.130000000000000,2,0.000000000000000,0.590000000000000,3
140801012002,140801011902,-0.480000000000000,0.070000000000000,1,-0.260000000000000,0.210000000000000,2,0.200000000000000,0.300000000000000,4,-0.140000000000000,0.140000000000000,2,-0.150000000000000,0.550000000000000,2
140801012003,140801011903-Gallegos Canyon,-0.400000000000000,0.080000000000000,1,-0.070000000000000,0.260000000000000,3,0.300000000000000,0.320000000000000,4,-0.300000000000000,0.120000000000000,2,-0.130000000000000,0.560000000000000,2
140801012005,Monisco Wash,-0.780000000000000,0.030000000000000,1,-0.100000000000000,0.250000000000000,3,0.180000000000000,0.300000000000000,4,-0.360000000000000,0.110000000000000,2,-0.050000000000000,0.580000000000000,3
140801012009,Gallegos Spring-Gallegos Canyon,-0.510000000000000,0.060000000000000,1,-0.370000000000000,0.190000000000000,2,0.110000000000000,0.280000000000000,4,-0.320000000000000,0.110000000000000,2,-1.330000000000000,0.280000000000000,1
140801012101,Kutz Canyon,-0.400000000000000,0.080000000000000,1,0.150000000000000,0.310000000000000,4,0.580000000000000,0.390000000000000,5,-0.630000000000000,0.070000000000000,1,-0.620000000000000,0.440000000000000,1
140801012102,Kutz Canyon-San Juan River,-0.160000000000000,0.110000000000000,2,0.170000000000000,0.310000000000000,4,0.590000000000000,0.390000000000000,5,-0.140000000000000,0.140000000000000,2,-0.750000000000000,0.410000000000000,1
140801012103,Gallegos Canyon-San Juan River,-0.120000000000000,0.110000000000000,3,-0.310000000000000,0.200000000000000,2,0.280000000000000,0.320000000000000,4,0.090000000000000,0.180000000000000,4,-1.200000000000000,0.310000000000000,1
140801030101,Five Lakes Canyon-Canon Largo,-0.170000000000000,0.110000000000000,2,-0.120000000000000,0.250000000000000,3,0.000000000000000,0.250000000000000,3,-0.170000000000000,0.140000000000000,2,-0.280000000000000,0.520000000000000,2
140801030102,140801030102-Canon Largo,-0.340000000000000,0.080000000000000,2,-0.050000000000000,0.260000000000000,3,0.200000000000000,0.300000000000000,4,-0.190000000000000,0.130000000000000,2,0.060000000000000,0.600000000000000,3
140801030103,Chacon Canyon,-0.160000000000000,0.110000000000000,2,0.050000000000000,0.280000000000000,4,0.150000000000000,0.290000000000000,4,-0.030000000000000,0.160000000000000,3,0.240000000000000,0.640000000000000,4
140801030104,Tancosa Wash,-0.530000000000000,0.060000000000000,1,0.100000000000000,0.290000000000000,4,0.440000000000000,0.350000000000000,5,-0.320000000000000,0.110000000000000,2,0.050000000000000,0.600000000000000,3
140801030105,Sisnathyel Mesa-Canon Largo,-0.370000000000000,0.080000000000000,2,0.360000000000000,0.350000000000000,4,0.520000000000000,0.370000000000000,5,-0.160000000000000,0.140000000000000,2,-0.040000000000000,0.580000000000000,3
140801030106,Venado Canyon,-0.470000000000000,0.070000000000000,1,-0.150000000000000,0.240000000000000,3,0.060000000000000,0.270000000000000,4,-0.350000000000000,0.110000000000000,2,0.240000000000000,0.640000000000000,4
140801030107,Gallo Canyon-Canon Largo,-0.440000000000000,0.070000000000000,1,-0.050000000000000,0.260000000000000,3,0.210000000000000,0.300000000000000,4,-0.370000000000000,0.110000000000000,2,0.230000000000000,0.640000000000000,4
130202071007,Rock Tank Canyon,-0.090000000000000,0.120000000000000,3,0.130000000000000,0.300000000000000,4,-0.310000000000000,0.180000000000000,2,-0.200000000000000,0.130000000000000,2,0.310000000000000,0.660000000000000,4
130202071008,Ponia Canyon,0.200000000000000,0.150000000000000,4,0.180000000000000,0.310000000000000,4,-0.160000000000000,0.220000000000000,3,0.110000000000000,0.180000000000000,4,-0.300000000000000,0.520000000000000,2
130600030108,El Morro Ranch,-0.170000000000000,0.110000000000000,2,-0.470000000000000,0.170000000000000,1,-0.940000000000000,0.040000000000000,1,0.170000000000000,0.190000000000000,4,-0.230000000000000,0.530000000000000,2
130600030201,130600030201,-0.270000000000000,0.090000000000000,2,-0.450000000000000,0.170000000000000,1,-0.810000000000000,0.070000000000000,1,-0.090000000000000,0.150000000000000,3,0.100000000000000,0.610000000000000,3
130600030202,130600030202,-0.190000000000000,0.100000000000000,2,-0.170000000000000,0.230000000000000,3,-0.670000000000000,0.100000000000000,1,-0.010000000000000,0.160000000000000,3,0.000000000000000,0.590000000000000,3
130600030203,Tall Pine Draw,-0.170000000000000,0.110000000000000,2,-0.190000000000000,0.230000000000000,2,-0.360000000000000,0.170000000000000,2,0.080000000000000,0.170000000000000,4,-0.040000000000000,0.580000000000000,3
130600030204,Headwaters Camaleon Draw,-0.270000000000000,0.090000000000000,2,-0.190000000000000,0.230000000000000,2,-0.370000000000000,0.170000000000000,2,0.100000000000000,0.180000000000000,4,0.050000000000000,0.600000000000000,3
130600030205,Outlet Camaleon Draw,-0.340000000000000,0.080000000000000,2,-0.440000000000000,0.170000000000000,2,-0.770000000000000,0.080000000000000,1,0.060000000000000,0.170000000000000,4,-0.070000000000000,0.570000000000000,3
130600030206,Marino Draw,-0.210000000000000,0.100000000000000,2,-0.190000000000000,0.230000000000000,2,-0.360000000000000,0.170000000000000,2,0.010000000000000,0.160000000000000,3,0.010000000000000,0.590000000000000,3
130600030207,Laguna de Las Vacas,-0.230000000000000,0.100000000000000,2,-0.320000000000000,0.200000000000000,2,-0.810000000000000,0.070000000000000,1,0.050000000000000,0.170000000000000,4,-0.090000000000000,0.570000000000000,2
130600030208,Vicente Ranch,-0.130000000000000,0.110000000000000,3,-0.180000000000000,0.230000000000000,3,-0.570000000000000,0.130000000000000,1,0.060000000000000,0.170000000000000,4,-0.100000000000000,0.570000000000000,2
130600030301,Long Ranch,-0.520000000000000,0.060000000000000,1,-0.450000000000000,0.170000000000000,2,-0.480000000000000,0.150000000000000,2,0.120000000000000,0.180000000000000,4,-0.250000000000000,0.530000000000000,2
130600030302,Overton Ranch,-0.200000000000000,0.100000000000000,2,-0.220000000000000,0.220000000000000,2,-0.670000000000000,0.100000000000000,1,0.140000000000000,0.180000000000000,4,-0.160000000000000,0.550000000000000,2
130600030303,130600030303,-0.340000000000000,0.080000000000000,2,-0.440000000000000,0.170000000000000,2,-0.770000000000000,0.080000000000000,1,0.100000000000000,0.180000000000000,4,-0.190000000000000,0.550000000000000,2
130600030304,McMeans Ranch,-0.160000000000000,0.110000000000000,2,-0.170000000000000,0.240000000000000,3,-0.550000000000000,0.130000000000000,1,0.240000000000000,0.200000000000000,4,-0.250000000000000,0.530000000000000,2
130600030401,Gacho Well,-0.290000000000000,0.090000000000000,2,0.020000000000000,0.280000000000000,3,-0.510000000000000,0.140000000000000,1,0.040000000000000,0.170000000000000,4,-0.160000000000000,0.550000000000000,2
130600030402,Town of Duoro,-0.100000000000000,0.110000000000000,3,-0.230000000000000,0.220000000000000,2,-0.860000000000000,0.060000000000000,1,0.120000000000000,0.180000000000000,4,-0.160000000000000,0.550000000000000,2
130600030403,130600030403,-0.160000000000000,0.110000000000000,2,-0.260000000000000,0.210000000000000,2,-0.700000000000000,0.100000000000000,1,0.020000000000000,0.170000000000000,3,-0.140000000000000,0.560000000000000,2
130600030404,Upper Salado Creek,-0.200000000000000,0.100000000000000,2,-0.290000000000000,0.210000000000000,2,-0.710000000000000,0.090000000000000,1,0.050000000000000,0.170000000000000,4,-0.170000000000000,0.550000000000000,2
130600030405,Middle Salado Creek,-0.370000000000000,0.080000000000000,2,-0.260000000000000,0.220000000000000,2,-0.470000000000000,0.150000000000000,2,-0.100000000000000,0.150000000000000,3,-0.200000000000000,0.540000000000000,2
130600030406,Lower Salado Creek,-0.450000000000000,0.070000000000000,1,-0.270000000000000,0.210000000000000,2,-0.180000000000000,0.210000000000000,3,-0.100000000000000,0.150000000000000,3,-0.270000000000000,0.520000000000000,2
130600111104,McKittrick Canyon-Black River,0.170000000000000,0.150000000000000,4,0.450000000000000,0.370000000000000,5,0.790000000000000,0.430000000000000,5,-0.150000000000000,0.140000000000000,2,-2.210000000000000,0.070000000000000,1
130600111105,Rattlesnake Canyon,0.800000000000000,0.230000000000000,5,0.900000000000000,0.470000000000000,5,1.680000000000000,0.640000000000000,5,0.030000000000000,0.170000000000000,3,-1.810000000000000,0.170000000000000,1
130600111106,Rattlesnake Canyon-Black River,0.460000000000000,0.190000000000000,5,0.000000000000000,0.270000000000000,3,-0.010000000000000,0.250000000000000,3,0.390000000000000,0.220000000000000,5,-1.380000000000000,0.270000000000000,1
130600111107,Walnut Canyon-Black River,0.510000000000000,0.200000000000000,5,-0.040000000000000,0.260000000000000,3,0.080000000000000,0.270000000000000,4,0.300000000000000,0.210000000000000,4,-1.010000000000000,0.350000000000000,1
130600111108,Threemile Draw-Black River,0.730000000000000,0.230000000000000,5,0.060000000000000,0.290000000000000,4,-0.150000000000000,0.220000000000000,3,0.610000000000000,0.250000000000000,5,-0.720000000000000,0.420000000000000,1
130600111109,Outlet Black River,0.830000000000000,0.240000000000000,5,-0.150000000000000,0.240000000000000,3,-0.250000000000000,0.200000000000000,2,0.850000000000000,0.290000000000000,5,-0.520000000000000,0.470000000000000,1
130600111201,Old Indian Draw,0.500000000000000,0.190000000000000,5,-0.490000000000000,0.160000000000000,1,-0.540000000000000,0.130000000000000,1,0.680000000000000,0.260000000000000,5,-0.220000000000000,0.540000000000000,2
130600111202,Cass Draw,0.830000000000000,0.240000000000000,5,0.160000000000000,0.310000000000000,4,0.040000000000000,0.260000000000000,3,0.900000000000000,0.300000000000000,5,-0.490000000000000,0.470000000000000,1
130600111203,Cass Draw-Pecos River,1.270000000000000,0.300000000000000,5,0.120000000000000,0.300000000000000,4,-0.100000000000000,0.230000000000000,3,1.080000000000000,0.330000000000000,5,-0.420000000000000,0.490000000000000,1
130600111204,Scoggin Flat-Pecos River,1.090000000000000,0.270000000000000,5,0.210000000000000,0.320000000000000,4,0.140000000000000,0.290000000000000,4,1.020000000000000,0.320000000000000,5,-0.500000000000000,0.470000000000000,1
111201020101,Buffalo Lake,0.150000000000000,0.150000000000000,4,0.400000000000000,0.360000000000000,4,0.170000000000000,0.290000000000000,4,0.480000000000000,0.240000000000000,5,-0.130000000000000,0.560000000000000,2
120500010502,120500010502,0.330000000000000,0.170000000000000,5,-1.100000000000000,0.030000000000000,1,-0.570000000000000,0.120000000000000,1,0.920000000000000,0.300000000000000,5,-0.260000000000000,0.530000000000000,2
140801030201,Canada Jaquez-Canada Larga,-0.130000000000000,0.110000000000000,3,0.260000000000000,0.330000000000000,4,0.400000000000000,0.350000000000000,4,-0.310000000000000,0.120000000000000,2,-0.120000000000000,0.560000000000000,2
140801030202,Oso Canyon,0.090000000000000,0.140000000000000,4,0.110000000000000,0.300000000000000,4,0.250000000000000,0.310000000000000,4,-0.170000000000000,0.140000000000000,2,0.080000000000000,0.610000000000000,3
150200060101,Smith Canyon-South Fork Puerco River,-0.350000000000000,0.080000000000000,2,-0.070000000000000,0.260000000000000,3,-0.260000000000000,0.200000000000000,2,-0.410000000000000,0.100000000000000,1,-0.750000000000000,0.410000000000000,1
150200060102,Fourmile Canyon-South Fork Puerco River,-0.250000000000000,0.100000000000000,2,-0.200000000000000,0.230000000000000,2,-0.220000000000000,0.200000000000000,3,-0.330000000000000,0.110000000000000,2,-0.780000000000000,0.410000000000000,1
130600090408,Outlet Crooked Creek,0.290000000000000,0.170000000000000,4,0.230000000000000,0.330000000000000,4,0.060000000000000,0.270000000000000,4,0.010000000000000,0.160000000000000,3,-0.080000000000000,0.570000000000000,3
130600090409,Crooked Creek-Rio Felix,0.310000000000000,0.170000000000000,5,0.210000000000000,0.320000000000000,4,0.060000000000000,0.270000000000000,4,0.060000000000000,0.170000000000000,4,-0.100000000000000,0.560000000000000,2
130600090501,Made Well Draw,0.130000000000000,0.150000000000000,4,-0.030000000000000,0.270000000000000,3,0.070000000000000,0.270000000000000,4,0.180000000000000,0.190000000000000,4,-0.190000000000000,0.540000000000000,2
130600090502,Made Well Draw-Rio Felix,0.130000000000000,0.150000000000000,4,0.180000000000000,0.310000000000000,4,0.140000000000000,0.290000000000000,4,0.390000000000000,0.220000000000000,5,-0.200000000000000,0.540000000000000,2
130600100101,Silver Springs Canyon,0.210000000000000,0.160000000000000,4,1.330000000000000,0.570000000000000,5,1.230000000000000,0.540000000000000,5,-0.500000000000000,0.090000000000000,1,0.470000000000000,0.700000000000000,5
130600100102,Headwaters Elk Canyon,0.300000000000000,0.170000000000000,5,1.400000000000000,0.590000000000000,5,1.250000000000000,0.540000000000000,5,-0.320000000000000,0.110000000000000,2,0.700000000000000,0.750000000000000,5
130600100103,Sixteen Springs Canyon,0.230000000000000,0.160000000000000,4,1.320000000000000,0.570000000000000,5,1.240000000000000,0.540000000000000,5,-0.390000000000000,0.100000000000000,1,0.530000000000000,0.710000000000000,5
130600030501,130600030501,-0.950000000000000,0.000000000000000,1,-0.850000000000000,0.080000000000000,1,-0.900000000000000,0.050000000000000,1,-0.200000000000000,0.130000000000000,2,-0.340000000000000,0.510000000000000,2
130600030502,Carter Ranch,-0.840000000000000,0.020000000000000,1,-0.750000000000000,0.110000000000000,1,-0.810000000000000,0.070000000000000,1,-0.170000000000000,0.140000000000000,2,-0.300000000000000,0.520000000000000,2
130202030903,Arroyo Alamillo-Rio Grande,0.840000000000000,0.240000000000000,5,-0.290000000000000,0.210000000000000,2,-0.190000000000000,0.210000000000000,3,0.430000000000000,0.230000000000000,5,-0.380000000000000,0.500000000000000,1
130202030904,Puertecito del Lemitar-Rio Grande,0.540000000000000,0.200000000000000,5,-0.120000000000000,0.250000000000000,3,0.020000000000000,0.260000000000000,3,0.090000000000000,0.180000000000000,4,-0.340000000000000,0.510000000000000,2
130202030905,Canoncito de La Uva,-0.070000000000000,0.120000000000000,3,0.150000000000000,0.310000000000000,4,0.280000000000000,0.320000000000000,4,-0.550000000000000,0.080000000000000,1,-0.010000000000000,0.590000000000000,3
130202030906,Arroyo de La Parida-Rio Grande,0.350000000000000,0.170000000000000,5,-0.050000000000000,0.260000000000000,3,-0.140000000000000,0.220000000000000,3,-0.240000000000000,0.130000000000000,2,-0.220000000000000,0.540000000000000,2
130202031001,Shakespeare Canyon,0.340000000000000,0.170000000000000,5,0.620000000000000,0.410000000000000,5,0.430000000000000,0.350000000000000,5,0.200000000000000,0.190000000000000,4,-0.060000000000000,0.570000000000000,3
130202031002,Nogal Arroyo,-0.010000000000000,0.130000000000000,3,0.550000000000000,0.400000000000000,5,0.650000000000000,0.400000000000000,5,-0.230000000000000,0.130000000000000,2,-0.070000000000000,0.570000000000000,3
130202031003,Nogal Arroyo-Rio Grande,0.350000000000000,0.180000000000000,5,0.080000000000000,0.290000000000000,4,0.020000000000000,0.260000000000000,3,-0.250000000000000,0.120000000000000,2,-0.310000000000000,0.520000000000000,2
130202031004,Arroyo de Las Canas,-0.040000000000000,0.120000000000000,3,-0.050000000000000,0.260000000000000,3,-0.160000000000000,0.220000000000000,3,-0.540000000000000,0.080000000000000,1,-0.130000000000000,0.560000000000000,2
130202031005,Arroyo de La Matanza,0.080000000000000,0.140000000000000,4,0.400000000000000,0.360000000000000,4,0.340000000000000,0.330000000000000,4,-0.360000000000000,0.110000000000000,2,-0.090000000000000,0.570000000000000,2
130202031006,Arroyo de La Matanza-Rio Grande,0.300000000000000,0.170000000000000,5,0.100000000000000,0.300000000000000,4,0.060000000000000,0.270000000000000,4,-0.170000000000000,0.140000000000000,2,-0.350000000000000,0.510000000000000,2
130202031101,Red Canyon,0.030000000000000,0.130000000000000,3,0.230000000000000,0.320000000000000,4,0.150000000000000,0.290000000000000,4,-0.440000000000000,0.100000000000000,1,-0.120000000000000,0.560000000000000,2
130202031102,San Pedro Arroyo,0.490000000000000,0.190000000000000,5,0.650000000000000,0.420000000000000,5,0.420000000000000,0.350000000000000,5,-0.100000000000000,0.150000000000000,3,-0.220000000000000,0.540000000000000,2
130202031103,Walnut Creek,0.130000000000000,0.150000000000000,4,0.420000000000000,0.370000000000000,5,0.050000000000000,0.270000000000000,4,-0.410000000000000,0.100000000000000,1,-0.160000000000000,0.550000000000000,2
130202031104,Walnut Creek-Rio Grande,0.330000000000000,0.170000000000000,5,-0.150000000000000,0.240000000000000,3,-0.080000000000000,0.240000000000000,3,0.080000000000000,0.170000000000000,4,-0.350000000000000,0.510000000000000,2
130202031201,Chupadera Spring-Rio Grande,0.410000000000000,0.180000000000000,5,-0.040000000000000,0.260000000000000,3,-0.130000000000000,0.220000000000000,3,-0.010000000000000,0.160000000000000,3,-0.340000000000000,0.510000000000000,2
130202031202,Sand Mountain,0.050000000000000,0.140000000000000,4,-0.480000000000000,0.170000000000000,1,-0.330000000000000,0.180000000000000,2,0.400000000000000,0.220000000000000,5,-0.330000000000000,0.510000000000000,2
130202031203,Willow Spring,0.430000000000000,0.190000000000000,5,-0.070000000000000,0.260000000000000,3,-0.200000000000000,0.210000000000000,3,-0.210000000000000,0.130000000000000,2,-0.240000000000000,0.530000000000000,2
130202031204,Willow Springs-Rio Grande,0.740000000000000,0.230000000000000,5,-0.360000000000000,0.190000000000000,2,-0.150000000000000,0.220000000000000,3,0.770000000000000,0.280000000000000,5,-0.550000000000000,0.460000000000000,1
110901010305,Arroyo del Puerto,0.370000000000000,0.180000000000000,5,0.080000000000000,0.290000000000000,4,0.040000000000000,0.260000000000000,3,0.410000000000000,0.220000000000000,5,-0.210000000000000,0.540000000000000,2
110901010401,Martha Creek,0.670000000000000,0.220000000000000,5,0.120000000000000,0.300000000000000,4,0.200000000000000,0.300000000000000,4,0.690000000000000,0.270000000000000,5,0.000000000000000,0.000000000000000,1
110901010403,Town of Endee-Trujillo Creek,0.790000000000000,0.230000000000000,5,-0.180000000000000,0.230000000000000,3,0.170000000000000,0.290000000000000,4,0.760000000000000,0.280000000000000,5,-0.310000000000000,0.520000000000000,2
110901010404,110901010404-Trujillo Creek,0.890000000000000,0.250000000000000,5,-0.450000000000000,0.170000000000000,1,-0.180000000000000,0.210000000000000,3,0.770000000000000,0.280000000000000,5,0.000000000000000,0.000000000000000,1
130600111302,Red Bluff Draw-Hay Hollow,0.560000000000000,0.200000000000000,5,-0.060000000000000,0.260000000000000,3,-0.280000000000000,0.190000000000000,2,0.600000000000000,0.250000000000000,5,-0.650000000000000,0.440000000000000,1
130600100104,Outlet Elk Canyon,0.020000000000000,0.130000000000000,3,0.830000000000000,0.460000000000000,5,1.050000000000000,0.500000000000000,5,-0.440000000000000,0.100000000000000,1,0.550000000000000,0.720000000000000,5
130600100201,Upper Agua Chiquita,0.110000000000000,0.140000000000000,4,1.530000000000000,0.620000000000000,5,1.530000000000000,0.610000000000000,5,-0.580000000000000,0.070000000000000,1,0.380000000000000,0.680000000000000,4
130600100202,Middle Agua Chiquita,0.510000000000000,0.200000000000000,5,1.570000000000000,0.620000000000000,5,1.430000000000000,0.580000000000000,5,-0.160000000000000,0.140000000000000,2,0.380000000000000,0.680000000000000,4
140801030203,Gavilan Canyon,0.080000000000000,0.140000000000000,4,0.060000000000000,0.290000000000000,4,0.350000000000000,0.340000000000000,4,-0.140000000000000,0.140000000000000,2,0.260000000000000,0.650000000000000,4
140801030204,Gavilan Canyon-Canada Larga,-0.230000000000000,0.100000000000000,2,-0.040000000000000,0.270000000000000,3,0.010000000000000,0.260000000000000,3,-0.390000000000000,0.100000000000000,1,0.380000000000000,0.680000000000000,4
140801030205,Medio Canyon,-0.330000000000000,0.090000000000000,2,0.120000000000000,0.300000000000000,4,0.030000000000000,0.260000000000000,3,-0.340000000000000,0.110000000000000,2,0.110000000000000,0.610000000000000,3
140801030206,Canon de Los Ojitos,-0.210000000000000,0.100000000000000,2,0.120000000000000,0.300000000000000,4,0.290000000000000,0.320000000000000,4,-0.430000000000000,0.100000000000000,1,0.440000000000000,0.690000000000000,5
140801030207,Canon de Los Ojitos-Canada Larga,-0.240000000000000,0.100000000000000,2,0.460000000000000,0.380000000000000,5,0.640000000000000,0.400000000000000,5,-0.300000000000000,0.120000000000000,2,0.360000000000000,0.670000000000000,4
140801030301,Bear Canyon-Tapicito Creek,0.400000000000000,0.180000000000000,5,0.130000000000000,0.300000000000000,4,0.270000000000000,0.320000000000000,4,-0.050000000000000,0.160000000000000,3,0.280000000000000,0.650000000000000,4
140801030302,Sleeper Canyon-Tapicito Creek,0.080000000000000,0.140000000000000,4,0.340000000000000,0.350000000000000,4,0.280000000000000,0.320000000000000,4,-0.240000000000000,0.130000000000000,2,0.380000000000000,0.680000000000000,4
140801030303,Wild Horse Canyon-Tapicito Creek,-0.400000000000000,0.080000000000000,1,0.280000000000000,0.340000000000000,4,0.380000000000000,0.340000000000000,4,-0.670000000000000,0.060000000000000,1,0.490000000000000,0.700000000000000,5
140801030304,Las Norias Canyon-Tapicito Creek,-0.540000000000000,0.060000000000000,1,0.200000000000000,0.320000000000000,4,0.410000000000000,0.350000000000000,5,-0.720000000000000,0.050000000000000,1,0.500000000000000,0.700000000000000,5
140801030305,Albert Canyon-Tapicito Creek,-0.470000000000000,0.070000000000000,1,-0.140000000000000,0.240000000000000,3,0.030000000000000,0.260000000000000,3,-0.570000000000000,0.080000000000000,1,0.360000000000000,0.670000000000000,4
140801030401,Burro Canyon,-0.050000000000000,0.120000000000000,3,0.250000000000000,0.330000000000000,4,0.330000000000000,0.330000000000000,4,-0.450000000000000,0.090000000000000,1,0.440000000000000,0.690000000000000,5
140801030402,Leavry Canyon-Arroyo Companero,0.100000000000000,0.140000000000000,4,0.620000000000000,0.410000000000000,5,0.740000000000000,0.420000000000000,5,-0.250000000000000,0.120000000000000,2,0.430000000000000,0.690000000000000,5
140801030403,Ciruelas Canyon-Arroyo Companero,-0.280000000000000,0.090000000000000,2,0.900000000000000,0.470000000000000,5,0.850000000000000,0.450000000000000,5,-0.720000000000000,0.050000000000000,1,0.380000000000000,0.680000000000000,4
140801030404,Munoz Creek,-0.320000000000000,0.090000000000000,2,-0.040000000000000,0.260000000000000,3,0.010000000000000,0.260000000000000,3,-0.700000000000000,0.060000000000000,1,0.580000000000000,0.720000000000000,5
140801030405,Martinez Canyon-Carrizo Canyon,-0.430000000000000,0.070000000000000,1,0.150000000000000,0.310000000000000,4,0.280000000000000,0.320000000000000,4,-0.550000000000000,0.080000000000000,1,0.520000000000000,0.710000000000000,5
140801030406,Delgadita Canyon-Carrizo Creek,-0.480000000000000,0.060000000000000,1,-0.060000000000000,0.260000000000000,3,-0.090000000000000,0.230000000000000,3,-0.660000000000000,0.060000000000000,1,0.560000000000000,0.720000000000000,5
140801030407,Jasis Canyon,-0.340000000000000,0.080000000000000,2,-0.100000000000000,0.250000000000000,3,-0.120000000000000,0.230000000000000,3,-0.700000000000000,0.060000000000000,1,0.360000000000000,0.670000000000000,4
130202031205,Sawmill Canyon,0.220000000000000,0.160000000000000,4,0.820000000000000,0.460000000000000,5,0.920000000000000,0.470000000000000,5,-0.350000000000000,0.110000000000000,2,0.090000000000000,0.610000000000000,3
130202031206,Headwaters Tiffany Canyon,0.020000000000000,0.130000000000000,3,-0.050000000000000,0.260000000000000,3,-0.230000000000000,0.200000000000000,2,-0.120000000000000,0.140000000000000,3,-0.100000000000000,0.560000000000000,2
130202071009,Ponia Canyon-Arroyo Colorado,0.430000000000000,0.190000000000000,5,0.480000000000000,0.380000000000000,5,0.480000000000000,0.360000000000000,5,0.430000000000000,0.230000000000000,5,-1.620000000000000,0.210000000000000,1
130202071101,Rio Gypsum-Rio San Jose,-0.020000000000000,0.130000000000000,3,0.100000000000000,0.290000000000000,4,0.370000000000000,0.340000000000000,4,-0.170000000000000,0.140000000000000,2,-0.260000000000000,0.530000000000000,2
130202071102,Arroyo Conchas-Rio San Jose,0.080000000000000,0.140000000000000,4,-0.040000000000000,0.260000000000000,3,0.160000000000000,0.290000000000000,4,0.010000000000000,0.160000000000000,3,-0.400000000000000,0.490000000000000,1
130202071103,Arroyo Lucero,0.140000000000000,0.150000000000000,4,0.260000000000000,0.330000000000000,4,0.170000000000000,0.290000000000000,4,-0.100000000000000,0.150000000000000,3,-1.270000000000000,0.290000000000000,1
130202071104,Coyote Spring-Rio San Jose,0.460000000000000,0.190000000000000,5,0.590000000000000,0.410000000000000,5,0.520000000000000,0.370000000000000,5,0.460000000000000,0.230000000000000,5,-1.330000000000000,0.280000000000000,1
130202071105,Arroyo de Miranda-Rio San Jose,0.720000000000000,0.220000000000000,5,0.410000000000000,0.360000000000000,4,0.280000000000000,0.320000000000000,4,0.360000000000000,0.220000000000000,5,-1.470000000000000,0.250000000000000,1
130202080101,Wolf Wells,-0.010000000000000,0.130000000000000,3,-0.110000000000000,0.250000000000000,3,-0.430000000000000,0.160000000000000,2,0.340000000000000,0.210000000000000,5,0.180000000000000,0.630000000000000,4
130202080102,Tres Montosas,0.090000000000000,0.140000000000000,4,-0.200000000000000,0.230000000000000,2,-0.520000000000000,0.140000000000000,1,0.090000000000000,0.180000000000000,4,0.340000000000000,0.670000000000000,4
130202080103,Durfee Canyon,0.320000000000000,0.170000000000000,5,0.560000000000000,0.400000000000000,5,0.040000000000000,0.260000000000000,3,0.030000000000000,0.170000000000000,3,0.350000000000000,0.670000000000000,4
130202080104,East Well,0.270000000000000,0.160000000000000,4,-0.340000000000000,0.200000000000000,2,-0.300000000000000,0.190000000000000,2,0.610000000000000,0.250000000000000,5,0.220000000000000,0.640000000000000,4
130202080201,North Lake,-0.040000000000000,0.120000000000000,3,0.200000000000000,0.320000000000000,4,0.020000000000000,0.260000000000000,3,-0.230000000000000,0.130000000000000,2,0.430000000000000,0.690000000000000,5
130202080202,Rene Tank,-0.050000000000000,0.120000000000000,3,-0.320000000000000,0.200000000000000,2,-0.300000000000000,0.190000000000000,2,0.070000000000000,0.170000000000000,4,0.390000000000000,0.680000000000000,4
130202080203,Little Well,0.010000000000000,0.130000000000000,3,-0.280000000000000,0.210000000000000,2,-0.270000000000000,0.190000000000000,2,0.090000000000000,0.180000000000000,4,0.480000000000000,0.700000000000000,5
130202080204,Rincon Draw,0.040000000000000,0.130000000000000,4,-0.190000000000000,0.230000000000000,2,-0.380000000000000,0.170000000000000,2,0.120000000000000,0.180000000000000,4,0.470000000000000,0.700000000000000,5
130202080205,High Lonesome Well,0.180000000000000,0.150000000000000,4,-0.310000000000000,0.200000000000000,2,-0.140000000000000,0.220000000000000,3,0.460000000000000,0.230000000000000,5,0.320000000000000,0.660000000000000,4
130202080206,Main Canyon,-0.010000000000000,0.130000000000000,3,0.600000000000000,0.410000000000000,5,0.180000000000000,0.300000000000000,4,-0.640000000000000,0.070000000000000,1,0.680000000000000,0.750000000000000,5
130202080207,Headwaters White House Canyon,0.180000000000000,0.150000000000000,4,0.700000000000000,0.430000000000000,5,0.220000000000000,0.300000000000000,4,-0.540000000000000,0.080000000000000,1,0.680000000000000,0.750000000000000,5
130202080208,Outlet White House Canyon,0.360000000000000,0.180000000000000,5,-0.600000000000000,0.140000000000000,1,-0.300000000000000,0.190000000000000,2,0.700000000000000,0.270000000000000,5,0.340000000000000,0.670000000000000,4
130202080209,White Lake,0.220000000000000,0.160000000000000,4,-0.590000000000000,0.140000000000000,1,-0.350000000000000,0.170000000000000,2,0.630000000000000,0.260000000000000,5,0.340000000000000,0.670000000000000,4
130600111303,Red Bluff Draw,0.670000000000000,0.220000000000000,5,0.030000000000000,0.280000000000000,3,-0.230000000000000,0.200000000000000,2,0.650000000000000,0.260000000000000,5,-0.710000000000000,0.420000000000000,1
130600111304,Red Bluff Draw-Pecos River,0.840000000000000,0.240000000000000,5,-0.050000000000000,0.260000000000000,3,-0.510000000000000,0.140000000000000,1,0.720000000000000,0.270000000000000,5,-0.540000000000000,0.460000000000000,1
130600111401,Harroun Lake-Pecos River,0.570000000000000,0.200000000000000,5,-0.020000000000000,0.270000000000000,3,-0.060000000000000,0.240000000000000,3,0.630000000000000,0.260000000000000,5,-0.320000000000000,0.510000000000000,2
130600111402,Willow Lake,0.740000000000000,0.230000000000000,5,-0.240000000000000,0.220000000000000,2,-0.350000000000000,0.170000000000000,2,0.700000000000000,0.270000000000000,5,-0.490000000000000,0.470000000000000,1
130600111403,Willow Lake-Pecos River,0.410000000000000,0.180000000000000,5,-0.230000000000000,0.220000000000000,2,-0.220000000000000,0.210000000000000,3,0.550000000000000,0.240000000000000,5,-0.190000000000000,0.540000000000000,2
130600111404,Salt Draw,1.000000000000000,0.260000000000000,5,-0.040000000000000,0.260000000000000,3,-0.450000000000000,0.150000000000000,2,0.820000000000000,0.290000000000000,5,-0.520000000000000,0.470000000000000,1
130600111405,Salt Draw-Pecos River,0.270000000000000,0.160000000000000,4,-0.420000000000000,0.180000000000000,2,-0.360000000000000,0.170000000000000,2,0.430000000000000,0.230000000000000,5,-0.300000000000000,0.520000000000000,2
130600111406,130600111406,-0.080000000000000,0.120000000000000,3,-0.770000000000000,0.100000000000000,1,-0.610000000000000,0.110000000000000,1,0.350000000000000,0.220000000000000,5,-0.290000000000000,0.520000000000000,2
130600111407,Delaware River-Pecos River,0.410000000000000,0.180000000000000,5,-0.230000000000000,0.220000000000000,2,-0.470000000000000,0.150000000000000,2,0.410000000000000,0.220000000000000,5,-0.430000000000000,0.490000000000000,1
130600111501,130600111501,0.380000000000000,0.180000000000000,5,-0.350000000000000,0.190000000000000,2,-0.210000000000000,0.210000000000000,3,0.470000000000000,0.230000000000000,5,0.140000000000000,0.620000000000000,3
130600111502,Greenwood Lake,0.880000000000000,0.240000000000000,5,-0.400000000000000,0.180000000000000,2,-0.570000000000000,0.130000000000000,1,0.780000000000000,0.280000000000000,5,0.030000000000000,0.600000000000000,3
130600111503,Bilbrey Basin,1.100000000000000,0.270000000000000,5,-0.120000000000000,0.250000000000000,3,-0.530000000000000,0.130000000000000,1,0.940000000000000,0.300000000000000,5,0.170000000000000,0.630000000000000,4
130600111504,Williams Sink,1.850000000000000,0.370000000000000,5,-0.290000000000000,0.210000000000000,2,-0.440000000000000,0.150000000000000,2,1.760000000000000,0.430000000000000,5,0.060000000000000,0.600000000000000,3
130600111601,Pearl Oil Field,0.300000000000000,0.170000000000000,4,-0.140000000000000,0.240000000000000,3,-0.260000000000000,0.200000000000000,2,0.410000000000000,0.220000000000000,5,0.210000000000000,0.640000000000000,4
130600111602,Laguna Tonto,0.650000000000000,0.210000000000000,5,-0.380000000000000,0.190000000000000,2,-0.270000000000000,0.190000000000000,2,0.680000000000000,0.260000000000000,5,0.090000000000000,0.610000000000000,3
130600111603,South Tonto Oil Field,0.750000000000000,0.230000000000000,5,-0.300000000000000,0.210000000000000,2,-0.370000000000000,0.170000000000000,2,0.680000000000000,0.270000000000000,5,0.060000000000000,0.600000000000000,3
130600111604,Laguna Grande,0.750000000000000,0.230000000000000,5,-0.140000000000000,0.240000000000000,3,-0.400000000000000,0.160000000000000,2,0.850000000000000,0.290000000000000,5,0.190000000000000,0.630000000000000,4
130600111605,Laguna Plata,1.440000000000000,0.320000000000000,5,-0.230000000000000,0.220000000000000,2,-0.320000000000000,0.180000000000000,2,1.300000000000000,0.360000000000000,5,0.080000000000000,0.610000000000000,3
130600111701,Maroon Cliffs,0.980000000000000,0.260000000000000,5,-0.260000000000000,0.210000000000000,2,-0.450000000000000,0.150000000000000,2,0.820000000000000,0.290000000000000,5,-0.110000000000000,0.560000000000000,2
130600111702,The Divide,0.870000000000000,0.240000000000000,5,0.340000000000000,0.350000000000000,4,0.120000000000000,0.280000000000000,4,0.890000000000000,0.300000000000000,5,0.070000000000000,0.600000000000000,3
140801030408,Jasis Canyon-Carrizo Creek,-0.390000000000000,0.080000000000000,1,0.040000000000000,0.280000000000000,3,0.090000000000000,0.270000000000000,4,-0.720000000000000,0.050000000000000,1,0.240000000000000,0.650000000000000,4
140801030501,Crow Canyon-Blanco Wash,-0.320000000000000,0.090000000000000,2,-0.040000000000000,0.260000000000000,3,0.170000000000000,0.290000000000000,4,-0.440000000000000,0.100000000000000,1,0.340000000000000,0.670000000000000,4
140801030502,Selph Canyon-Blanco Wash,-0.440000000000000,0.070000000000000,1,-0.080000000000000,0.260000000000000,3,0.220000000000000,0.300000000000000,4,-0.420000000000000,0.100000000000000,1,0.160000000000000,0.630000000000000,4
120800010106,Pitchfork School,-0.830000000000000,0.020000000000000,1,-0.150000000000000,0.240000000000000,3,0.390000000000000,0.340000000000000,4,0.000000000000000,0.160000000000000,3,-0.150000000000000,0.550000000000000,2
120800010107,Town of Sawyer,-0.840000000000000,0.020000000000000,1,-0.700000000000000,0.120000000000000,1,-0.120000000000000,0.230000000000000,3,-0.010000000000000,0.160000000000000,3,-0.110000000000000,0.560000000000000,2
120800010109,120800010109,-0.780000000000000,0.020000000000000,1,-0.870000000000000,0.080000000000000,1,-0.450000000000000,0.150000000000000,2,0.030000000000000,0.170000000000000,3,-0.220000000000000,0.540000000000000,2
120800010207,120800010207,-0.750000000000000,0.030000000000000,1,-0.050000000000000,0.260000000000000,3,0.500000000000000,0.370000000000000,5,0.090000000000000,0.180000000000000,4,-0.150000000000000,0.550000000000000,2
120800010208,Sulphur Draw,-0.440000000000000,0.070000000000000,1,-1.030000000000000,0.040000000000000,1,-0.340000000000000,0.180000000000000,2,0.370000000000000,0.220000000000000,5,-0.130000000000000,0.560000000000000,2
120800010401,120800010401,-0.760000000000000,0.030000000000000,1,-0.990000000000000,0.050000000000000,1,-0.450000000000000,0.150000000000000,2,0.020000000000000,0.170000000000000,3,-0.200000000000000,0.540000000000000,2
120800030101,Alston Ranch,-0.750000000000000,0.030000000000000,1,-1.140000000000000,0.020000000000000,1,-0.720000000000000,0.090000000000000,1,0.010000000000000,0.160000000000000,3,0.070000000000000,0.600000000000000,3
120800030206,Wardswell Draw,-0.780000000000000,0.020000000000000,1,-1.100000000000000,0.030000000000000,1,-0.560000000000000,0.130000000000000,1,-0.010000000000000,0.160000000000000,3,-0.050000000000000,0.580000000000000,3
120800030207,120800030207,-0.850000000000000,0.020000000000000,1,-1.130000000000000,0.020000000000000,1,-0.480000000000000,0.140000000000000,1,-0.040000000000000,0.160000000000000,3,-0.020000000000000,0.580000000000000,3
120800030304,City of Lovington,-0.670000000000000,0.040000000000000,1,-0.690000000000000,0.120000000000000,1,-0.350000000000000,0.170000000000000,2,0.050000000000000,0.170000000000000,4,0.060000000000000,0.600000000000000,3
120800030305,Tulk Ranch,-0.720000000000000,0.030000000000000,1,-0.950000000000000,0.060000000000000,1,-0.680000000000000,0.100000000000000,1,0.030000000000000,0.170000000000000,3,0.060000000000000,0.600000000000000,3
150200060103,Milk Ranch Canyon,-0.580000000000000,0.050000000000000,1,-0.150000000000000,0.240000000000000,3,-0.370000000000000,0.170000000000000,2,-0.610000000000000,0.070000000000000,1,-0.510000000000000,0.470000000000000,1
150200060104,Milk Ranch Canyon-South Fork Puerco River,-0.320000000000000,0.090000000000000,2,-0.030000000000000,0.270000000000000,3,-0.100000000000000,0.230000000000000,3,-0.350000000000000,0.110000000000000,2,-0.770000000000000,0.410000000000000,1
150200060105,Church Rock-South Fork Puerco River,-0.410000000000000,0.070000000000000,1,-0.180000000000000,0.230000000000000,2,0.190000000000000,0.300000000000000,4,-0.480000000000000,0.090000000000000,1,-0.720000000000000,0.420000000000000,1
150200060201,Mariano Lake,-0.500000000000000,0.060000000000000,1,-0.170000000000000,0.240000000000000,3,-0.250000000000000,0.200000000000000,2,-0.340000000000000,0.110000000000000,2,-0.840000000000000,0.390000000000000,1
150200060202,Hosta Butte-Puerco River,-0.340000000000000,0.080000000000000,2,-0.130000000000000,0.240000000000000,3,-0.280000000000000,0.190000000000000,2,-0.490000000000000,0.090000000000000,1,-2.030000000000000,0.110000000000000,1
150200060203,Holiness Indian Mission-Puerco River,-0.380000000000000,0.080000000000000,1,-0.190000000000000,0.230000000000000,2,-0.160000000000000,0.220000000000000,3,-0.410000000000000,0.100000000000000,1,-0.700000000000000,0.420000000000000,1
130202080301,Clemente Lake,0.210000000000000,0.160000000000000,4,-0.430000000000000,0.180000000000000,2,-0.250000000000000,0.200000000000000,2,0.570000000000000,0.250000000000000,5,0.350000000000000,0.670000000000000,4
130202080302,White Well,0.200000000000000,0.160000000000000,4,-0.430000000000000,0.180000000000000,2,-0.330000000000000,0.180000000000000,2,0.520000000000000,0.240000000000000,5,0.380000000000000,0.680000000000000,4
130600030503,Fish Pond,-0.690000000000000,0.040000000000000,1,-0.590000000000000,0.140000000000000,1,-0.720000000000000,0.090000000000000,1,-0.020000000000000,0.160000000000000,3,-0.450000000000000,0.480000000000000,1
130600030504,Arroyo de Anil,-0.870000000000000,0.010000000000000,1,-0.740000000000000,0.110000000000000,1,-0.660000000000000,0.100000000000000,1,-0.240000000000000,0.130000000000000,2,-0.350000000000000,0.510000000000000,2
130600010101,Headwaters Cow Creek,0.130000000000000,0.150000000000000,4,0.730000000000000,0.440000000000000,5,0.720000000000000,0.420000000000000,5,-0.410000000000000,0.100000000000000,1,0.490000000000000,0.700000000000000,5
130600010102,Bull Creek,0.440000000000000,0.190000000000000,5,0.910000000000000,0.480000000000000,5,0.530000000000000,0.380000000000000,5,-0.320000000000000,0.110000000000000,2,0.360000000000000,0.670000000000000,4
130600010103,Apache Creek,0.230000000000000,0.160000000000000,4,0.750000000000000,0.440000000000000,5,0.240000000000000,0.310000000000000,4,-0.460000000000000,0.090000000000000,1,0.240000000000000,0.650000000000000,4
130202040602,Middle Canada de Los Apaches,0.290000000000000,0.170000000000000,4,0.130000000000000,0.300000000000000,4,0.370000000000000,0.340000000000000,4,-0.030000000000000,0.160000000000000,3,-0.110000000000000,0.560000000000000,2
130202040603,Lower Canada de Los Apaches,0.740000000000000,0.230000000000000,5,1.250000000000000,0.550000000000000,5,1.070000000000000,0.500000000000000,5,0.580000000000000,0.250000000000000,5,-0.190000000000000,0.550000000000000,2
130202040701,Arroyo Cuervo,0.250000000000000,0.160000000000000,4,0.140000000000000,0.300000000000000,4,0.250000000000000,0.310000000000000,4,0.020000000000000,0.170000000000000,3,0.130000000000000,0.620000000000000,3
130202040702,Arroyo Alamo-Rio Puerco,0.290000000000000,0.170000000000000,4,-0.050000000000000,0.260000000000000,3,0.080000000000000,0.270000000000000,4,0.060000000000000,0.170000000000000,4,-0.110000000000000,0.560000000000000,2
130202040703,Canada de Los Canoncitos-Rio Puerco,0.580000000000000,0.210000000000000,5,0.390000000000000,0.360000000000000,4,0.330000000000000,0.330000000000000,4,0.260000000000000,0.200000000000000,4,-0.220000000000000,0.540000000000000,2
130202040704,130202040704-Rio Puerco,0.390000000000000,0.180000000000000,5,0.110000000000000,0.300000000000000,4,-0.030000000000000,0.250000000000000,3,0.070000000000000,0.170000000000000,4,-0.270000000000000,0.530000000000000,2
130202080303,Point of Rocks Canyon,0.290000000000000,0.170000000000000,4,1.050000000000000,0.510000000000000,5,0.600000000000000,0.390000000000000,5,-0.150000000000000,0.140000000000000,2,0.360000000000000,0.670000000000000,4
130202080304,Indian Spring Canyon,0.150000000000000,0.150000000000000,4,0.280000000000000,0.340000000000000,4,-0.060000000000000,0.240000000000000,3,-0.100000000000000,0.150000000000000,3,0.640000000000000,0.740000000000000,5
130202080305,Taylor Well,0.460000000000000,0.190000000000000,5,0.130000000000000,0.300000000000000,4,-0.250000000000000,0.200000000000000,2,0.350000000000000,0.210000000000000,5,0.440000000000000,0.690000000000000,5
130202080306,C-N Lake,0.410000000000000,0.180000000000000,5,-0.120000000000000,0.250000000000000,3,-0.190000000000000,0.210000000000000,3,0.610000000000000,0.250000000000000,5,0.360000000000000,0.670000000000000,4
130202080401,Bear Canyon,-0.190000000000000,0.100000000000000,2,0.160000000000000,0.310000000000000,4,-0.200000000000000,0.210000000000000,3,-0.380000000000000,0.100000000000000,1,0.530000000000000,0.710000000000000,5
130202080402,Pino Draw,-0.250000000000000,0.090000000000000,2,-0.200000000000000,0.230000000000000,2,-0.310000000000000,0.180000000000000,2,-0.110000000000000,0.140000000000000,3,0.520000000000000,0.710000000000000,5
130202080403,J L Draw,-0.040000000000000,0.120000000000000,3,0.140000000000000,0.300000000000000,4,-0.250000000000000,0.200000000000000,2,-0.360000000000000,0.110000000000000,2,0.630000000000000,0.740000000000000,5
130202080404,Headwaters Nester Draw,-0.080000000000000,0.120000000000000,3,0.100000000000000,0.290000000000000,4,-0.340000000000000,0.180000000000000,2,-0.280000000000000,0.120000000000000,2,0.530000000000000,0.710000000000000,5
130700070510,Cheyenne Draw,999.000000000000000,999.000000000000000,999,999.000000000000000,999.000000000000000,999,999.000000000000000,999.000000000000000,999,999.000000000000000,999.000000000000000,999,999.000000000000000,999.000000000000000,999
130700070601,Freund Oil Field-Jumbo Hill,0.510000000000000,0.200000000000000,5,-0.140000000000000,0.240000000000000,3,-0.360000000000000,0.170000000000000,2,0.500000000000000,0.240000000000000,5,0.200000000000000,0.640000000000000,4
130700070605,Figure Seven Ranch-Monument Draw,-0.340000000000000,0.080000000000000,2,-0.890000000000000,0.070000000000000,1,-0.690000000000000,0.100000000000000,1,0.140000000000000,0.180000000000000,4,0.050000000000000,0.600000000000000,3
130700070606,Plum Thicket Windmill-Monument Draw,-0.220000000000000,0.100000000000000,2,-0.830000000000000,0.090000000000000,1,-0.660000000000000,0.100000000000000,1,0.130000000000000,0.180000000000000,4,0.070000000000000,0.600000000000000,3
130700070607,Star Camp-Monument Draw,-0.140000000000000,0.110000000000000,2,-0.560000000000000,0.150000000000000,1,-0.850000000000000,0.060000000000000,1,0.210000000000000,0.190000000000000,4,-0.080000000000000,0.570000000000000,3
130700071102,Town of Monahans-Ozark Lake,999.000000000000000,999.000000000000000,999,999.000000000000000,999.000000000000000,999,999.000000000000000,999.000000000000000,999,999.000000000000000,999.000000000000000,999,999.000000000000000,999.000000000000000,999
130201020804,Outlet Rio Puerco,-0.020000000000000,0.130000000000000,3,1.190000000000000,0.540000000000000,5,1.190000000000000,0.530000000000000,5,-0.550000000000000,0.080000000000000,1,0.400000000000000,0.680000000000000,5
150200060204,Town of Pinedale-Puerco River,-0.200000000000000,0.100000000000000,2,0.100000000000000,0.290000000000000,4,0.060000000000000,0.270000000000000,4,-0.430000000000000,0.100000000000000,1,-0.750000000000000,0.410000000000000,1
150200060205,Hard Ground Canyon,-0.260000000000000,0.090000000000000,2,0.100000000000000,0.300000000000000,4,0.160000000000000,0.290000000000000,4,-0.490000000000000,0.090000000000000,1,-0.510000000000000,0.470000000000000,1
150200060206,South Fork Puerco River-Puerco River,-0.250000000000000,0.100000000000000,2,0.020000000000000,0.280000000000000,3,0.250000000000000,0.310000000000000,4,-0.460000000000000,0.090000000000000,1,-0.710000000000000,0.420000000000000,1
150200060301,Bowl Canyon Creek,0.020000000000000,0.130000000000000,3,0.090000000000000,0.290000000000000,4,0.070000000000000,0.270000000000000,4,-0.510000000000000,0.080000000000000,1,-0.050000000000000,0.580000000000000,3
150200060302,Tohdildonih Wash,-0.110000000000000,0.110000000000000,3,0.390000000000000,0.360000000000000,4,0.260000000000000,0.320000000000000,4,-0.570000000000000,0.080000000000000,1,-0.230000000000000,0.540000000000000,2
150200060401,Headwaters Bread Springs Wash,-0.130000000000000,0.110000000000000,3,0.070000000000000,0.290000000000000,4,-0.370000000000000,0.170000000000000,2,-0.550000000000000,0.080000000000000,1,-0.510000000000000,0.470000000000000,1
150200060402,Outlet Bread Springs Wash,-0.110000000000000,0.110000000000000,3,0.040000000000000,0.280000000000000,3,0.130000000000000,0.290000000000000,4,-0.610000000000000,0.070000000000000,1,-0.630000000000000,0.440000000000000,1
150200060403,Bread Spring Wash-Puerco River,-0.170000000000000,0.110000000000000,2,0.030000000000000,0.280000000000000,3,0.420000000000000,0.350000000000000,5,-0.410000000000000,0.100000000000000,1,-0.500000000000000,0.470000000000000,1
150200060404,Headwaters Defiance Draw,-0.210000000000000,0.100000000000000,2,-0.190000000000000,0.230000000000000,2,0.190000000000000,0.300000000000000,4,-0.340000000000000,0.110000000000000,2,-0.090000000000000,0.570000000000000,2
150200060405,Burned Death Wash,-0.080000000000000,0.120000000000000,3,-0.290000000000000,0.210000000000000,2,0.100000000000000,0.280000000000000,4,-0.160000000000000,0.140000000000000,2,-0.280000000000000,0.520000000000000,2
150200060406,Outlet Defiance Draw,-0.360000000000000,0.080000000000000,2,-0.440000000000000,0.170000000000000,2,0.220000000000000,0.300000000000000,4,-0.550000000000000,0.080000000000000,1,-0.290000000000000,0.520000000000000,2
150200060407,Defiance Draw-Puerco River,-0.480000000000000,0.070000000000000,1,-0.230000000000000,0.220000000000000,2,0.250000000000000,0.310000000000000,4,-0.600000000000000,0.070000000000000,1,-0.450000000000000,0.480000000000000,1
150200060501,Skeets Arroyo-Whitewater Arroyo,-0.290000000000000,0.090000000000000,2,-0.300000000000000,0.210000000000000,2,-0.490000000000000,0.140000000000000,1,-0.270000000000000,0.120000000000000,2,-0.430000000000000,0.490000000000000,1
150200060502,Dubois Wash-Whitewater Arroyo,-0.150000000000000,0.110000000000000,2,-0.180000000000000,0.230000000000000,3,-0.360000000000000,0.170000000000000,2,-0.180000000000000,0.130000000000000,2,-0.290000000000000,0.520000000000000,2
130600100203,Mule Canyon,0.620000000000000,0.210000000000000,5,0.760000000000000,0.440000000000000,5,0.580000000000000,0.390000000000000,5,0.460000000000000,0.230000000000000,5,0.620000000000000,0.730000000000000,5
130600100204,Lower Agua Chiquita,0.240000000000000,0.160000000000000,4,1.360000000000000,0.580000000000000,5,1.440000000000000,0.580000000000000,5,-0.150000000000000,0.140000000000000,2,0.530000000000000,0.710000000000000,5
130600100301,Cox Canyon,0.290000000000000,0.170000000000000,4,1.420000000000000,0.590000000000000,5,1.110000000000000,0.510000000000000,5,-0.510000000000000,0.080000000000000,1,0.350000000000000,0.670000000000000,4
130600100302,Cox Canyon-Rio Penasco,0.230000000000000,0.160000000000000,4,1.600000000000000,0.630000000000000,5,1.330000000000000,0.560000000000000,5,-0.580000000000000,0.070000000000000,1,0.310000000000000,0.660000000000000,4
130600100303,James Canyon,0.120000000000000,0.140000000000000,4,1.160000000000000,0.530000000000000,5,1.110000000000000,0.510000000000000,5,-0.520000000000000,0.080000000000000,1,0.410000000000000,0.680000000000000,5
130600100304,James Canyon-Rio Penasco,0.350000000000000,0.180000000000000,5,1.170000000000000,0.530000000000000,5,1.180000000000000,0.520000000000000,5,-0.330000000000000,0.110000000000000,2,0.400000000000000,0.680000000000000,5
130202080405,Headwaters Z Slash Draw,-0.140000000000000,0.110000000000000,3,0.050000000000000,0.290000000000000,4,-0.320000000000000,0.180000000000000,2,-0.440000000000000,0.100000000000000,1,0.620000000000000,0.730000000000000,5
130202080406,Outlet Z Slash Draw,-0.010000000000000,0.130000000000000,3,-0.200000000000000,0.230000000000000,2,-0.640000000000000,0.110000000000000,1,-0.210000000000000,0.130000000000000,2,0.740000000000000,0.760000000000000,5
130202080407,Outlet Nester Draw,0.130000000000000,0.150000000000000,4,0.030000000000000,0.280000000000000,3,-0.380000000000000,0.170000000000000,2,0.010000000000000,0.160000000000000,3,0.450000000000000,0.690000000000000,5
130202080501,Sugar Loaf Canyon,0.130000000000000,0.150000000000000,4,-0.220000000000000,0.220000000000000,2,-0.300000000000000,0.190000000000000,2,0.340000000000000,0.210000000000000,5,0.590000000000000,0.730000000000000,5
130202080502,Montoya Well,0.330000000000000,0.170000000000000,5,-0.190000000000000,0.230000000000000,2,-0.280000000000000,0.190000000000000,2,0.530000000000000,0.240000000000000,5,0.520000000000000,0.710000000000000,5
130202080503,120202080503,0.210000000000000,0.160000000000000,4,-0.440000000000000,0.170000000000000,2,-0.400000000000000,0.160000000000000,2,0.460000000000000,0.230000000000000,5,0.630000000000000,0.730000000000000,5
130202080504,Sheep Well,0.410000000000000,0.180000000000000,5,-0.040000000000000,0.260000000000000,3,-0.340000000000000,0.180000000000000,2,0.560000000000000,0.250000000000000,5,0.560000000000000,0.720000000000000,5
130202080505,Alamo Canyon,-0.040000000000000,0.120000000000000,3,0.520000000000000,0.390000000000000,5,0.150000000000000,0.290000000000000,4,-0.290000000000000,0.120000000000000,2,0.650000000000000,0.740000000000000,5
130202080506,Antelope Well,0.300000000000000,0.170000000000000,5,0.000000000000000,0.270000000000000,3,-0.270000000000000,0.190000000000000,2,0.460000000000000,0.230000000000000,5,0.470000000000000,0.700000000000000,5
130202080507,Concilio Well,0.250000000000000,0.160000000000000,4,0.130000000000000,0.300000000000000,4,-0.010000000000000,0.250000000000000,3,0.230000000000000,0.200000000000000,4,0.530000000000000,0.710000000000000,5
130202080508,Shaw Canyon,0.050000000000000,0.130000000000000,4,0.450000000000000,0.370000000000000,5,0.170000000000000,0.290000000000000,4,-0.220000000000000,0.130000000000000,2,0.740000000000000,0.760000000000000,5
130202080509,Fullerton Canyon,0.270000000000000,0.170000000000000,4,0.440000000000000,0.370000000000000,5,0.200000000000000,0.300000000000000,4,0.100000000000000,0.180000000000000,4,0.600000000000000,0.730000000000000,5
130202080601,La Jolla Canyon,-0.040000000000000,0.120000000000000,3,0.390000000000000,0.360000000000000,4,0.010000000000000,0.260000000000000,3,-0.270000000000000,0.120000000000000,2,0.560000000000000,0.720000000000000,5
130600031005,Automobile Lake,-0.290000000000000,0.090000000000000,2,-0.400000000000000,0.180000000000000,2,-0.810000000000000,0.070000000000000,1,0.070000000000000,0.170000000000000,4,-0.160000000000000,0.550000000000000,2
130600031006,South Home Lake,-0.420000000000000,0.070000000000000,1,-0.720000000000000,0.110000000000000,1,-0.870000000000000,0.060000000000000,1,0.120000000000000,0.180000000000000,4,-0.330000000000000,0.510000000000000,2
130600031101,Upper Whites Draw,-0.020000000000000,0.130000000000000,3,-0.130000000000000,0.240000000000000,3,-0.420000000000000,0.160000000000000,2,0.010000000000000,0.160000000000000,3,-0.290000000000000,0.520000000000000,2
130600031102,Indian Draw,0.170000000000000,0.150000000000000,4,0.270000000000000,0.330000000000000,4,-0.220000000000000,0.200000000000000,3,0.300000000000000,0.210000000000000,4,-0.310000000000000,0.520000000000000,2
130600031103,Middle Whites Draw,-0.260000000000000,0.090000000000000,2,-0.120000000000000,0.250000000000000,3,-0.340000000000000,0.180000000000000,2,0.220000000000000,0.200000000000000,4,-0.350000000000000,0.510000000000000,2
130600031104,Key Ranch,0.050000000000000,0.130000000000000,4,-0.650000000000000,0.130000000000000,1,-0.510000000000000,0.140000000000000,1,0.550000000000000,0.250000000000000,5,-0.400000000000000,0.500000000000000,1
130600031105,Lower Whites Draw,-0.020000000000000,0.130000000000000,3,-0.410000000000000,0.180000000000000,2,-0.510000000000000,0.140000000000000,1,0.460000000000000,0.230000000000000,5,-0.390000000000000,0.500000000000000,1
130600031201,Loco Draw,-0.170000000000000,0.110000000000000,2,-0.300000000000000,0.210000000000000,2,-0.930000000000000,0.040000000000000,1,0.160000000000000,0.190000000000000,4,-0.170000000000000,0.550000000000000,2
130201020901,Montoya Canyon-Canjilon Creek,0.230000000000000,0.160000000000000,4,1.940000000000000,0.710000000000000,5,1.620000000000000,0.630000000000000,5,-0.220000000000000,0.130000000000000,2,0.500000000000000,0.710000000000000,5
130201020902,Lopez Canyon-Canjilon Creek,0.140000000000000,0.150000000000000,4,1.700000000000000,0.650000000000000,5,1.390000000000000,0.570000000000000,5,-0.330000000000000,0.110000000000000,2,0.310000000000000,0.660000000000000,4
130201020903,Martinez Canyon,0.060000000000000,0.140000000000000,4,1.010000000000000,0.500000000000000,5,0.780000000000000,0.430000000000000,5,-0.390000000000000,0.100000000000000,1,0.440000000000000,0.690000000000000,5
130201020904,Martinez Canyon-Canjilon Creek,-0.320000000000000,0.090000000000000,2,0.300000000000000,0.340000000000000,4,0.470000000000000,0.360000000000000,5,-0.530000000000000,0.080000000000000,1,0.140000000000000,0.620000000000000,3
130201020905,Arroyo del Yeso-Arroyo Seco,0.140000000000000,0.150000000000000,4,0.730000000000000,0.440000000000000,5,0.860000000000000,0.450000000000000,5,-0.370000000000000,0.110000000000000,2,0.480000000000000,0.700000000000000,5
130201021001,Ojitos Canyon,0.430000000000000,0.190000000000000,5,0.850000000000000,0.460000000000000,5,0.810000000000000,0.440000000000000,5,-0.370000000000000,0.110000000000000,2,0.160000000000000,0.630000000000000,4
130201021002,Ojito Canyon-Abiquiu Reservoir,-0.200000000000000,0.100000000000000,2,0.490000000000000,0.380000000000000,5,0.810000000000000,0.440000000000000,5,-0.430000000000000,0.100000000000000,1,0.300000000000000,0.660000000000000,4
130201021003,Rio Puerco-Abiquiu Reservoir,0.350000000000000,0.180000000000000,5,0.920000000000000,0.480000000000000,5,1.080000000000000,0.500000000000000,5,-0.030000000000000,0.160000000000000,3,0.310000000000000,0.660000000000000,4
130201021004,Polvadero Creek,0.610000000000000,0.210000000000000,5,1.020000000000000,0.500000000000000,5,1.030000000000000,0.490000000000000,5,-0.140000000000000,0.140000000000000,3,0.560000000000000,0.720000000000000,5
130202010208,Canada de Cochita,0.140000000000000,0.150000000000000,4,0.790000000000000,0.450000000000000,5,0.650000000000000,0.400000000000000,5,0.010000000000000,0.160000000000000,3,0.310000000000000,0.660000000000000,4
130202010209,Canada de Cochita-Rio Grande,1.640000000000000,0.350000000000000,5,0.560000000000000,0.400000000000000,5,0.650000000000000,0.400000000000000,5,1.170000000000000,0.340000000000000,5,-0.530000000000000,0.470000000000000,1
130202010301,Bobcat Canyon,-0.280000000000000,0.090000000000000,2,0.820000000000000,0.460000000000000,5,0.670000000000000,0.410000000000000,5,-0.240000000000000,0.130000000000000,2,0.260000000000000,0.650000000000000,4
130202010302,Arroyo Salado,-0.170000000000000,0.110000000000000,2,1.500000000000000,0.610000000000000,5,1.400000000000000,0.580000000000000,5,-0.300000000000000,0.120000000000000,2,0.210000000000000,0.640000000000000,4
130600111703,Clifton Well,0.640000000000000,0.210000000000000,5,-0.490000000000000,0.160000000000000,1,-0.700000000000000,0.100000000000000,1,0.750000000000000,0.270000000000000,5,0.160000000000000,0.630000000000000,4
130600111704,Los Medranos,0.690000000000000,0.220000000000000,5,-0.050000000000000,0.260000000000000,3,0.050000000000000,0.270000000000000,4,0.800000000000000,0.280000000000000,5,-0.030000000000000,0.580000000000000,3
130600100305,Burnt Canyon,0.260000000000000,0.160000000000000,4,1.040000000000000,0.500000000000000,5,1.170000000000000,0.520000000000000,5,-0.290000000000000,0.120000000000000,2,0.610000000000000,0.730000000000000,5
130600100306,Burnt Canyon-Rio Penasco,0.090000000000000,0.140000000000000,4,0.740000000000000,0.440000000000000,5,1.110000000000000,0.510000000000000,5,-0.350000000000000,0.110000000000000,2,0.580000000000000,0.720000000000000,5
130600100401,Perk Canyon,0.130000000000000,0.150000000000000,4,1.850000000000000,0.690000000000000,5,1.880000000000000,0.680000000000000,5,-0.390000000000000,0.100000000000000,1,0.340000000000000,0.670000000000000,4
130600100402,Perk Canyon-Cuervo Creek,0.000000000000000,0.130000000000000,3,1.140000000000000,0.530000000000000,5,1.220000000000000,0.530000000000000,5,-0.350000000000000,0.110000000000000,2,0.220000000000000,0.640000000000000,4
130600100403,Chimney Canyon-Cuervo Creek,-0.100000000000000,0.110000000000000,3,0.560000000000000,0.400000000000000,5,0.890000000000000,0.460000000000000,5,-0.170000000000000,0.140000000000000,2,0.300000000000000,0.660000000000000,4
130600100405,Long Canyon-Cuervo Creek,-0.050000000000000,0.120000000000000,3,0.430000000000000,0.370000000000000,5,0.600000000000000,0.390000000000000,5,-0.210000000000000,0.130000000000000,2,0.390000000000000,0.680000000000000,4
130600100406,Frenchman Lake-Cuervo Creek,0.090000000000000,0.140000000000000,4,0.110000000000000,0.300000000000000,4,-0.050000000000000,0.240000000000000,3,-0.090000000000000,0.150000000000000,3,0.010000000000000,0.590000000000000,3
130600100501,Little Felix Canyon,-0.150000000000000,0.110000000000000,2,0.040000000000000,0.280000000000000,3,0.470000000000000,0.360000000000000,5,-0.130000000000000,0.140000000000000,3,0.810000000000000,0.780000000000000,5
130600100502,Big Cherry Canyon,0.110000000000000,0.140000000000000,4,0.320000000000000,0.340000000000000,4,0.270000000000000,0.320000000000000,4,-0.060000000000000,0.150000000000000,3,0.410000000000000,0.690000000000000,5
130600100503,Big Cherry Canyon-Rio Penasco,0.060000000000000,0.140000000000000,4,0.700000000000000,0.430000000000000,5,1.030000000000000,0.490000000000000,5,-0.400000000000000,0.100000000000000,1,0.600000000000000,0.730000000000000,5
130600100504,Cuervo Creek-Rio Penasco,0.150000000000000,0.150000000000000,4,0.120000000000000,0.300000000000000,4,-0.110000000000000,0.230000000000000,3,0.050000000000000,0.170000000000000,4,-0.010000000000000,0.590000000000000,3
130600100601,Sixteenmile Draw,0.170000000000000,0.150000000000000,4,0.010000000000000,0.280000000000000,3,-0.130000000000000,0.230000000000000,3,0.190000000000000,0.190000000000000,4,-0.360000000000000,0.500000000000000,2
130600100602,Headwaters Walnut Draw,0.300000000000000,0.170000000000000,5,0.160000000000000,0.310000000000000,4,-0.110000000000000,0.230000000000000,3,0.120000000000000,0.180000000000000,4,-0.280000000000000,0.520000000000000,2
130600100603,Outlet Walnut Draw,-0.510000000000000,0.060000000000000,1,-0.530000000000000,0.150000000000000,1,0.010000000000000,0.260000000000000,3,0.040000000000000,0.170000000000000,3,-0.470000000000000,0.480000000000000,1
140801030503,Reed Canyon,-0.580000000000000,0.050000000000000,1,0.020000000000000,0.280000000000000,3,0.400000000000000,0.350000000000000,4,-0.260000000000000,0.120000000000000,2,0.080000000000000,0.610000000000000,3
140801030504,Dufers Point-Blanco Wash,-0.480000000000000,0.060000000000000,1,-0.230000000000000,0.220000000000000,2,0.090000000000000,0.270000000000000,4,-0.490000000000000,0.090000000000000,1,0.130000000000000,0.620000000000000,3
140801030505,Jaquez Canyon,-0.470000000000000,0.070000000000000,1,-0.280000000000000,0.210000000000000,2,-0.070000000000000,0.240000000000000,3,-0.500000000000000,0.090000000000000,1,0.130000000000000,0.620000000000000,3
140801030506,Jaquez Canyon-Blanco Canyon,-0.490000000000000,0.060000000000000,1,-0.060000000000000,0.260000000000000,3,0.250000000000000,0.310000000000000,4,-0.690000000000000,0.060000000000000,1,0.040000000000000,0.600000000000000,3
140801030601,Escrito Canyon,-0.480000000000000,0.060000000000000,1,-0.220000000000000,0.220000000000000,2,0.020000000000000,0.260000000000000,3,-0.490000000000000,0.090000000000000,1,0.460000000000000,0.700000000000000,5
140801030602,Rincon Largo,-0.650000000000000,0.040000000000000,1,-0.130000000000000,0.240000000000000,3,0.310000000000000,0.330000000000000,4,-0.710000000000000,0.050000000000000,1,0.310000000000000,0.660000000000000,4
140801030603,Rockhouse Canyon,-0.540000000000000,0.060000000000000,1,-0.220000000000000,0.220000000000000,2,-0.010000000000000,0.250000000000000,3,-0.580000000000000,0.070000000000000,1,0.290000000000000,0.660000000000000,4
130600011302,Puerto Creek,0.040000000000000,0.130000000000000,3,0.010000000000000,0.280000000000000,3,-0.090000000000000,0.230000000000000,3,-0.030000000000000,0.160000000000000,3,-0.180000000000000,0.550000000000000,2
130600011303,Puerto Creek-Pecos River,0.050000000000000,0.130000000000000,4,0.020000000000000,0.280000000000000,3,-0.080000000000000,0.240000000000000,3,0.020000000000000,0.170000000000000,3,-0.310000000000000,0.520000000000000,2
130600011304,Headwaters Arroyo San Juan de Dios,-0.190000000000000,0.100000000000000,2,0.390000000000000,0.360000000000000,4,0.080000000000000,0.270000000000000,4,0.080000000000000,0.170000000000000,4,-0.090000000000000,0.570000000000000,2
130600011305,Outlet Arroyo San Juan de Dios,-0.300000000000000,0.090000000000000,2,0.110000000000000,0.300000000000000,4,-0.030000000000000,0.250000000000000,3,0.060000000000000,0.170000000000000,4,-0.190000000000000,0.540000000000000,2
130600011306,Headwaters Borica Draw,0.000000000000000,0.130000000000000,3,-0.170000000000000,0.230000000000000,3,-0.840000000000000,0.060000000000000,1,0.180000000000000,0.190000000000000,4,-0.100000000000000,0.560000000000000,2
130600011307,Outlet Borica Draw,-0.130000000000000,0.110000000000000,3,0.780000000000000,0.450000000000000,5,0.330000000000000,0.330000000000000,4,0.110000000000000,0.180000000000000,4,-0.170000000000000,0.550000000000000,2
130600011308,Borica Draw-Pecos River,-0.070000000000000,0.120000000000000,3,-0.030000000000000,0.270000000000000,3,0.010000000000000,0.260000000000000,3,-0.070000000000000,0.150000000000000,3,-0.240000000000000,0.530000000000000,2
130600011309,Lake Sumner-Pecos River,1.110000000000000,0.280000000000000,5,-0.220000000000000,0.220000000000000,2,-0.220000000000000,0.210000000000000,3,0.990000000000000,0.310000000000000,5,-0.340000000000000,0.510000000000000,2
130600020101,Canyon Venado,-0.010000000000000,0.130000000000000,3,-0.050000000000000,0.260000000000000,3,-0.210000000000000,0.210000000000000,3,0.040000000000000,0.170000000000000,3,0.390000000000000,0.680000000000000,4
130600020102,Empendrados Draw,0.080000000000000,0.140000000000000,4,-0.050000000000000,0.260000000000000,3,-0.040000000000000,0.240000000000000,3,0.240000000000000,0.200000000000000,4,0.260000000000000,0.650000000000000,4
130600011108,Salitre Tank,2.380000000000000,0.440000000000000,5,-0.420000000000000,0.180000000000000,2,-0.600000000000000,0.120000000000000,1,2.400000000000000,0.530000000000000,5,-0.200000000000000,0.540000000000000,2
110901020302,Lowry Lake,-0.170000000000000,0.110000000000000,2,-0.580000000000000,0.140000000000000,1,-0.840000000000000,0.060000000000000,1,0.320000000000000,0.210000000000000,5,0.110000000000000,0.610000000000000,3
110901020304,Salt Lake,-0.010000000000000,0.130000000000000,3,-0.680000000000000,0.120000000000000,1,-0.760000000000000,0.080000000000000,1,0.460000000000000,0.230000000000000,5,-0.070000000000000,0.570000000000000,3
110901020305,Salt Lake-Tramperos Creek,0.230000000000000,0.160000000000000,4,-0.700000000000000,0.120000000000000,1,-0.760000000000000,0.080000000000000,1,0.480000000000000,0.230000000000000,5,-0.160000000000000,0.550000000000000,2
110901020401,Bob Wells Creek,0.100000000000000,0.140000000000000,4,-0.470000000000000,0.170000000000000,1,-0.730000000000000,0.090000000000000,1,0.400000000000000,0.220000000000000,5,0.100000000000000,0.610000000000000,3
110901020402,Bob Wells Creek-Monia Creek,0.040000000000000,0.130000000000000,4,-0.500000000000000,0.160000000000000,1,-0.750000000000000,0.080000000000000,1,0.390000000000000,0.220000000000000,5,0.090000000000000,0.610000000000000,3
110901020403,Town of Amistad,2.030000000000000,0.400000000000000,5,0.480000000000000,0.380000000000000,5,-0.290000000000000,0.190000000000000,2,1.320000000000000,0.360000000000000,5,-0.060000000000000,0.570000000000000,3
110901020406,Fullingham Draw,0.410000000000000,0.180000000000000,5,-0.190000000000000,0.230000000000000,2,-0.210000000000000,0.210000000000000,3,0.540000000000000,0.240000000000000,5,0.110000000000000,0.610000000000000,3
110901030102,Apache Creek,-0.480000000000000,0.060000000000000,1,-0.180000000000000,0.230000000000000,3,-0.220000000000000,0.200000000000000,2,-0.160000000000000,0.140000000000000,2,0.420000000000000,0.690000000000000,5
110901030201,Black Canyon,-0.520000000000000,0.060000000000000,1,-0.460000000000000,0.170000000000000,1,-0.720000000000000,0.090000000000000,1,-0.080000000000000,0.150000000000000,3,0.460000000000000,0.700000000000000,5
110901030202,Headwaters Perico Creek,-0.530000000000000,0.060000000000000,1,-0.610000000000000,0.140000000000000,1,-0.890000000000000,0.050000000000000,1,-0.060000000000000,0.150000000000000,3,0.400000000000000,0.680000000000000,5
130600031202,Loco Lake,-0.490000000000000,0.060000000000000,1,-0.650000000000000,0.130000000000000,1,-1.010000000000000,0.020000000000000,1,0.010000000000000,0.160000000000000,3,-0.260000000000000,0.530000000000000,2
130600031204,Headwaters Arroyo de La Moya,-0.110000000000000,0.110000000000000,3,-0.630000000000000,0.130000000000000,1,-0.540000000000000,0.130000000000000,1,0.390000000000000,0.220000000000000,5,-0.340000000000000,0.510000000000000,2
130600031205,Gillespie Draw,-0.410000000000000,0.070000000000000,1,-1.060000000000000,0.040000000000000,1,-0.740000000000000,0.090000000000000,1,0.270000000000000,0.200000000000000,4,-0.350000000000000,0.510000000000000,2
140801060601,Gallo Wash,-0.120000000000000,0.110000000000000,3,-0.140000000000000,0.240000000000000,3,-0.090000000000000,0.230000000000000,3,0.120000000000000,0.180000000000000,4,-0.550000000000000,0.460000000000000,1
140801060602,Gallo Wash-Chico Wash,-0.510000000000000,0.060000000000000,1,-0.210000000000000,0.230000000000000,2,0.230000000000000,0.310000000000000,4,-0.410000000000000,0.100000000000000,1,-0.210000000000000,0.540000000000000,2
140801060603,Kin Klizhin Wash,-0.400000000000000,0.080000000000000,1,-0.180000000000000,0.230000000000000,2,0.150000000000000,0.290000000000000,4,-0.110000000000000,0.140000000000000,3,-0.300000000000000,0.520000000000000,2
140801060604,Kin Klizhin Wash-Chaco River,-0.410000000000000,0.070000000000000,1,0.010000000000000,0.270000000000000,3,0.500000000000000,0.370000000000000,5,-0.390000000000000,0.100000000000000,1,-0.420000000000000,0.490000000000000,1
140801060605,Ah-shi-sle-pah Wash,-0.450000000000000,0.070000000000000,1,-0.310000000000000,0.200000000000000,2,0.040000000000000,0.270000000000000,3,-0.210000000000000,0.130000000000000,2,-0.250000000000000,0.530000000000000,2
140801060606,Ah-shi-sle-pah Wash-Chaco River,-0.430000000000000,0.070000000000000,1,-0.270000000000000,0.210000000000000,2,0.110000000000000,0.280000000000000,4,-0.200000000000000,0.130000000000000,2,-0.810000000000000,0.400000000000000,1
140801060701,Upper De-na-zin Wash,-0.290000000000000,0.090000000000000,2,-0.460000000000000,0.170000000000000,1,-0.040000000000000,0.250000000000000,3,-0.360000000000000,0.110000000000000,2,-0.580000000000000,0.450000000000000,1
140801060702,Black Lake,-0.340000000000000,0.080000000000000,2,-0.540000000000000,0.150000000000000,1,-0.110000000000000,0.230000000000000,3,0.150000000000000,0.190000000000000,4,-0.290000000000000,0.520000000000000,2
140801060703,Coal Creek,-0.480000000000000,0.070000000000000,1,-0.300000000000000,0.210000000000000,2,0.070000000000000,0.270000000000000,4,-0.080000000000000,0.150000000000000,3,-0.290000000000000,0.520000000000000,2
140801060704,Middle De-na-zin Wash,-0.100000000000000,0.120000000000000,3,0.050000000000000,0.280000000000000,4,0.170000000000000,0.290000000000000,4,0.040000000000000,0.170000000000000,3,0.010000000000000,0.590000000000000,3
140801060705,Alamo Wash,-0.240000000000000,0.100000000000000,2,-0.200000000000000,0.230000000000000,2,0.240000000000000,0.310000000000000,4,-0.340000000000000,0.110000000000000,2,-0.630000000000000,0.440000000000000,1
140801060706,Lower De-na-zin Wash,-0.650000000000000,0.040000000000000,1,-0.330000000000000,0.200000000000000,2,0.110000000000000,0.280000000000000,4,-0.190000000000000,0.130000000000000,2,-1.240000000000000,0.300000000000000,1
140801060801,Dalton Pass Canyon,-0.700000000000000,0.040000000000000,1,-0.260000000000000,0.210000000000000,2,0.100000000000000,0.280000000000000,4,-0.570000000000000,0.080000000000000,1,-0.470000000000000,0.480000000000000,1
140801060802,Dalton Pass Canyon-Indian Creek,-0.630000000000000,0.050000000000000,1,-0.070000000000000,0.260000000000000,3,0.250000000000000,0.310000000000000,4,-0.350000000000000,0.110000000000000,2,-0.560000000000000,0.460000000000000,1
140801060803,Narrow Canyon-Indian Creek,-0.590000000000000,0.050000000000000,1,0.070000000000000,0.290000000000000,4,0.450000000000000,0.360000000000000,5,-0.170000000000000,0.140000000000000,2,-0.400000000000000,0.490000000000000,1
130600111705,Sand Dunes Oil Fields,0.920000000000000,0.250000000000000,5,0.730000000000000,0.440000000000000,5,0.360000000000000,0.340000000000000,4,0.850000000000000,0.290000000000000,5,0.070000000000000,0.600000000000000,3
130600111706,Lindsey Lake,1.320000000000000,0.300000000000000,5,-0.350000000000000,0.200000000000000,2,-0.410000000000000,0.160000000000000,2,1.150000000000000,0.340000000000000,5,-0.200000000000000,0.540000000000000,2
130600111707,Forty-Niner Ridge,3.610000000000000,0.610000000000000,5,-0.200000000000000,0.230000000000000,2,-0.370000000000000,0.170000000000000,2,3.120000000000000,0.630000000000000,5,-0.320000000000000,0.510000000000000,2
130600111708,Salt Lake,4.450000000000000,0.720000000000000,5,-0.270000000000000,0.210000000000000,2,-0.320000000000000,0.180000000000000,2,3.850000000000000,0.740000000000000,5,-0.360000000000000,0.500000000000000,1
130700010501,Hurston Tank,0.200000000000000,0.150000000000000,4,-0.080000000000000,0.260000000000000,3,-0.240000000000000,0.200000000000000,2,0.530000000000000,0.240000000000000,5,-0.010000000000000,0.590000000000000,3
130700010502,Ross Place,0.090000000000000,0.140000000000000,4,-0.830000000000000,0.090000000000000,1,-0.970000000000000,0.030000000000000,1,0.480000000000000,0.230000000000000,5,0.090000000000000,0.610000000000000,3
130700070101,130700070101,-0.690000000000000,0.040000000000000,1,-0.870000000000000,0.080000000000000,1,-0.830000000000000,0.070000000000000,1,-0.020000000000000,0.160000000000000,3,0.270000000000000,0.650000000000000,4
130700070102,Town of Monument,-0.450000000000000,0.070000000000000,1,-0.740000000000000,0.110000000000000,1,-0.450000000000000,0.150000000000000,2,0.120000000000000,0.180000000000000,4,0.160000000000000,0.630000000000000,4
130700070103,Ironhouse Draw,-0.690000000000000,0.040000000000000,1,-0.980000000000000,0.050000000000000,1,-0.740000000000000,0.090000000000000,1,0.000000000000000,0.160000000000000,3,0.250000000000000,0.650000000000000,4
130700070104,Lake Well,-0.430000000000000,0.070000000000000,1,-0.700000000000000,0.120000000000000,1,-0.490000000000000,0.140000000000000,1,0.090000000000000,0.180000000000000,4,0.240000000000000,0.640000000000000,4
130700070105,Pearl Valley-Monument Draw,-0.370000000000000,0.080000000000000,2,-0.790000000000000,0.100000000000000,1,-0.560000000000000,0.130000000000000,1,0.110000000000000,0.180000000000000,4,0.250000000000000,0.650000000000000,4
130700070106,Monument Springs,-0.060000000000000,0.120000000000000,3,-0.680000000000000,0.120000000000000,1,-0.660000000000000,0.100000000000000,1,0.270000000000000,0.200000000000000,4,0.130000000000000,0.620000000000000,3
130700070107,Monument Springs-Monument Draw,-0.120000000000000,0.110000000000000,3,-0.250000000000000,0.220000000000000,2,-0.540000000000000,0.130000000000000,1,0.250000000000000,0.200000000000000,4,0.220000000000000,0.640000000000000,4
130700070201,Cement Well-Monument Draw,0.220000000000000,0.160000000000000,4,-0.390000000000000,0.190000000000000,2,-0.750000000000000,0.080000000000000,1,0.410000000000000,0.220000000000000,5,-0.020000000000000,0.580000000000000,3
140801030604,Gonazles Canyon,-0.230000000000000,0.100000000000000,2,0.000000000000000,0.270000000000000,3,0.200000000000000,0.300000000000000,4,-0.410000000000000,0.100000000000000,1,0.390000000000000,0.680000000000000,5
140801030605,Rockhouse Canyon-Canon Largo,-0.450000000000000,0.070000000000000,1,-0.060000000000000,0.260000000000000,3,0.250000000000000,0.310000000000000,4,-0.430000000000000,0.100000000000000,1,0.220000000000000,0.640000000000000,4
140801030606,Tapicito Creek-Canon Largo,-0.400000000000000,0.080000000000000,1,-0.030000000000000,0.270000000000000,3,0.140000000000000,0.290000000000000,4,-0.530000000000000,0.080000000000000,1,0.330000000000000,0.670000000000000,4
140801030607,Palluche Canyon,-0.470000000000000,0.070000000000000,1,0.250000000000000,0.330000000000000,4,0.540000000000000,0.380000000000000,5,-0.680000000000000,0.060000000000000,1,0.290000000000000,0.660000000000000,4
140801030609,PallucheCanyon-Canon Largo,-0.340000000000000,0.080000000000000,2,0.160000000000000,0.310000000000000,4,0.180000000000000,0.300000000000000,4,-0.430000000000000,0.100000000000000,1,0.310000000000000,0.660000000000000,4
140801030610,Cuervo Canyon-Canon Largo,-0.460000000000000,0.070000000000000,1,0.050000000000000,0.280000000000000,4,0.360000000000000,0.340000000000000,4,-0.640000000000000,0.070000000000000,1,0.210000000000000,0.640000000000000,4
140801041003,Tucker Canyon-Animas River,-0.380000000000000,0.080000000000000,1,0.090000000000000,0.290000000000000,4,0.290000000000000,0.320000000000000,4,-0.620000000000000,0.070000000000000,1,-0.010000000000000,0.590000000000000,3
140801041004,Estes Arroyo-Animas River,-0.290000000000000,0.090000000000000,2,0.160000000000000,0.310000000000000,4,0.210000000000000,0.300000000000000,4,-0.460000000000000,0.090000000000000,1,-0.180000000000000,0.550000000000000,2
140801041005,Flora Vista Arroyo-Animas River,-0.320000000000000,0.090000000000000,2,0.560000000000000,0.400000000000000,5,0.820000000000000,0.440000000000000,5,-0.360000000000000,0.110000000000000,2,-0.600000000000000,0.450000000000000,1
120800030402,Johnson Draw,-0.610000000000000,0.050000000000000,1,-0.910000000000000,0.070000000000000,1,-0.350000000000000,0.180000000000000,2,0.130000000000000,0.180000000000000,4,-0.230000000000000,0.530000000000000,2
120800030703,Brinson Ranch-City of Hobbs,-0.460000000000000,0.070000000000000,1,-0.330000000000000,0.200000000000000,2,0.030000000000000,0.260000000000000,3,0.190000000000000,0.190000000000000,4,-0.270000000000000,0.530000000000000,2
120800030704,Fullerton Oil Field-Monument Draw,-0.170000000000000,0.110000000000000,2,-0.610000000000000,0.140000000000000,1,-0.960000000000000,0.040000000000000,1,0.090000000000000,0.180000000000000,4,-0.050000000000000,0.580000000000000,3
150200060703,Headwaters Manuelito Canyon,0.020000000000000,0.130000000000000,3,-0.020000000000000,0.270000000000000,3,-0.400000000000000,0.160000000000000,2,-0.280000000000000,0.120000000000000,2,-0.370000000000000,0.500000000000000,1
130202010405,Galisteo Reservoir-Galisteo Creek,0.100000000000000,0.140000000000000,4,0.540000000000000,0.390000000000000,5,0.350000000000000,0.340000000000000,4,-0.320000000000000,0.110000000000000,2,-0.050000000000000,0.580000000000000,3
130202010406,Tom Payne Gulch-Galisteo Creek,0.500000000000000,0.200000000000000,5,0.990000000000000,0.500000000000000,5,0.840000000000000,0.450000000000000,5,0.100000000000000,0.180000000000000,4,-0.180000000000000,0.550000000000000,2
130202010501,Headwaters San Pedro Creek,-0.100000000000000,0.120000000000000,3,1.040000000000000,0.510000000000000,5,0.960000000000000,0.470000000000000,5,-0.400000000000000,0.100000000000000,1,-0.070000000000000,0.570000000000000,3
130202010502,Outlet San Pedro Creek,-0.090000000000000,0.120000000000000,3,1.860000000000000,0.690000000000000,5,1.660000000000000,0.630000000000000,5,-0.390000000000000,0.100000000000000,1,-0.050000000000000,0.580000000000000,3
130202010503,Arroyo Una de Gato,0.100000000000000,0.140000000000000,4,1.240000000000000,0.550000000000000,5,1.040000000000000,0.490000000000000,5,-0.270000000000000,0.120000000000000,2,-0.130000000000000,0.560000000000000,2
130202010504,Arroyo Coyote,0.070000000000000,0.140000000000000,4,0.770000000000000,0.440000000000000,5,0.820000000000000,0.440000000000000,5,-0.120000000000000,0.140000000000000,3,-0.030000000000000,0.580000000000000,3
130202010505,Canon Tejon,-0.030000000000000,0.130000000000000,3,0.500000000000000,0.380000000000000,5,0.350000000000000,0.340000000000000,4,-0.430000000000000,0.100000000000000,1,-0.490000000000000,0.470000000000000,1
130202010506,Arroyo Tonque,0.520000000000000,0.200000000000000,5,0.370000000000000,0.360000000000000,4,0.280000000000000,0.320000000000000,4,-0.080000000000000,0.150000000000000,3,-0.350000000000000,0.510000000000000,2
130202010601,Peralta Canyon,0.580000000000000,0.210000000000000,5,1.410000000000000,0.590000000000000,5,1.600000000000000,0.620000000000000,5,-0.340000000000000,0.110000000000000,2,-0.150000000000000,0.550000000000000,2
130202010602,Canon Santo Domingo,0.150000000000000,0.150000000000000,4,0.440000000000000,0.370000000000000,5,0.230000000000000,0.310000000000000,4,-0.320000000000000,0.110000000000000,2,-0.200000000000000,0.540000000000000,2
130202010603,130202010603,0.220000000000000,0.160000000000000,4,0.400000000000000,0.360000000000000,4,0.260000000000000,0.320000000000000,4,-0.410000000000000,0.100000000000000,1,-0.220000000000000,0.540000000000000,2
130202010604,Galisteo Creek-Rio Grande,0.450000000000000,0.190000000000000,5,0.190000000000000,0.320000000000000,4,0.310000000000000,0.330000000000000,4,0.140000000000000,0.180000000000000,4,-0.700000000000000,0.430000000000000,1
130202010605,Headwaters Borrego Canon,0.220000000000000,0.160000000000000,4,0.870000000000000,0.470000000000000,5,0.550000000000000,0.380000000000000,5,-0.400000000000000,0.100000000000000,1,0.380000000000000,0.680000000000000,4
130202010606,Outlet Borrego Canyon,0.030000000000000,0.130000000000000,3,0.180000000000000,0.310000000000000,4,0.090000000000000,0.280000000000000,4,-0.290000000000000,0.120000000000000,2,0.050000000000000,0.600000000000000,3
130202010607,Arroyo de La Vega de Los Tanos,0.550000000000000,0.200000000000000,5,1.060000000000000,0.510000000000000,5,0.910000000000000,0.460000000000000,5,0.010000000000000,0.160000000000000,3,-0.280000000000000,0.520000000000000,2
130202010608,Borrego Canyon-Rio Grande,0.610000000000000,0.210000000000000,5,0.400000000000000,0.360000000000000,4,0.550000000000000,0.380000000000000,5,0.360000000000000,0.220000000000000,5,-0.400000000000000,0.490000000000000,1
130202010609,Santa Ana Mesa,0.340000000000000,0.170000000000000,5,1.830000000000000,0.680000000000000,5,1.680000000000000,0.640000000000000,5,0.240000000000000,0.200000000000000,4,0.160000000000000,0.630000000000000,4
130202020304,Arroyo Alamito-Arroyo Ojito,0.120000000000000,0.140000000000000,4,0.330000000000000,0.350000000000000,4,0.550000000000000,0.380000000000000,5,-0.250000000000000,0.120000000000000,2,-0.220000000000000,0.540000000000000,2
130202020305,Arroyo La Jara,0.080000000000000,0.140000000000000,4,0.140000000000000,0.310000000000000,4,0.350000000000000,0.340000000000000,4,-0.160000000000000,0.140000000000000,2,-0.050000000000000,0.580000000000000,3
130202020306,Querencia Arroyo,0.260000000000000,0.160000000000000,4,0.040000000000000,0.280000000000000,3,0.210000000000000,0.300000000000000,4,-0.220000000000000,0.130000000000000,2,0.000000000000000,0.590000000000000,3
140801060804,Milk Lake-Indian Creek,-0.360000000000000,0.080000000000000,2,-0.280000000000000,0.210000000000000,2,-0.060000000000000,0.240000000000000,3,-0.040000000000000,0.160000000000000,3,-1.050000000000000,0.340000000000000,1
140801060805,Red Lake Well,-0.400000000000000,0.080000000000000,1,-0.120000000000000,0.250000000000000,3,-0.150000000000000,0.220000000000000,3,0.010000000000000,0.160000000000000,3,-1.060000000000000,0.340000000000000,1
140801060806,140801060806,-0.450000000000000,0.070000000000000,1,-0.320000000000000,0.200000000000000,2,-0.200000000000000,0.210000000000000,3,-0.060000000000000,0.150000000000000,3,-1.670000000000000,0.200000000000000,1
140801060807,White Rock-Indian Creek,-0.330000000000000,0.090000000000000,2,-0.210000000000000,0.230000000000000,2,0.020000000000000,0.260000000000000,3,-0.130000000000000,0.140000000000000,3,-1.780000000000000,0.170000000000000,1
140801060901,Catron Wash,-0.440000000000000,0.070000000000000,1,-0.070000000000000,0.260000000000000,3,-0.250000000000000,0.200000000000000,2,-0.770000000000000,0.050000000000000,1,-0.110000000000000,0.560000000000000,2
150400040101,Sand Flat Canyon,0.010000000000000,0.130000000000000,3,0.600000000000000,0.410000000000000,5,0.230000000000000,0.310000000000000,4,-0.250000000000000,0.130000000000000,2,0.600000000000000,0.730000000000000,5
130600110602,Buzzard Draw,0.060000000000000,0.140000000000000,4,0.190000000000000,0.310000000000000,4,-0.370000000000000,0.170000000000000,2,-0.430000000000000,0.100000000000000,1,-0.760000000000000,0.410000000000000,1
130600110603,Buzzard Draw-Segrest Draw,0.230000000000000,0.160000000000000,4,0.270000000000000,0.330000000000000,4,-0.270000000000000,0.190000000000000,2,-0.190000000000000,0.130000000000000,2,-0.790000000000000,0.400000000000000,1
130600110604,Cat Claw Draw,0.250000000000000,0.160000000000000,4,0.130000000000000,0.300000000000000,4,0.040000000000000,0.260000000000000,3,0.080000000000000,0.170000000000000,4,-0.650000000000000,0.440000000000000,1
130600110605,Headwaters Crooked Canyon,0.140000000000000,0.150000000000000,4,0.270000000000000,0.330000000000000,4,0.160000000000000,0.290000000000000,4,-0.170000000000000,0.140000000000000,2,-0.360000000000000,0.500000000000000,2
130600110606,Holt Tank Draw,0.190000000000000,0.150000000000000,4,0.190000000000000,0.320000000000000,4,-0.470000000000000,0.150000000000000,2,-0.150000000000000,0.140000000000000,2,-0.460000000000000,0.480000000000000,1
130600110607,Outlet Crooked Canyon,0.110000000000000,0.140000000000000,4,0.170000000000000,0.310000000000000,4,-0.120000000000000,0.230000000000000,3,-0.210000000000000,0.130000000000000,2,-0.420000000000000,0.490000000000000,1
120500010702,City of Inez,-0.750000000000000,0.030000000000000,1,-0.960000000000000,0.060000000000000,1,-0.800000000000000,0.070000000000000,1,0.040000000000000,0.170000000000000,3,0.030000000000000,0.600000000000000,3
120500010703,120500010703,-0.740000000000000,0.030000000000000,1,-0.870000000000000,0.080000000000000,1,-0.670000000000000,0.100000000000000,1,0.060000000000000,0.170000000000000,4,0.080000000000000,0.610000000000000,3
140801060902,Mexican Springs Wash,-0.200000000000000,0.100000000000000,2,-0.010000000000000,0.270000000000000,3,-0.280000000000000,0.190000000000000,2,-0.620000000000000,0.070000000000000,1,-0.090000000000000,0.570000000000000,2
140801060903,Headwaters Figueredo Wash,-0.520000000000000,0.060000000000000,1,-0.280000000000000,0.210000000000000,2,-0.210000000000000,0.210000000000000,3,-0.540000000000000,0.080000000000000,1,-0.070000000000000,0.570000000000000,3
140801060904,Outlet Figueredo Wash,-0.580000000000000,0.050000000000000,1,-0.540000000000000,0.150000000000000,1,-0.050000000000000,0.240000000000000,3,-0.130000000000000,0.140000000000000,3,-0.220000000000000,0.540000000000000,2
140801061001,Figuredo Wash,-0.550000000000000,0.060000000000000,1,-0.160000000000000,0.240000000000000,3,0.130000000000000,0.280000000000000,4,-0.510000000000000,0.090000000000000,1,-0.320000000000000,0.510000000000000,2
140801061002,Dye Brush Wash,-0.650000000000000,0.040000000000000,1,-0.400000000000000,0.180000000000000,2,-0.020000000000000,0.250000000000000,3,-0.540000000000000,0.080000000000000,1,-0.190000000000000,0.540000000000000,2
140801061003,Dye Brush Wash-Coyote Wash,-0.470000000000000,0.070000000000000,1,-0.280000000000000,0.210000000000000,2,0.180000000000000,0.300000000000000,4,-0.100000000000000,0.150000000000000,3,-0.420000000000000,0.490000000000000,1
140801061004,Big Spring Canyon-Coyote Wash,-0.550000000000000,0.060000000000000,1,-0.210000000000000,0.230000000000000,2,0.310000000000000,0.320000000000000,4,-0.300000000000000,0.120000000000000,2,-0.460000000000000,0.480000000000000,1
130600100604,Walnut Draw-Rio Penasco,-0.170000000000000,0.110000000000000,2,-0.380000000000000,0.190000000000000,2,-0.120000000000000,0.230000000000000,3,0.040000000000000,0.170000000000000,3,-0.260000000000000,0.530000000000000,2
130600100605,Willar Well-Rio Penasco,-0.500000000000000,0.060000000000000,1,-0.640000000000000,0.130000000000000,1,-0.110000000000000,0.230000000000000,3,0.120000000000000,0.180000000000000,4,-0.190000000000000,0.540000000000000,2
130600020103,Bales Lake,0.000000000000000,0.130000000000000,3,-0.040000000000000,0.260000000000000,3,-0.430000000000000,0.160000000000000,2,0.160000000000000,0.190000000000000,4,0.120000000000000,0.620000000000000,3
130600020104,Encinosa Draw,-0.010000000000000,0.130000000000000,3,-0.120000000000000,0.250000000000000,3,-0.440000000000000,0.150000000000000,2,0.160000000000000,0.190000000000000,4,0.150000000000000,0.620000000000000,4
130600020105,Headwaters Milagro Canyon,0.010000000000000,0.130000000000000,3,-0.250000000000000,0.220000000000000,2,-0.700000000000000,0.090000000000000,1,0.120000000000000,0.180000000000000,4,0.020000000000000,0.590000000000000,3
130600020106,Outlet Milagro Canyon,-0.010000000000000,0.130000000000000,3,-0.160000000000000,0.240000000000000,3,-0.250000000000000,0.200000000000000,2,-0.020000000000000,0.160000000000000,3,-0.070000000000000,0.570000000000000,3
130600020201,Pedernal Mountain-Pintada Draw,-0.080000000000000,0.120000000000000,3,0.270000000000000,0.330000000000000,4,0.030000000000000,0.260000000000000,3,-0.040000000000000,0.160000000000000,3,0.320000000000000,0.660000000000000,4
130600020202,130600020202,0.070000000000000,0.140000000000000,4,-0.090000000000000,0.250000000000000,3,-0.100000000000000,0.230000000000000,3,0.220000000000000,0.200000000000000,4,0.300000000000000,0.660000000000000,4
130600020203,Rock Lake,0.020000000000000,0.130000000000000,3,0.130000000000000,0.300000000000000,4,-0.140000000000000,0.220000000000000,3,0.180000000000000,0.190000000000000,4,0.360000000000000,0.670000000000000,4
130600020204,Headwaters Carrizo Canyon,0.000000000000000,0.130000000000000,3,1.030000000000000,0.500000000000000,5,0.800000000000000,0.440000000000000,5,0.210000000000000,0.190000000000000,4,0.210000000000000,0.640000000000000,4
130202070501,Upper Acoma Creek,0.000000000000000,0.130000000000000,3,0.600000000000000,0.410000000000000,5,0.320000000000000,0.330000000000000,4,0.070000000000000,0.170000000000000,4,0.390000000000000,0.680000000000000,4
130202070503,Paradise Canyon,-0.030000000000000,0.120000000000000,3,0.250000000000000,0.330000000000000,4,0.360000000000000,0.340000000000000,4,-0.180000000000000,0.130000000000000,2,-0.200000000000000,0.540000000000000,2
130600011109,Guadalupe Draw,-0.020000000000000,0.130000000000000,3,0.010000000000000,0.270000000000000,3,-0.540000000000000,0.130000000000000,1,0.080000000000000,0.170000000000000,4,0.040000000000000,0.600000000000000,3
130600011110,El Rito Creek,-0.340000000000000,0.080000000000000,2,-0.120000000000000,0.250000000000000,3,-0.190000000000000,0.210000000000000,3,0.060000000000000,0.170000000000000,4,-0.090000000000000,0.570000000000000,2
130600011111,Esteros Creek-Pecos River,0.770000000000000,0.230000000000000,5,-0.120000000000000,0.250000000000000,3,-0.250000000000000,0.200000000000000,2,0.660000000000000,0.260000000000000,5,-0.150000000000000,0.550000000000000,2
130600011201,Clayton Ranch-Alamogordo Creek,-0.480000000000000,0.070000000000000,1,0.570000000000000,0.400000000000000,5,0.480000000000000,0.370000000000000,5,-0.240000000000000,0.130000000000000,2,-0.150000000000000,0.550000000000000,2
130600011203,Arroyo Colorado,-0.490000000000000,0.060000000000000,1,-0.440000000000000,0.170000000000000,2,-0.300000000000000,0.190000000000000,2,-0.060000000000000,0.150000000000000,3,-0.230000000000000,0.540000000000000,2
130600011204,Arroyo Colorado-Alamogordo Creek,-0.390000000000000,0.080000000000000,1,-0.310000000000000,0.200000000000000,2,-0.320000000000000,0.180000000000000,2,-0.130000000000000,0.140000000000000,3,-0.190000000000000,0.540000000000000,2
130600011205,Headwaters Arroyo Potrillo,-0.720000000000000,0.030000000000000,1,0.410000000000000,0.370000000000000,4,0.230000000000000,0.310000000000000,4,-0.100000000000000,0.150000000000000,3,-0.130000000000000,0.560000000000000,2
111001010207,Seneca Creek-Cienequilla Creek,-0.430000000000000,0.070000000000000,1,-0.500000000000000,0.160000000000000,1,-0.610000000000000,0.110000000000000,1,0.130000000000000,0.180000000000000,4,0.230000000000000,0.640000000000000,4
111001010308,Gyp Arroyo-Corrumpa Creek,-0.290000000000000,0.090000000000000,2,-0.420000000000000,0.180000000000000,2,-0.520000000000000,0.140000000000000,1,-0.030000000000000,0.160000000000000,3,0.280000000000000,0.660000000000000,4
111001010309,111001010309-North Canadian River,-0.610000000000000,0.050000000000000,1,-0.790000000000000,0.100000000000000,1,-0.920000000000000,0.040000000000000,1,0.010000000000000,0.160000000000000,3,0.000000000000000,0.000000000000000,1
130600110608,Cat Claw Draw-Segrest Draw,0.120000000000000,0.140000000000000,4,0.100000000000000,0.300000000000000,4,-0.130000000000000,0.230000000000000,3,-0.070000000000000,0.150000000000000,3,-0.580000000000000,0.450000000000000,1
130600110609,Gardner Draw-North Seven Rivers,0.010000000000000,0.130000000000000,3,-0.230000000000000,0.220000000000000,2,-0.050000000000000,0.240000000000000,3,0.280000000000000,0.210000000000000,4,-0.370000000000000,0.500000000000000,1
130600110610,North Seven Rivers-Pecos River,1.690000000000000,0.350000000000000,5,-0.200000000000000,0.230000000000000,2,0.080000000000000,0.270000000000000,4,1.690000000000000,0.420000000000000,5,-0.230000000000000,0.540000000000000,2
130600110701,North Rocky Arroyo,0.500000000000000,0.190000000000000,5,0.310000000000000,0.340000000000000,4,0.120000000000000,0.280000000000000,4,0.260000000000000,0.200000000000000,4,-1.110000000000000,0.330000000000000,1
130600110702,North Rocky Arroyo-Rocky Arroyo,0.340000000000000,0.170000000000000,5,0.540000000000000,0.390000000000000,5,0.520000000000000,0.370000000000000,5,0.140000000000000,0.180000000000000,4,-1.140000000000000,0.320000000000000,1
130600110703,Fanning Draw,0.420000000000000,0.180000000000000,5,0.230000000000000,0.320000000000000,4,-0.240000000000000,0.200000000000000,2,0.100000000000000,0.180000000000000,4,-0.970000000000000,0.360000000000000,1
130600110704,Headwaters Dunnaway Draw,0.430000000000000,0.190000000000000,5,0.200000000000000,0.320000000000000,4,-0.310000000000000,0.180000000000000,2,0.280000000000000,0.200000000000000,4,-1.240000000000000,0.300000000000000,1
130600110705,Outlet Dunnaway Draw,0.360000000000000,0.180000000000000,5,0.230000000000000,0.320000000000000,4,0.090000000000000,0.280000000000000,4,0.100000000000000,0.180000000000000,4,-0.780000000000000,0.410000000000000,1
130600110706,Dunnaway Draw-Rocky Arroyo,0.230000000000000,0.160000000000000,4,0.220000000000000,0.320000000000000,4,-0.040000000000000,0.250000000000000,3,-0.010000000000000,0.160000000000000,3,-1.000000000000000,0.360000000000000,1
130600110707,Rocky Arroyo,0.550000000000000,0.200000000000000,5,0.290000000000000,0.340000000000000,4,0.100000000000000,0.280000000000000,4,0.100000000000000,0.180000000000000,4,-0.590000000000000,0.450000000000000,1
130600110802,Middle Last Chance Canyon,0.380000000000000,0.180000000000000,5,0.450000000000000,0.370000000000000,5,0.880000000000000,0.460000000000000,5,0.070000000000000,0.170000000000000,4,-1.550000000000000,0.230000000000000,1
130600110803,Wagontire Draw,0.430000000000000,0.190000000000000,5,0.200000000000000,0.320000000000000,4,-0.280000000000000,0.190000000000000,2,0.250000000000000,0.200000000000000,4,-1.040000000000000,0.350000000000000,1
130600110804,Lower Last Chance Canyon,0.320000000000000,0.170000000000000,5,0.340000000000000,0.350000000000000,4,0.070000000000000,0.270000000000000,4,-0.100000000000000,0.150000000000000,3,-1.220000000000000,0.300000000000000,1
130600110901,Turkey Canyon,0.190000000000000,0.150000000000000,4,0.290000000000000,0.340000000000000,4,0.480000000000000,0.360000000000000,5,0.140000000000000,0.180000000000000,4,-1.850000000000000,0.160000000000000,1
110901020306,West Creek Well-Punto Agua Creek,0.340000000000000,0.170000000000000,5,-0.570000000000000,0.150000000000000,1,-0.320000000000000,0.180000000000000,2,0.550000000000000,0.250000000000000,5,-0.200000000000000,0.540000000000000,2
110901020405,Entrania Creek-Monia Creek,0.350000000000000,0.180000000000000,5,-0.140000000000000,0.240000000000000,3,-0.370000000000000,0.170000000000000,2,0.570000000000000,0.250000000000000,5,0.060000000000000,0.600000000000000,3
150400040102,Canon Del Buey,-0.110000000000000,0.110000000000000,3,0.130000000000000,0.300000000000000,4,-0.070000000000000,0.240000000000000,3,-0.200000000000000,0.130000000000000,2,0.660000000000000,0.740000000000000,5
150400040103,Negro Canyon-Tularosa River,-0.150000000000000,0.110000000000000,2,0.280000000000000,0.330000000000000,4,0.220000000000000,0.300000000000000,4,-0.370000000000000,0.110000000000000,2,0.520000000000000,0.710000000000000,5
150400040104,Whiskey Creek,-0.180000000000000,0.100000000000000,2,0.700000000000000,0.430000000000000,5,0.390000000000000,0.340000000000000,4,-0.480000000000000,0.090000000000000,1,0.620000000000000,0.730000000000000,5
150400040105,Hardcastle Canyon,-0.070000000000000,0.120000000000000,3,0.500000000000000,0.390000000000000,5,0.200000000000000,0.300000000000000,4,-0.380000000000000,0.100000000000000,1,0.720000000000000,0.760000000000000,5
140801061005,Soft Water Wash,-0.400000000000000,0.080000000000000,1,-0.310000000000000,0.200000000000000,2,0.000000000000000,0.250000000000000,3,-0.100000000000000,0.150000000000000,3,-0.540000000000000,0.460000000000000,1
140801061006,Soft Water Wash-Coyote Wash,-0.530000000000000,0.060000000000000,1,-0.300000000000000,0.210000000000000,2,0.190000000000000,0.300000000000000,4,-0.210000000000000,0.130000000000000,2,-0.530000000000000,0.460000000000000,1
140801061101,Upper Standing Rock Wash,-0.280000000000000,0.090000000000000,2,0.080000000000000,0.290000000000000,4,0.020000000000000,0.260000000000000,3,-0.290000000000000,0.120000000000000,2,-0.430000000000000,0.490000000000000,1
140801061102,Middle Standing Rock Wash,-0.340000000000000,0.080000000000000,2,-0.080000000000000,0.260000000000000,3,0.110000000000000,0.280000000000000,4,-0.070000000000000,0.150000000000000,3,-0.820000000000000,0.400000000000000,1
140801061103,Lower Standing Rock Wash,-0.290000000000000,0.090000000000000,2,-0.280000000000000,0.210000000000000,2,-0.220000000000000,0.210000000000000,3,-0.010000000000000,0.160000000000000,3,-1.350000000000000,0.270000000000000,1
140801061201,Headwaters Red Willow Wash,-0.200000000000000,0.100000000000000,2,-0.010000000000000,0.270000000000000,3,-0.180000000000000,0.210000000000000,3,-0.620000000000000,0.070000000000000,1,0.040000000000000,0.600000000000000,3
140801061202,Tocito Wash,-0.620000000000000,0.050000000000000,1,-0.500000000000000,0.160000000000000,1,-0.230000000000000,0.200000000000000,2,-0.260000000000000,0.120000000000000,2,-0.370000000000000,0.500000000000000,1
130700070205,Town of Maypens,0.430000000000000,0.190000000000000,5,-0.280000000000000,0.210000000000000,2,-0.650000000000000,0.110000000000000,1,0.500000000000000,0.240000000000000,5,0.230000000000000,0.640000000000000,4
130700070207,Town of Johnson,0.480000000000000,0.190000000000000,5,-0.260000000000000,0.210000000000000,2,-0.700000000000000,0.090000000000000,1,0.510000000000000,0.240000000000000,5,0.160000000000000,0.630000000000000,4
120500010901,120500010901,-0.480000000000000,0.060000000000000,1,-0.800000000000000,0.100000000000000,1,-0.240000000000000,0.200000000000000,2,0.280000000000000,0.200000000000000,4,0.000000000000000,0.590000000000000,3
120500010902,120500010902,-0.430000000000000,0.070000000000000,1,-0.870000000000000,0.080000000000000,1,-0.390000000000000,0.170000000000000,2,0.310000000000000,0.210000000000000,5,0.020000000000000,0.590000000000000,3
130600110101,130600110101,-0.010000000000000,0.130000000000000,3,-0.240000000000000,0.220000000000000,2,-0.130000000000000,0.230000000000000,3,0.180000000000000,0.190000000000000,4,0.120000000000000,0.620000000000000,3
130600110102,Cedar Lake Draw,0.660000000000000,0.220000000000000,5,0.100000000000000,0.300000000000000,4,-0.180000000000000,0.210000000000000,3,0.580000000000000,0.250000000000000,5,0.020000000000000,0.590000000000000,3
130600110301,130600110301,-0.040000000000000,0.120000000000000,3,-0.230000000000000,0.220000000000000,2,-0.460000000000000,0.150000000000000,2,0.200000000000000,0.190000000000000,4,0.120000000000000,0.620000000000000,3
130600110302,Square Lake,0.390000000000000,0.180000000000000,5,0.160000000000000,0.310000000000000,4,-0.260000000000000,0.200000000000000,2,0.390000000000000,0.220000000000000,5,0.130000000000000,0.620000000000000,3
130600110303,Forest Oil Field-Beargrass Draw,-0.010000000000000,0.130000000000000,3,-0.430000000000000,0.180000000000000,2,-0.610000000000000,0.120000000000000,1,0.340000000000000,0.210000000000000,5,0.000000000000000,0.590000000000000,3
130600110304,Pamilla Draw-Beargrass Draw,0.420000000000000,0.180000000000000,5,-0.270000000000000,0.210000000000000,2,-0.660000000000000,0.100000000000000,1,0.550000000000000,0.250000000000000,5,-0.050000000000000,0.580000000000000,3
140801050805,Lower Shiprock Wash,0.160000000000000,0.150000000000000,4,-0.580000000000000,0.140000000000000,1,0.010000000000000,0.260000000000000,3,0.310000000000000,0.210000000000000,5,-0.060000000000000,0.570000000000000,3
140801051001,Malpais Arroyo-San Juan River,0.650000000000000,0.220000000000000,5,-0.370000000000000,0.190000000000000,2,-0.020000000000000,0.250000000000000,3,0.600000000000000,0.250000000000000,5,-0.150000000000000,0.550000000000000,2
140801060101,Gas Tank Wash-Chaco Wash,-0.480000000000000,0.070000000000000,1,-0.160000000000000,0.240000000000000,3,0.150000000000000,0.290000000000000,4,-0.040000000000000,0.160000000000000,3,-0.090000000000000,0.570000000000000,2
140801060102,Canada Corrales,-0.140000000000000,0.110000000000000,3,0.050000000000000,0.290000000000000,4,0.040000000000000,0.260000000000000,3,0.010000000000000,0.160000000000000,3,-0.010000000000000,0.590000000000000,3
140801060103,Canada Alamos,-0.310000000000000,0.090000000000000,2,0.110000000000000,0.300000000000000,4,0.450000000000000,0.360000000000000,5,-0.130000000000000,0.140000000000000,3,0.050000000000000,0.600000000000000,3
140801060104,Canada Alamos-Chaco Wash,-0.590000000000000,0.050000000000000,1,-0.120000000000000,0.250000000000000,3,0.230000000000000,0.310000000000000,4,-0.200000000000000,0.130000000000000,2,-0.080000000000000,0.570000000000000,3
140801060105,Headwaters Canada Alemita,-0.130000000000000,0.110000000000000,3,-0.160000000000000,0.240000000000000,3,-0.090000000000000,0.240000000000000,3,-0.150000000000000,0.140000000000000,2,0.220000000000000,0.640000000000000,4
140801060106,Outlet Canada Alemita,-0.140000000000000,0.110000000000000,3,0.420000000000000,0.370000000000000,5,0.640000000000000,0.400000000000000,5,0.090000000000000,0.180000000000000,4,-0.350000000000000,0.510000000000000,2
140801060107,Canda Alemita-Chaco Wash,-0.540000000000000,0.060000000000000,1,-0.210000000000000,0.230000000000000,2,0.220000000000000,0.310000000000000,4,-0.300000000000000,0.120000000000000,2,-0.290000000000000,0.520000000000000,2
110901030203,110901030303-Perico Creek,-0.490000000000000,0.060000000000000,1,-0.700000000000000,0.120000000000000,1,-0.960000000000000,0.040000000000000,1,0.010000000000000,0.160000000000000,3,0.360000000000000,0.670000000000000,4
110901030204,Mays Ranch-Perico Creek,-0.580000000000000,0.050000000000000,1,-0.660000000000000,0.130000000000000,1,-0.750000000000000,0.080000000000000,1,-0.080000000000000,0.150000000000000,3,0.320000000000000,0.660000000000000,4
110901030301,Upper Sand Draw,-0.780000000000000,0.030000000000000,1,-0.700000000000000,0.120000000000000,1,-0.890000000000000,0.050000000000000,1,-0.090000000000000,0.150000000000000,3,0.230000000000000,0.640000000000000,4
110901030302,Middle Sand Draw,-0.810000000000000,0.020000000000000,1,-0.740000000000000,0.110000000000000,1,-0.790000000000000,0.070000000000000,1,-0.120000000000000,0.140000000000000,3,0.040000000000000,0.600000000000000,3
110901030303,Lower Sand Draw,-0.650000000000000,0.040000000000000,1,-0.630000000000000,0.130000000000000,1,-0.400000000000000,0.160000000000000,2,0.070000000000000,0.170000000000000,4,-0.150000000000000,0.550000000000000,2
110901040101,Farr Vega Lake,-0.600000000000000,0.050000000000000,1,-0.210000000000000,0.230000000000000,2,-0.530000000000000,0.130000000000000,1,-0.170000000000000,0.140000000000000,2,1.040000000000000,0.830000000000000,5
110901040102,Carrizo Creek,-0.440000000000000,0.070000000000000,1,-0.290000000000000,0.210000000000000,2,-0.470000000000000,0.150000000000000,2,-0.140000000000000,0.140000000000000,2,0.900000000000000,0.800000000000000,5
110901040103,Upper Gallegos Creek,-0.550000000000000,0.060000000000000,1,-0.340000000000000,0.200000000000000,2,-0.530000000000000,0.130000000000000,1,-0.150000000000000,0.140000000000000,2,0.560000000000000,0.720000000000000,5
110901040104,Middle Gallegos Creek,-0.650000000000000,0.040000000000000,1,-0.750000000000000,0.100000000000000,1,-0.820000000000000,0.070000000000000,1,-0.130000000000000,0.140000000000000,3,0.620000000000000,0.730000000000000,5
130202020307,Middle Rio Salado,0.250000000000000,0.160000000000000,4,0.430000000000000,0.370000000000000,5,0.580000000000000,0.390000000000000,5,-0.380000000000000,0.100000000000000,1,0.020000000000000,0.590000000000000,3
130202020308,Lower Rio Salado,0.410000000000000,0.180000000000000,5,0.450000000000000,0.370000000000000,5,0.340000000000000,0.330000000000000,4,-0.140000000000000,0.140000000000000,2,0.120000000000000,0.620000000000000,3
130202020401,Canon de La Canada,-0.070000000000000,0.120000000000000,3,1.050000000000000,0.510000000000000,5,1.110000000000000,0.510000000000000,5,-0.570000000000000,0.080000000000000,1,0.510000000000000,0.710000000000000,5
130202020402,Vallecita Creek,0.120000000000000,0.140000000000000,4,0.910000000000000,0.480000000000000,5,0.790000000000000,0.440000000000000,5,-0.500000000000000,0.090000000000000,1,0.280000000000000,0.650000000000000,4
130202020403,Vallecita Creek-Jemez River,0.270000000000000,0.160000000000000,4,0.670000000000000,0.420000000000000,5,0.670000000000000,0.410000000000000,5,-0.350000000000000,0.110000000000000,2,0.120000000000000,0.620000000000000,3
130202020404,Bluewater Spring-Jemez River,0.470000000000000,0.190000000000000,5,0.440000000000000,0.370000000000000,5,0.460000000000000,0.360000000000000,5,0.040000000000000,0.170000000000000,3,-0.250000000000000,0.530000000000000,2
130202020501,Arroyo Piedra Parada,0.090000000000000,0.140000000000000,4,0.170000000000000,0.310000000000000,4,0.230000000000000,0.310000000000000,4,-0.170000000000000,0.140000000000000,2,-0.120000000000000,0.560000000000000,2
130202020502,Arroyo Ojito,0.140000000000000,0.150000000000000,4,0.570000000000000,0.400000000000000,5,0.580000000000000,0.390000000000000,5,-0.500000000000000,0.090000000000000,1,0.090000000000000,0.610000000000000,3
130202020503,Arroyo Chamisa,0.140000000000000,0.150000000000000,4,0.320000000000000,0.350000000000000,4,0.280000000000000,0.320000000000000,4,-0.340000000000000,0.110000000000000,2,0.320000000000000,0.660000000000000,4
130202020504,Arroyo Arenoso-Jemez River,0.470000000000000,0.190000000000000,5,0.940000000000000,0.480000000000000,5,0.860000000000000,0.450000000000000,5,0.020000000000000,0.170000000000000,3,-0.280000000000000,0.520000000000000,2
130202020505,Santa Ana Pueblo-Jemez River,0.460000000000000,0.190000000000000,5,1.010000000000000,0.500000000000000,5,1.040000000000000,0.490000000000000,5,-0.040000000000000,0.160000000000000,3,-0.400000000000000,0.500000000000000,1
130202070505,Middle Acoma Creek,-0.190000000000000,0.100000000000000,2,0.260000000000000,0.330000000000000,4,0.320000000000000,0.330000000000000,4,-0.410000000000000,0.100000000000000,1,-1.050000000000000,0.340000000000000,1
120500050107,Town of Pleasant Hill-Running Water Draw,-0.600000000000000,0.050000000000000,1,-0.200000000000000,0.230000000000000,2,-0.160000000000000,0.220000000000000,3,0.070000000000000,0.170000000000000,4,-0.660000000000000,0.430000000000000,1
110901030101,Goodin Draw,-0.640000000000000,0.040000000000000,1,-0.020000000000000,0.270000000000000,3,0.000000000000000,0.250000000000000,3,-0.160000000000000,0.140000000000000,2,0.290000000000000,0.660000000000000,4
130600090503,Brady Ranch-Rio Felix,-0.020000000000000,0.130000000000000,3,0.010000000000000,0.270000000000000,3,0.070000000000000,0.270000000000000,4,0.380000000000000,0.220000000000000,5,-0.260000000000000,0.530000000000000,2
120500050108,Mustang Draw,-0.380000000000000,0.080000000000000,1,-0.080000000000000,0.250000000000000,3,-0.180000000000000,0.210000000000000,3,0.130000000000000,0.180000000000000,4,-0.580000000000000,0.450000000000000,1
130202070504,Dinosaur Rock,0.030000000000000,0.130000000000000,3,0.210000000000000,0.320000000000000,4,0.400000000000000,0.350000000000000,4,-0.100000000000000,0.150000000000000,3,-2.170000000000000,0.080000000000000,1
110400020201,Tesesquite Creek,-0.650000000000000,0.040000000000000,1,-0.790000000000000,0.100000000000000,1,-0.860000000000000,0.060000000000000,1,-0.170000000000000,0.140000000000000,2,0.000000000000000,0.000000000000000,1
120800030103,Wardswell Draw,-0.770000000000000,0.030000000000000,1,-1.030000000000000,0.040000000000000,1,-0.330000000000000,0.180000000000000,2,0.090000000000000,0.180000000000000,4,-0.180000000000000,0.550000000000000,2
120800030209,120800030209,-0.780000000000000,0.030000000000000,1,-1.130000000000000,0.020000000000000,1,-0.500000000000000,0.140000000000000,1,0.050000000000000,0.170000000000000,4,-0.210000000000000,0.540000000000000,2
110400020202,Upper Carrizo Creek,-0.380000000000000,0.080000000000000,1,-0.620000000000000,0.130000000000000,1,-0.820000000000000,0.070000000000000,1,0.060000000000000,0.170000000000000,4,0.000000000000000,0.000000000000000,1
130202071001,Apache Spring-Arroyo Colorado,0.010000000000000,0.130000000000000,3,0.280000000000000,0.340000000000000,4,-0.060000000000000,0.240000000000000,3,-0.220000000000000,0.130000000000000,2,0.080000000000000,0.610000000000000,3
130600111006,Hackberry Draw,1.120000000000000,0.280000000000000,5,0.220000000000000,0.320000000000000,4,-0.250000000000000,0.200000000000000,2,0.760000000000000,0.280000000000000,5,-0.430000000000000,0.490000000000000,1
130600110205,Scanlon Draw,0.900000000000000,0.250000000000000,5,-0.330000000000000,0.200000000000000,2,-0.080000000000000,0.240000000000000,3,0.910000000000000,0.300000000000000,5,-0.100000000000000,0.560000000000000,2
140801030608,Big Rincon,-0.360000000000000,0.080000000000000,2,0.280000000000000,0.330000000000000,4,0.590000000000000,0.390000000000000,5,-0.770000000000000,0.050000000000000,1,0.280000000000000,0.650000000000000,4
110901030104,Middle East Rita Blanca Creek,1.330000000000000,0.310000000000000,5,0.760000000000000,0.440000000000000,5,-0.100000000000000,0.230000000000000,3,0.790000000000000,0.280000000000000,5,0.000000000000000,0.000000000000000,1
130202080702,Simon Lake,0.610000000000000,0.210000000000000,5,-0.160000000000000,0.240000000000000,3,-0.330000000000000,0.180000000000000,2,0.560000000000000,0.250000000000000,5,0.450000000000000,0.690000000000000,5
110901030205,Junkyard Creek,1.290000000000000,0.300000000000000,5,0.930000000000000,0.480000000000000,5,0.190000000000000,0.300000000000000,4,0.790000000000000,0.280000000000000,5,0.260000000000000,0.650000000000000,4
130600111008,Lone Tree Draw-Pecos River,0.870000000000000,0.240000000000000,5,-0.040000000000000,0.260000000000000,3,0.250000000000000,0.310000000000000,4,0.950000000000000,0.310000000000000,5,-0.510000000000000,0.470000000000000,1
120800030306,120800030306,999.000000000000000,999.000000000000000,999,999.000000000000000,999.000000000000000,999,999.000000000000000,999.000000000000000,999,999.000000000000000,999.000000000000000,999,999.000000000000000,999.000000000000000,999
120800030405,Middle Seminole Draw,-0.400000000000000,0.080000000000000,1,-0.600000000000000,0.140000000000000,1,-0.570000000000000,0.130000000000000,1,0.210000000000000,0.190000000000000,4,-0.320000000000000,0.510000000000000,2
130202030306,Isleta Lakes-Rio Grande,2.010000000000000,0.390000000000000,5,-0.060000000000000,0.260000000000000,3,0.070000000000000,0.270000000000000,4,1.810000000000000,0.440000000000000,5,-1.370000000000000,0.270000000000000,1
111201010204,111201010204-Tierra Blanca Creek,-0.750000000000000,0.030000000000000,1,-0.160000000000000,0.240000000000000,3,0.040000000000000,0.260000000000000,3,0.000000000000000,0.160000000000000,3,0.000000000000000,0.000000000000000,1
111201010307,111201010307,-0.570000000000000,0.050000000000000,1,0.400000000000000,0.360000000000000,4,0.410000000000000,0.350000000000000,5,0.010000000000000,0.160000000000000,3,-0.410000000000000,0.490000000000000,1
130600020403,Leoncito Draw-Pintada Arroyo,-0.130000000000000,0.110000000000000,3,-0.160000000000000,0.240000000000000,3,-0.240000000000000,0.200000000000000,2,-0.200000000000000,0.130000000000000,2,-0.170000000000000,0.550000000000000,2
110901010204,Bull Spring-Minneosa Creek,999.000000000000000,999.000000000000000,999,999.000000000000000,999.000000000000000,999,999.000000000000000,999.000000000000000,999,999.000000000000000,999.000000000000000,999,999.000000000000000,999.000000000000000,999
120500010501,East Tank,-0.370000000000000,0.080000000000000,2,-0.590000000000000,0.140000000000000,1,-0.270000000000000,0.190000000000000,2,0.160000000000000,0.190000000000000,4,0.070000000000000,0.600000000000000,3
130202030705,Pascual Arroyo-Rio Grande,1.050000000000000,0.270000000000000,5,-0.350000000000000,0.190000000000000,2,-0.260000000000000,0.200000000000000,2,0.950000000000000,0.310000000000000,5,-0.430000000000000,0.490000000000000,1
130700070203,Wilson Camp,0.340000000000000,0.170000000000000,5,-0.090000000000000,0.250000000000000,3,-0.580000000000000,0.120000000000000,1,0.420000000000000,0.230000000000000,5,0.260000000000000,0.650000000000000,4
130202071003,Eddleman Spring-Arroyo Colorado,0.120000000000000,0.140000000000000,4,0.220000000000000,0.320000000000000,4,0.190000000000000,0.300000000000000,4,0.000000000000000,0.160000000000000,3,-1.450000000000000,0.250000000000000,1
110901030103,Upper East Rita Blanca Creek,-0.730000000000000,0.030000000000000,1,-0.660000000000000,0.130000000000000,1,-0.540000000000000,0.130000000000000,1,-0.030000000000000,0.160000000000000,3,0.240000000000000,0.640000000000000,4
120500010704,120500010704,-0.750000000000000,0.030000000000000,1,-1.070000000000000,0.030000000000000,1,-0.830000000000000,0.070000000000000,1,0.030000000000000,0.170000000000000,3,0.050000000000000,0.600000000000000,3
130700070204,Dry Lake,0.400000000000000,0.180000000000000,5,0.080000000000000,0.290000000000000,4,-0.220000000000000,0.200000000000000,2,0.450000000000000,0.230000000000000,5,0.280000000000000,0.650000000000000,4
120500010801,120500010801,-0.840000000000000,0.020000000000000,1,-1.000000000000000,0.050000000000000,1,-0.740000000000000,0.090000000000000,1,-0.080000000000000,0.150000000000000,3,0.090000000000000,0.610000000000000,3
130202031207,Outlet Tiffany Canyon,0.340000000000000,0.170000000000000,5,-0.330000000000000,0.200000000000000,2,-0.470000000000000,0.150000000000000,2,0.070000000000000,0.170000000000000,4,-0.340000000000000,0.510000000000000,2
130202031208,Town of San Marcial,0.150000000000000,0.150000000000000,4,-0.300000000000000,0.210000000000000,2,-0.460000000000000,0.150000000000000,2,0.130000000000000,0.180000000000000,4,-0.330000000000000,0.510000000000000,2
110901030105,Lower East Rita Blanca Creek,1.450000000000000,0.320000000000000,5,0.280000000000000,0.340000000000000,4,-0.640000000000000,0.110000000000000,1,0.860000000000000,0.290000000000000,5,0.000000000000000,0.000000000000000,1
130700070402,Woodley Flat,0.030000000000000,0.130000000000000,3,-0.750000000000000,0.110000000000000,1,-0.730000000000000,0.090000000000000,1,0.400000000000000,0.220000000000000,5,0.170000000000000,0.630000000000000,4
120500020201,Pleasure Lake,-0.760000000000000,0.030000000000000,1,-0.940000000000000,0.060000000000000,1,-0.660000000000000,0.100000000000000,1,0.060000000000000,0.170000000000000,4,-0.460000000000000,0.480000000000000,1
120500020202,Blackwater Draw,-0.710000000000000,0.030000000000000,1,-1.000000000000000,0.050000000000000,1,-0.860000000000000,0.060000000000000,1,0.100000000000000,0.180000000000000,4,-0.540000000000000,0.460000000000000,1
130202010305,San Cristobal Arroyo,-0.120000000000000,0.110000000000000,3,0.190000000000000,0.310000000000000,4,-0.020000000000000,0.250000000000000,3,-0.160000000000000,0.140000000000000,2,0.200000000000000,0.630000000000000,4
130202010306,San Cristobal Arroyo-Galisteo Creek,-0.050000000000000,0.120000000000000,3,0.630000000000000,0.410000000000000,5,0.500000000000000,0.370000000000000,5,-0.570000000000000,0.080000000000000,1,0.220000000000000,0.640000000000000,4
130202010307,Gaviso Arroyo,-0.070000000000000,0.120000000000000,3,2.390000000000000,0.810000000000000,5,2.320000000000000,0.780000000000000,5,-0.070000000000000,0.150000000000000,3,0.460000000000000,0.700000000000000,5
130202010308,Arroyo de La Jara,-0.010000000000000,0.130000000000000,3,0.400000000000000,0.360000000000000,4,0.170000000000000,0.290000000000000,4,-0.230000000000000,0.130000000000000,2,0.370000000000000,0.670000000000000,4
130202010309,Arroyo de La Jara-Galisteo Creek,-0.200000000000000,0.100000000000000,2,-0.160000000000000,0.240000000000000,3,-0.160000000000000,0.220000000000000,3,-0.250000000000000,0.130000000000000,2,0.140000000000000,0.620000000000000,3
130202010401,Arroyo Chorro,-0.200000000000000,0.100000000000000,2,1.160000000000000,0.530000000000000,5,1.090000000000000,0.500000000000000,5,-0.290000000000000,0.120000000000000,2,0.170000000000000,0.630000000000000,4
130202010402,Gallina Arroyo,-0.230000000000000,0.100000000000000,2,0.770000000000000,0.450000000000000,5,0.810000000000000,0.440000000000000,5,-0.170000000000000,0.140000000000000,2,0.350000000000000,0.670000000000000,4
130202010403,San Marcos Arroyo,-0.240000000000000,0.100000000000000,2,0.360000000000000,0.350000000000000,4,0.450000000000000,0.360000000000000,5,-0.280000000000000,0.120000000000000,2,0.310000000000000,0.660000000000000,4
130202010404,San Marcos Arroyo Galisteo Creek,-0.090000000000000,0.120000000000000,3,0.820000000000000,0.460000000000000,5,0.680000000000000,0.410000000000000,5,-0.340000000000000,0.110000000000000,2,0.070000000000000,0.600000000000000,3
130600011301,130600011301,0.110000000000000,0.140000000000000,4,0.010000000000000,0.270000000000000,3,-0.490000000000000,0.140000000000000,1,0.190000000000000,0.190000000000000,4,-0.090000000000000,0.570000000000000,2
130700070403,Double X Ranch,0.260000000000000,0.160000000000000,4,-0.610000000000000,0.140000000000000,1,-0.930000000000000,0.040000000000000,1,0.510000000000000,0.240000000000000,5,0.180000000000000,0.630000000000000,4
130700070404,Diamond and a Half Ranch,0.050000000000000,0.140000000000000,4,-0.700000000000000,0.120000000000000,1,-0.690000000000000,0.100000000000000,1,0.420000000000000,0.230000000000000,5,0.140000000000000,0.620000000000000,3
130600011102,Laguna del Tul,0.160000000000000,0.150000000000000,4,-0.080000000000000,0.250000000000000,3,-0.810000000000000,0.070000000000000,1,0.170000000000000,0.190000000000000,4,0.130000000000000,0.620000000000000,3
130600011106,Creek Pasture Tank,-0.240000000000000,0.100000000000000,2,-0.490000000000000,0.160000000000000,1,-0.890000000000000,0.050000000000000,1,0.170000000000000,0.190000000000000,4,-0.030000000000000,0.580000000000000,3
110901010405,110901010405-Trujillo Creek,1.530000000000000,0.330000000000000,5,0.000000000000000,0.270000000000000,3,-0.050000000000000,0.240000000000000,3,1.160000000000000,0.340000000000000,5,0.000000000000000,0.000000000000000,1
110901020404,110901020404,2.150000000000000,0.410000000000000,5,1.020000000000000,0.500000000000000,5,0.320000000000000,0.330000000000000,4,1.400000000000000,0.370000000000000,5,-0.030000000000000,0.580000000000000,3
120500020203,City of Texico,-0.740000000000000,0.030000000000000,1,-0.940000000000000,0.060000000000000,1,-0.610000000000000,0.120000000000000,1,0.120000000000000,0.180000000000000,4,-0.490000000000000,0.470000000000000,1
120500020302,120500020302,-0.740000000000000,0.030000000000000,1,-1.220000000000000,0.000000000000000,1,-1.000000000000000,0.030000000000000,1,0.040000000000000,0.170000000000000,4,-0.570000000000000,0.460000000000000,1
110901020303,Rock Hill,-0.330000000000000,0.080000000000000,2,-0.980000000000000,0.050000000000000,1,-1.070000000000000,0.010000000000000,1,0.230000000000000,0.200000000000000,4,0.010000000000000,0.590000000000000,3
130202070502,Ojo Canyon,-0.010000000000000,0.130000000000000,3,-0.050000000000000,0.260000000000000,3,-0.090000000000000,0.240000000000000,3,0.070000000000000,0.170000000000000,4,0.230000000000000,0.640000000000000,4
130700070509,Brunson Ranch,-0.480000000000000,0.070000000000000,1,-1.080000000000000,0.030000000000000,1,-0.990000000000000,0.030000000000000,1,0.140000000000000,0.180000000000000,4,0.150000000000000,0.620000000000000,4
130600011202,Arroyo Copita,-0.620000000000000,0.050000000000000,1,-0.500000000000000,0.160000000000000,1,-0.500000000000000,0.140000000000000,1,-0.160000000000000,0.140000000000000,2,-0.160000000000000,0.550000000000000,2
130202020303,Arroyo Alamo,-0.090000000000000,0.120000000000000,3,0.210000000000000,0.320000000000000,4,0.400000000000000,0.350000000000000,4,-0.300000000000000,0.120000000000000,2,-0.250000000000000,0.530000000000000,2
130600110801,Upper Last Chance Canyon,0.070000000000000,0.140000000000000,4,0.220000000000000,0.320000000000000,4,0.490000000000000,0.370000000000000,5,0.040000000000000,0.170000000000000,3,-1.410000000000000,0.260000000000000,1
120500050106,120500050106,-0.810000000000000,0.020000000000000,1,-0.750000000000000,0.110000000000000,1,-0.510000000000000,0.140000000000000,1,0.030000000000000,0.170000000000000,3,-0.680000000000000,0.430000000000000,1
111001010303,Outlet Rafael Creek,-0.490000000000000,0.060000000000000,1,-0.280000000000000,0.210000000000000,2,-0.560000000000000,0.130000000000000,1,-0.410000000000000,0.100000000000000,1,0.250000000000000,0.650000000000000,4
111201010101,111201010101,-0.460000000000000,0.070000000000000,1,-0.950000000000000,0.060000000000000,1,-0.810000000000000,0.070000000000000,1,0.170000000000000,0.190000000000000,4,-0.100000000000000,0.560000000000000,2
111201010102,111201010102,-0.680000000000000,0.040000000000000,1,-0.700000000000000,0.120000000000000,1,-0.530000000000000,0.130000000000000,1,0.010000000000000,0.160000000000000,3,-0.010000000000000,0.590000000000000,3
111201010103,111201010103,-0.270000000000000,0.090000000000000,2,-0.090000000000000,0.250000000000000,3,-0.370000000000000,0.170000000000000,2,0.140000000000000,0.180000000000000,4,-0.220000000000000,0.540000000000000,2
111201010302,Blanco Creek,-0.620000000000000,0.050000000000000,1,-0.840000000000000,0.080000000000000,1,-0.780000000000000,0.080000000000000,1,0.030000000000000,0.170000000000000,3,-0.190000000000000,0.540000000000000,2
111201010303,Blanco Creek-Frio Draw,-0.550000000000000,0.060000000000000,1,-0.830000000000000,0.090000000000000,1,-0.780000000000000,0.080000000000000,1,0.080000000000000,0.170000000000000,4,-0.200000000000000,0.540000000000000,2
130600080107,Lower Rio Ruidoso,0.070000000000000,0.140000000000000,4,0.760000000000000,0.440000000000000,5,1.330000000000000,0.560000000000000,5,-0.440000000000000,0.100000000000000,1,0.620000000000000,0.730000000000000,5
130600080201,Upper Rio Bonita,0.350000000000000,0.180000000000000,5,2.480000000000000,0.830000000000000,5,2.830000000000000,0.900000000000000,5,-0.540000000000000,0.080000000000000,1,0.650000000000000,0.740000000000000,5
130600080202,Magado Canyon,0.080000000000000,0.140000000000000,4,1.140000000000000,0.530000000000000,5,1.390000000000000,0.570000000000000,5,-0.320000000000000,0.110000000000000,2,0.790000000000000,0.770000000000000,5
130600080203,Headwaters Salado Creek,-0.040000000000000,0.120000000000000,3,0.800000000000000,0.450000000000000,5,1.050000000000000,0.490000000000000,5,-0.350000000000000,0.110000000000000,2,0.950000000000000,0.810000000000000,5
111201010106,Town of Hollene,-0.200000000000000,0.100000000000000,2,-0.250000000000000,0.220000000000000,2,-0.500000000000000,0.140000000000000,1,0.180000000000000,0.190000000000000,4,-0.350000000000000,0.510000000000000,2
111201010107,Town of Hollene-Tierra Blanca Creek,-0.670000000000000,0.040000000000000,1,-0.520000000000000,0.160000000000000,1,-0.410000000000000,0.160000000000000,2,0.030000000000000,0.170000000000000,3,-0.280000000000000,0.520000000000000,2
130600080106,Middle Rio Ruidoso,0.060000000000000,0.140000000000000,4,1.120000000000000,0.520000000000000,5,1.370000000000000,0.570000000000000,5,-0.510000000000000,0.090000000000000,1,0.760000000000000,0.770000000000000,5
130600070206,Smith Ranch,-0.380000000000000,0.080000000000000,1,-0.680000000000000,0.120000000000000,1,-0.360000000000000,0.170000000000000,2,0.210000000000000,0.190000000000000,4,-0.140000000000000,0.560000000000000,2
130600070207,Sand Lake,-0.210000000000000,0.100000000000000,2,-0.550000000000000,0.150000000000000,1,-0.330000000000000,0.180000000000000,2,0.300000000000000,0.210000000000000,4,-0.110000000000000,0.560000000000000,2
130600070208,White Tank,-0.430000000000000,0.070000000000000,1,-0.970000000000000,0.060000000000000,1,-1.000000000000000,0.030000000000000,1,0.170000000000000,0.190000000000000,4,-0.190000000000000,0.540000000000000,2
130600070209,Sterling Ranch,-0.480000000000000,0.060000000000000,1,-0.760000000000000,0.100000000000000,1,-0.710000000000000,0.090000000000000,1,0.160000000000000,0.190000000000000,4,-0.170000000000000,0.550000000000000,2
130600070210,Lloyds Canyon,-0.220000000000000,0.100000000000000,2,-0.990000000000000,0.050000000000000,1,-0.910000000000000,0.050000000000000,1,0.310000000000000,0.210000000000000,4,-0.180000000000000,0.550000000000000,2
130600070301,Graves Well,-0.720000000000000,0.030000000000000,1,-0.940000000000000,0.060000000000000,1,-0.420000000000000,0.160000000000000,2,0.030000000000000,0.170000000000000,3,0.070000000000000,0.600000000000000,3
130600070302,East Plains Tank,-0.730000000000000,0.030000000000000,1,-0.810000000000000,0.090000000000000,1,-0.480000000000000,0.150000000000000,1,0.020000000000000,0.160000000000000,3,0.100000000000000,0.610000000000000,3
130600070303,Sampson Well,-0.630000000000000,0.040000000000000,1,-0.720000000000000,0.110000000000000,1,-0.290000000000000,0.190000000000000,2,0.020000000000000,0.170000000000000,3,0.040000000000000,0.600000000000000,3
130600070304,Curlew Lake,-0.220000000000000,0.100000000000000,2,-0.640000000000000,0.130000000000000,1,-0.450000000000000,0.150000000000000,2,0.270000000000000,0.200000000000000,4,-0.040000000000000,0.580000000000000,3
130600070305,Red Lake,-0.060000000000000,0.120000000000000,3,-0.490000000000000,0.160000000000000,1,-0.320000000000000,0.180000000000000,2,0.420000000000000,0.230000000000000,5,-0.060000000000000,0.570000000000000,3
130600070306,Silman Lake,-0.180000000000000,0.110000000000000,2,-0.670000000000000,0.120000000000000,1,-0.560000000000000,0.130000000000000,1,0.340000000000000,0.210000000000000,5,-0.130000000000000,0.560000000000000,2
130600070401,Lost River,0.440000000000000,0.190000000000000,5,-0.570000000000000,0.140000000000000,1,-0.300000000000000,0.190000000000000,2,0.810000000000000,0.280000000000000,5,-0.380000000000000,0.500000000000000,1
130600070402,Bitter Lake,0.390000000000000,0.180000000000000,5,-0.340000000000000,0.200000000000000,2,0.050000000000000,0.270000000000000,4,0.670000000000000,0.260000000000000,5,-0.410000000000000,0.490000000000000,1
130600070403,Dallas Ranch,0.060000000000000,0.140000000000000,4,-0.400000000000000,0.180000000000000,2,-0.530000000000000,0.130000000000000,1,0.520000000000000,0.240000000000000,5,-0.130000000000000,0.560000000000000,2
130600070404,Rio Hondo-Pecos River,0.620000000000000,0.210000000000000,5,0.040000000000000,0.280000000000000,4,0.270000000000000,0.320000000000000,4,0.810000000000000,0.280000000000000,5,-0.290000000000000,0.520000000000000,2
130600070501,L-N Ranch,0.430000000000000,0.190000000000000,5,-0.250000000000000,0.220000000000000,2,-0.180000000000000,0.210000000000000,3,0.660000000000000,0.260000000000000,5,-0.110000000000000,0.560000000000000,2
130600070502,Comanche Draw,0.530000000000000,0.200000000000000,5,-0.320000000000000,0.200000000000000,2,-0.170000000000000,0.220000000000000,3,0.820000000000000,0.290000000000000,5,-0.160000000000000,0.550000000000000,2
130600070503,Comanche Draw-Pecos River,0.690000000000000,0.220000000000000,5,-0.080000000000000,0.250000000000000,3,0.170000000000000,0.290000000000000,4,0.910000000000000,0.300000000000000,5,-0.560000000000000,0.460000000000000,1
130600070504,Town of Midway-Pecos River,-0.120000000000000,0.110000000000000,3,0.060000000000000,0.290000000000000,4,0.540000000000000,0.380000000000000,5,0.500000000000000,0.240000000000000,5,-0.560000000000000,0.460000000000000,1
130600070505,Juan Lake,-0.370000000000000,0.080000000000000,2,-0.250000000000000,0.220000000000000,2,0.210000000000000,0.300000000000000,4,0.330000000000000,0.210000000000000,5,-0.360000000000000,0.500000000000000,2
130600070506,Thirteenmile Draw,-0.040000000000000,0.120000000000000,3,-0.280000000000000,0.210000000000000,2,-0.060000000000000,0.240000000000000,3,0.430000000000000,0.230000000000000,5,-0.330000000000000,0.510000000000000,2
130600070507,Thirteenmile Draw-Pecos River,0.460000000000000,0.190000000000000,5,-0.180000000000000,0.230000000000000,3,0.160000000000000,0.290000000000000,4,0.790000000000000,0.280000000000000,5,-0.460000000000000,0.480000000000000,1
130600070602,Zubi Draw,-0.650000000000000,0.040000000000000,1,-0.510000000000000,0.160000000000000,1,0.060000000000000,0.270000000000000,4,0.040000000000000,0.170000000000000,3,-0.260000000000000,0.530000000000000,2
130600070603,Town of Greenfield,-0.540000000000000,0.060000000000000,1,-0.370000000000000,0.190000000000000,2,0.240000000000000,0.310000000000000,4,0.220000000000000,0.200000000000000,4,-0.370000000000000,0.500000000000000,1
130600070604,Lake Van-Pecos River,0.270000000000000,0.160000000000000,4,-0.600000000000000,0.140000000000000,1,-0.020000000000000,0.250000000000000,3,0.730000000000000,0.270000000000000,5,-0.520000000000000,0.470000000000000,1
130600070701,East Sand Tank,-0.650000000000000,0.040000000000000,1,-0.860000000000000,0.080000000000000,1,-0.360000000000000,0.170000000000000,2,-0.020000000000000,0.160000000000000,3,0.040000000000000,0.600000000000000,3
130600070702,Crowley Sand Well,-0.680000000000000,0.040000000000000,1,-0.750000000000000,0.110000000000000,1,-0.450000000000000,0.150000000000000,2,-0.050000000000000,0.150000000000000,3,0.100000000000000,0.610000000000000,3
130600070703,Westfall Tanks,-0.550000000000000,0.060000000000000,1,-0.730000000000000,0.110000000000000,1,-0.390000000000000,0.170000000000000,2,0.150000000000000,0.190000000000000,4,-0.010000000000000,0.590000000000000,3
130600070801,Culp Ranch,-0.540000000000000,0.060000000000000,1,-0.570000000000000,0.140000000000000,1,-0.330000000000000,0.180000000000000,2,-0.040000000000000,0.160000000000000,3,0.070000000000000,0.610000000000000,3
130600070802,Graham Springs,-0.380000000000000,0.080000000000000,2,-0.580000000000000,0.140000000000000,1,-0.230000000000000,0.200000000000000,2,0.010000000000000,0.160000000000000,3,0.060000000000000,0.600000000000000,3
130600070803,Mescalero Springs,-0.310000000000000,0.090000000000000,2,-0.670000000000000,0.120000000000000,1,-0.460000000000000,0.150000000000000,2,0.170000000000000,0.190000000000000,4,0.050000000000000,0.600000000000000,3
130600070901,Brooks Tank,-0.340000000000000,0.080000000000000,2,-0.340000000000000,0.200000000000000,2,-0.190000000000000,0.210000000000000,3,0.050000000000000,0.170000000000000,4,0.250000000000000,0.650000000000000,4
130600070902,Vest Camp,-0.050000000000000,0.120000000000000,3,-0.270000000000000,0.210000000000000,2,-0.250000000000000,0.200000000000000,2,0.190000000000000,0.190000000000000,4,0.210000000000000,0.640000000000000,4
130600070903,Little Lucky Tank,-0.230000000000000,0.100000000000000,2,-0.300000000000000,0.200000000000000,2,-0.290000000000000,0.190000000000000,2,0.220000000000000,0.200000000000000,4,0.250000000000000,0.650000000000000,4
130600070904,Horse Camp Wells,-0.190000000000000,0.100000000000000,2,-0.520000000000000,0.160000000000000,1,-0.550000000000000,0.130000000000000,1,0.200000000000000,0.190000000000000,4,0.180000000000000,0.630000000000000,4
130600070905,King Camp,0.040000000000000,0.130000000000000,4,-0.170000000000000,0.230000000000000,3,-0.360000000000000,0.170000000000000,2,0.350000000000000,0.210000000000000,5,0.140000000000000,0.620000000000000,3
130600070906,Ishee Lake,0.020000000000000,0.130000000000000,3,-0.320000000000000,0.200000000000000,2,-0.380000000000000,0.170000000000000,2,0.210000000000000,0.190000000000000,4,0.060000000000000,0.600000000000000,3
130600070907,130600070907,0.240000000000000,0.160000000000000,4,-0.410000000000000,0.180000000000000,2,-0.700000000000000,0.090000000000000,1,0.510000000000000,0.240000000000000,5,0.050000000000000,0.600000000000000,3
130600070908,Anchor D Ranch,0.230000000000000,0.160000000000000,4,-0.370000000000000,0.190000000000000,2,-0.580000000000000,0.120000000000000,1,0.520000000000000,0.240000000000000,5,0.050000000000000,0.600000000000000,3
130600071001,Presler Lake,-0.620000000000000,0.050000000000000,1,-0.920000000000000,0.070000000000000,1,-0.520000000000000,0.140000000000000,1,0.080000000000000,0.170000000000000,4,-0.030000000000000,0.580000000000000,3
130600071002,Adobe Lake-Long Arroyo,-0.270000000000000,0.090000000000000,2,-0.640000000000000,0.130000000000000,1,-0.430000000000000,0.160000000000000,2,0.300000000000000,0.210000000000000,4,-0.070000000000000,0.570000000000000,3
130600071004,Armstrong Basin,-0.370000000000000,0.080000000000000,2,-0.490000000000000,0.160000000000000,1,-0.260000000000000,0.190000000000000,2,0.180000000000000,0.190000000000000,4,0.050000000000000,0.600000000000000,3
120800040305,120800040305,-0.780000000000000,0.020000000000000,1,-0.980000000000000,0.050000000000000,1,-0.400000000000000,0.160000000000000,2,0.060000000000000,0.170000000000000,4,-0.080000000000000,0.570000000000000,3
120800040502,120800040407,-0.740000000000000,0.030000000000000,1,-0.400000000000000,0.180000000000000,2,0.080000000000000,0.270000000000000,4,0.080000000000000,0.170000000000000,4,-0.170000000000000,0.550000000000000,2
130600071005,East Fork of Long Arroyo-Long Arroyo,-0.200000000000000,0.100000000000000,2,-0.770000000000000,0.100000000000000,1,-0.510000000000000,0.140000000000000,1,0.350000000000000,0.210000000000000,5,-0.050000000000000,0.580000000000000,3
130600071006,Loco Draw,-0.130000000000000,0.110000000000000,3,0.040000000000000,0.280000000000000,3,0.100000000000000,0.280000000000000,4,0.280000000000000,0.210000000000000,4,0.030000000000000,0.600000000000000,3
130600071007,Loco Draw-Long Arroyo,0.330000000000000,0.170000000000000,5,0.430000000000000,0.370000000000000,5,0.100000000000000,0.280000000000000,4,0.600000000000000,0.250000000000000,5,0.020000000000000,0.590000000000000,3
130600071008,Connor Well,0.310000000000000,0.170000000000000,5,-0.190000000000000,0.230000000000000,2,-0.350000000000000,0.170000000000000,2,0.470000000000000,0.230000000000000,5,0.080000000000000,0.610000000000000,3
130600071009,North Morris Tank-Long Arroyo,1.010000000000000,0.260000000000000,5,-0.050000000000000,0.260000000000000,3,-0.450000000000000,0.150000000000000,2,0.860000000000000,0.290000000000000,5,-0.060000000000000,0.570000000000000,3
130600071101,Headwaters North Cottonwood Creek,0.150000000000000,0.150000000000000,4,0.050000000000000,0.280000000000000,4,-0.050000000000000,0.240000000000000,3,-0.070000000000000,0.150000000000000,3,-0.160000000000000,0.550000000000000,2
130600071102,South Cottonwood Creek,-0.360000000000000,0.080000000000000,2,-0.200000000000000,0.230000000000000,2,0.040000000000000,0.260000000000000,3,0.060000000000000,0.170000000000000,4,-0.190000000000000,0.540000000000000,2
130600071103,Outlet North Cottonwood Creek,-0.150000000000000,0.110000000000000,2,-0.340000000000000,0.200000000000000,2,-0.150000000000000,0.220000000000000,3,0.180000000000000,0.190000000000000,4,-0.200000000000000,0.540000000000000,2
130600071104,Headwaters Cottonwood Creek,-0.110000000000000,0.110000000000000,3,-0.110000000000000,0.250000000000000,3,0.120000000000000,0.280000000000000,4,0.410000000000000,0.220000000000000,5,-0.300000000000000,0.520000000000000,2
130600071105,Outlet Cottonwood Creek,0.060000000000000,0.140000000000000,4,-0.390000000000000,0.190000000000000,2,0.030000000000000,0.260000000000000,3,0.550000000000000,0.250000000000000,5,-0.200000000000000,0.540000000000000,2
130600071201,Thimble Canyon-Eagle Creek,-0.050000000000000,0.120000000000000,3,0.240000000000000,0.330000000000000,4,0.180000000000000,0.300000000000000,4,-0.200000000000000,0.130000000000000,2,0.420000000000000,0.690000000000000,5
130600071202,Singer Lake Draw-Eagle Creek,0.070000000000000,0.140000000000000,4,0.070000000000000,0.290000000000000,4,-0.190000000000000,0.210000000000000,3,-0.070000000000000,0.150000000000000,3,0.060000000000000,0.600000000000000,3
130600071203,Hackberry Draw-Eagle Creek,-0.170000000000000,0.110000000000000,2,-0.300000000000000,0.210000000000000,2,-0.060000000000000,0.240000000000000,3,0.120000000000000,0.180000000000000,4,-0.190000000000000,0.550000000000000,2
130600071204,City of Artesia-Eagle Creek,-0.470000000000000,0.070000000000000,1,-0.610000000000000,0.140000000000000,1,0.050000000000000,0.270000000000000,4,0.190000000000000,0.190000000000000,4,-0.110000000000000,0.560000000000000,2
130600071301,Cockle Burr Lake,0.530000000000000,0.200000000000000,5,-0.390000000000000,0.190000000000000,2,-0.370000000000000,0.170000000000000,2,0.600000000000000,0.250000000000000,5,-0.050000000000000,0.580000000000000,3
130600071302,King Ranch,0.770000000000000,0.230000000000000,5,-0.230000000000000,0.220000000000000,2,-0.350000000000000,0.170000000000000,2,0.870000000000000,0.290000000000000,5,-0.100000000000000,0.570000000000000,2
130600071303,Long Arroyo-Pecos River,0.980000000000000,0.260000000000000,5,-0.190000000000000,0.230000000000000,2,0.140000000000000,0.290000000000000,4,1.170000000000000,0.340000000000000,5,-0.290000000000000,0.520000000000000,2
130600071304,Buffalo Lake,0.860000000000000,0.240000000000000,5,0.030000000000000,0.280000000000000,3,-0.240000000000000,0.200000000000000,2,0.870000000000000,0.290000000000000,5,-0.010000000000000,0.590000000000000,3
130600071305,Buffalo Lake-Pecos River,0.880000000000000,0.240000000000000,5,-0.280000000000000,0.210000000000000,2,-0.240000000000000,0.200000000000000,2,0.940000000000000,0.300000000000000,5,-0.060000000000000,0.580000000000000,3
130600071306,Headwaters Walnut Draw,-0.130000000000000,0.110000000000000,3,-0.370000000000000,0.190000000000000,2,-0.230000000000000,0.200000000000000,2,0.140000000000000,0.180000000000000,4,-0.190000000000000,0.540000000000000,2
130600071308,Outlet Walnut Draw,0.240000000000000,0.160000000000000,4,-0.330000000000000,0.200000000000000,2,-0.020000000000000,0.250000000000000,3,0.600000000000000,0.250000000000000,5,-0.270000000000000,0.530000000000000,2
130600071309,Cottonwood Creek-Pecos River,0.660000000000000,0.220000000000000,5,-0.410000000000000,0.180000000000000,2,0.140000000000000,0.290000000000000,4,0.940000000000000,0.300000000000000,5,-0.180000000000000,0.550000000000000,2
130600071310,Eagle Creek-Pecos River,0.290000000000000,0.170000000000000,4,-0.550000000000000,0.150000000000000,1,-0.110000000000000,0.230000000000000,3,0.630000000000000,0.260000000000000,5,-0.060000000000000,0.570000000000000,3
130600071401,Log Canyon Draw,0.750000000000000,0.230000000000000,5,0.080000000000000,0.290000000000000,4,-0.480000000000000,0.140000000000000,1,0.620000000000000,0.260000000000000,5,0.030000000000000,0.590000000000000,3
130600071402,Hart Canyon,0.540000000000000,0.200000000000000,5,0.120000000000000,0.300000000000000,4,-0.100000000000000,0.230000000000000,3,0.480000000000000,0.230000000000000,5,0.060000000000000,0.600000000000000,3
130600071403,Logan Draw-Pecos River,1.000000000000000,0.260000000000000,5,0.180000000000000,0.310000000000000,4,0.240000000000000,0.310000000000000,4,0.930000000000000,0.300000000000000,5,-0.010000000000000,0.590000000000000,3
130600071404,Tumbleweed Draw,-0.130000000000000,0.110000000000000,3,-0.360000000000000,0.190000000000000,2,-0.080000000000000,0.240000000000000,3,0.370000000000000,0.220000000000000,5,-0.080000000000000,0.570000000000000,3
130600071405,Rio Penasco-Pecos River,0.320000000000000,0.170000000000000,5,-0.200000000000000,0.230000000000000,2,0.100000000000000,0.280000000000000,4,0.670000000000000,0.260000000000000,5,-0.160000000000000,0.550000000000000,2
130600080101,Carrizo Creek,0.330000000000000,0.170000000000000,5,1.120000000000000,0.520000000000000,5,1.080000000000000,0.500000000000000,5,-0.440000000000000,0.100000000000000,1,0.650000000000000,0.740000000000000,5
130600080102,Cherokee Bill Canyon,0.160000000000000,0.150000000000000,4,1.330000000000000,0.570000000000000,5,1.180000000000000,0.520000000000000,5,-0.460000000000000,0.090000000000000,1,0.750000000000000,0.760000000000000,5
130600080103,Upper Rio Ruidoso,0.270000000000000,0.160000000000000,4,1.280000000000000,0.560000000000000,5,1.500000000000000,0.600000000000000,5,-0.470000000000000,0.090000000000000,1,0.590000000000000,0.730000000000000,5
130600080104,Water Hole Canyon,0.190000000000000,0.150000000000000,4,0.650000000000000,0.420000000000000,5,0.630000000000000,0.400000000000000,5,-0.390000000000000,0.100000000000000,1,0.870000000000000,0.790000000000000,5
130600080105,Devils Canyon,0.460000000000000,0.190000000000000,5,1.170000000000000,0.540000000000000,5,1.260000000000000,0.540000000000000,5,-0.220000000000000,0.130000000000000,2,0.760000000000000,0.770000000000000,5
130202100306,Apodaca Well,-0.100000000000000,0.120000000000000,3,-0.810000000000000,0.090000000000000,1,-0.480000000000000,0.140000000000000,1,0.390000000000000,0.220000000000000,5,-0.300000000000000,0.520000000000000,2
130202100401,Baber Well,-0.070000000000000,0.120000000000000,3,-0.570000000000000,0.140000000000000,1,-0.410000000000000,0.160000000000000,2,0.200000000000000,0.190000000000000,4,-0.340000000000000,0.510000000000000,2
130202100402,Trail Canyon Well,-0.150000000000000,0.110000000000000,2,-0.740000000000000,0.110000000000000,1,-0.580000000000000,0.120000000000000,1,0.220000000000000,0.200000000000000,4,-0.400000000000000,0.490000000000000,1
130202100403,North Canyon,0.240000000000000,0.160000000000000,4,-0.230000000000000,0.220000000000000,2,-0.300000000000000,0.190000000000000,2,0.230000000000000,0.200000000000000,4,-0.250000000000000,0.530000000000000,2
130202100404,Trail Canyon,0.360000000000000,0.180000000000000,5,-0.070000000000000,0.260000000000000,3,-0.100000000000000,0.230000000000000,3,0.210000000000000,0.190000000000000,4,-0.290000000000000,0.520000000000000,2
130202100501,Malpais Well,-0.050000000000000,0.120000000000000,3,-0.230000000000000,0.220000000000000,2,-0.470000000000000,0.150000000000000,2,0.120000000000000,0.180000000000000,4,-0.360000000000000,0.500000000000000,1
130202100502,Gyp Spring,-0.060000000000000,0.120000000000000,3,0.150000000000000,0.310000000000000,4,0.040000000000000,0.260000000000000,3,-0.130000000000000,0.140000000000000,3,-0.320000000000000,0.510000000000000,2
130700020308,Outlet Owl Draw,0.310000000000000,0.170000000000000,5,-0.450000000000000,0.170000000000000,1,-0.630000000000000,0.110000000000000,1,0.480000000000000,0.230000000000000,5,-0.580000000000000,0.450000000000000,1
130700070508,130700070508,-0.360000000000000,0.080000000000000,2,-0.670000000000000,0.120000000000000,1,-0.820000000000000,0.070000000000000,1,0.090000000000000,0.180000000000000,4,-0.030000000000000,0.580000000000000,3
130202100504,Fite Well,-0.040000000000000,0.120000000000000,3,-0.580000000000000,0.140000000000000,1,-0.530000000000000,0.130000000000000,1,0.440000000000000,0.230000000000000,5,-0.360000000000000,0.500000000000000,1
130202100505,Cain Well,-0.030000000000000,0.120000000000000,3,-0.500000000000000,0.160000000000000,1,-0.590000000000000,0.120000000000000,1,0.270000000000000,0.200000000000000,4,-0.380000000000000,0.500000000000000,1
130202100506,Hard Luck Well,-0.030000000000000,0.130000000000000,3,-0.600000000000000,0.140000000000000,1,-0.430000000000000,0.160000000000000,2,0.450000000000000,0.230000000000000,5,-0.480000000000000,0.480000000000000,1
130202100507,Baca Well,-0.230000000000000,0.100000000000000,2,-0.110000000000000,0.250000000000000,3,-0.190000000000000,0.210000000000000,3,0.090000000000000,0.180000000000000,4,-0.370000000000000,0.500000000000000,1
120800040801,Kelly Windmill,0.190000000000000,0.150000000000000,4,-0.500000000000000,0.160000000000000,1,-1.040000000000000,0.020000000000000,1,0.270000000000000,0.200000000000000,4,0.070000000000000,0.600000000000000,3
130600111101,Big Canyon,0.250000000000000,0.160000000000000,4,1.290000000000000,0.560000000000000,5,2.260000000000000,0.770000000000000,5,-0.380000000000000,0.110000000000000,1,-2.340000000000000,0.040000000000000,1
130600111102,Big Canyon-McKittrick Canyon,0.560000000000000,0.200000000000000,5,1.450000000000000,0.600000000000000,5,3.080000000000000,0.960000000000000,5,-0.280000000000000,0.120000000000000,2,-2.060000000000000,0.110000000000000,1
130600111103,McKittrick Canyon,0.320000000000000,0.170000000000000,5,0.060000000000000,0.290000000000000,4,-0.260000000000000,0.200000000000000,2,0.140000000000000,0.180000000000000,4,-1.580000000000000,0.220000000000000,1
130600111301,Ben Slaughter Draw-Hay Hollow,0.540000000000000,0.200000000000000,5,0.110000000000000,0.300000000000000,4,0.070000000000000,0.270000000000000,4,0.400000000000000,0.220000000000000,5,-0.900000000000000,0.380000000000000,1
120800060103,Sulphur Springs Draw,-0.680000000000000,0.040000000000000,1,-1.080000000000000,0.030000000000000,1,-0.620000000000000,0.110000000000000,1,0.040000000000000,0.170000000000000,3,0.050000000000000,0.600000000000000,3
130700010102,130700010102,0.160000000000000,0.150000000000000,4,-0.800000000000000,0.090000000000000,1,-0.410000000000000,0.160000000000000,2,0.550000000000000,0.240000000000000,5,-0.410000000000000,0.490000000000000,1
130700010104,Tucker Draw,-0.140000000000000,0.110000000000000,3,-0.770000000000000,0.100000000000000,1,-0.590000000000000,0.120000000000000,1,0.340000000000000,0.210000000000000,5,-0.220000000000000,0.540000000000000,2
130700010105,130700010105,-0.200000000000000,0.100000000000000,2,-0.870000000000000,0.080000000000000,1,-0.670000000000000,0.100000000000000,1,0.300000000000000,0.210000000000000,4,-0.220000000000000,0.540000000000000,2
130700010106,Red Bluff Reservoir,0.170000000000000,0.150000000000000,4,-0.610000000000000,0.140000000000000,1,-0.510000000000000,0.140000000000000,1,0.430000000000000,0.230000000000000,5,-0.360000000000000,0.500000000000000,2
130700010401,Arroyo Bonito-Pecos River,999.000000000000000,999.000000000000000,999,999.000000000000000,999.000000000000000,999,999.000000000000000,999.000000000000000,999,999.000000000000000,999.000000000000000,999,999.000000000000000,999.000000000000000,999
130700010503,Red Hills Draw,-0.140000000000000,0.110000000000000,3,-0.880000000000000,0.080000000000000,1,-0.950000000000000,0.040000000000000,1,0.360000000000000,0.220000000000000,5,0.050000000000000,0.600000000000000,3
130700010504,Saludo Draw,0.310000000000000,0.170000000000000,5,-0.270000000000000,0.210000000000000,2,-0.610000000000000,0.120000000000000,1,0.570000000000000,0.250000000000000,5,0.020000000000000,0.590000000000000,3
130700010505,North Well,0.320000000000000,0.170000000000000,5,-0.300000000000000,0.210000000000000,2,-0.390000000000000,0.170000000000000,2,0.630000000000000,0.260000000000000,5,-0.120000000000000,0.560000000000000,2
130700070206,Town of Maypens-Monument Draw,0.510000000000000,0.200000000000000,5,-0.010000000000000,0.270000000000000,3,-0.100000000000000,0.230000000000000,3,0.550000000000000,0.240000000000000,5,0.120000000000000,0.620000000000000,3
130700070209,Dollar Hide Oil Field-Monument Draw,0.080000000000000,0.140000000000000,4,-0.430000000000000,0.180000000000000,2,-0.400000000000000,0.160000000000000,2,0.330000000000000,0.210000000000000,5,0.160000000000000,0.630000000000000,4
130700070406,Andrew's Place,0.190000000000000,0.150000000000000,4,-0.390000000000000,0.190000000000000,2,-0.780000000000000,0.080000000000000,1,0.410000000000000,0.220000000000000,5,0.090000000000000,0.610000000000000,3
130700070507,Outlet Antelope Draw,0.030000000000000,0.130000000000000,3,-0.570000000000000,0.150000000000000,1,-0.680000000000000,0.100000000000000,1,0.330000000000000,0.210000000000000,5,0.120000000000000,0.620000000000000,3
130600080204,Gyp Spring Canyon,-0.270000000000000,0.090000000000000,2,0.230000000000000,0.320000000000000,4,0.520000000000000,0.370000000000000,5,-0.360000000000000,0.110000000000000,2,1.030000000000000,0.830000000000000,5
130600080205,Outlet Salado Creek,-0.270000000000000,0.090000000000000,2,0.320000000000000,0.340000000000000,4,0.690000000000000,0.410000000000000,5,-0.410000000000000,0.100000000000000,1,1.050000000000000,0.830000000000000,5
130600080206,Salazar Canyon,-0.420000000000000,0.070000000000000,1,0.340000000000000,0.350000000000000,4,0.910000000000000,0.460000000000000,5,-0.590000000000000,0.070000000000000,1,0.980000000000000,0.820000000000000,5
130600080207,Middle Rio Bonita,-0.060000000000000,0.120000000000000,3,1.130000000000000,0.520000000000000,5,1.410000000000000,0.580000000000000,5,-0.450000000000000,0.090000000000000,1,0.920000000000000,0.800000000000000,5
130600080208,Lower Rio Bonita,0.060000000000000,0.140000000000000,4,0.700000000000000,0.430000000000000,5,1.280000000000000,0.550000000000000,5,-0.450000000000000,0.090000000000000,1,0.760000000000000,0.770000000000000,5
130600080301,Maverick Canyon,-0.050000000000000,0.120000000000000,3,0.470000000000000,0.380000000000000,5,0.620000000000000,0.400000000000000,5,-0.210000000000000,0.130000000000000,2,0.940000000000000,0.810000000000000,5
130600080302,Headwaters Casey Canyon,0.060000000000000,0.140000000000000,4,0.240000000000000,0.330000000000000,4,0.490000000000000,0.370000000000000,5,0.040000000000000,0.170000000000000,3,0.970000000000000,0.810000000000000,5
130600080303,Outlet Casey Canyon,-0.070000000000000,0.120000000000000,3,0.160000000000000,0.310000000000000,4,0.460000000000000,0.360000000000000,5,-0.260000000000000,0.120000000000000,2,0.540000000000000,0.710000000000000,5
130600080401,Chavez Canyon,-0.230000000000000,0.100000000000000,2,0.180000000000000,0.310000000000000,4,0.660000000000000,0.400000000000000,5,-0.370000000000000,0.110000000000000,2,0.690000000000000,0.750000000000000,5
130600080402,Alamo Canyon,0.060000000000000,0.140000000000000,4,0.540000000000000,0.390000000000000,5,0.740000000000000,0.420000000000000,5,-0.290000000000000,0.120000000000000,2,0.770000000000000,0.770000000000000,5
130600080403,Casey Canyon-Rio Hondo,-0.050000000000000,0.120000000000000,3,0.480000000000000,0.380000000000000,5,0.780000000000000,0.430000000000000,5,-0.440000000000000,0.100000000000000,1,0.180000000000000,0.630000000000000,4
130600080404,Bonney Canyon,0.040000000000000,0.130000000000000,4,0.580000000000000,0.400000000000000,5,0.780000000000000,0.430000000000000,5,-0.380000000000000,0.110000000000000,1,0.250000000000000,0.650000000000000,4
130600080405,Bonney Canyon-Rio Hondo,0.040000000000000,0.130000000000000,3,0.740000000000000,0.440000000000000,5,1.090000000000000,0.500000000000000,5,-0.480000000000000,0.090000000000000,1,0.070000000000000,0.600000000000000,3
130600080501,Escondido Canyon,-0.090000000000000,0.120000000000000,3,0.420000000000000,0.370000000000000,5,0.920000000000000,0.470000000000000,5,-0.410000000000000,0.100000000000000,1,0.610000000000000,0.730000000000000,5
130600080502,Agua Chiquito Creek-Blackwater Canyon,0.040000000000000,0.130000000000000,4,0.430000000000000,0.370000000000000,5,0.790000000000000,0.440000000000000,5,-0.410000000000000,0.100000000000000,1,0.160000000000000,0.630000000000000,4
130600080503,Deadman Canyon,0.020000000000000,0.130000000000000,3,0.510000000000000,0.390000000000000,5,0.480000000000000,0.360000000000000,5,-0.270000000000000,0.120000000000000,2,0.160000000000000,0.630000000000000,4
130202100508,Cottonwood Canyon,0.120000000000000,0.140000000000000,4,0.230000000000000,0.320000000000000,4,0.040000000000000,0.260000000000000,3,-0.170000000000000,0.140000000000000,2,-0.220000000000000,0.540000000000000,2
130202100601,Old Well,-0.240000000000000,0.100000000000000,2,-0.120000000000000,0.250000000000000,3,-0.140000000000000,0.220000000000000,3,0.070000000000000,0.170000000000000,4,-0.290000000000000,0.520000000000000,2
130202100602,Lewis Well,0.250000000000000,0.160000000000000,4,0.040000000000000,0.280000000000000,3,-0.200000000000000,0.210000000000000,3,0.140000000000000,0.180000000000000,4,-0.330000000000000,0.510000000000000,2
130202100604,Granjean Well,-0.070000000000000,0.120000000000000,3,-0.600000000000000,0.140000000000000,1,-0.400000000000000,0.160000000000000,2,0.400000000000000,0.220000000000000,5,-0.370000000000000,0.500000000000000,1
130202100605,Thompson Well,-0.010000000000000,0.130000000000000,3,-0.690000000000000,0.120000000000000,1,-0.470000000000000,0.150000000000000,2,0.480000000000000,0.230000000000000,5,-0.430000000000000,0.490000000000000,1
120800060206,Walking Cane Ranch,-0.790000000000000,0.020000000000000,1,-0.910000000000000,0.070000000000000,1,-0.130000000000000,0.230000000000000,3,0.030000000000000,0.170000000000000,3,-0.090000000000000,0.570000000000000,2
130202100606,Bruton Well,0.010000000000000,0.130000000000000,3,-0.900000000000000,0.070000000000000,1,-0.540000000000000,0.130000000000000,1,0.520000000000000,0.240000000000000,5,-0.440000000000000,0.490000000000000,1
130202100607,Hoffman Spring,0.180000000000000,0.150000000000000,4,-0.260000000000000,0.210000000000000,2,-0.250000000000000,0.200000000000000,2,0.370000000000000,0.220000000000000,5,-0.370000000000000,0.500000000000000,1
130202110101,Headwaters East Red Canyon,0.400000000000000,0.180000000000000,5,1.360000000000000,0.580000000000000,5,1.730000000000000,0.650000000000000,5,-0.390000000000000,0.100000000000000,1,0.080000000000000,0.610000000000000,3
130202110102,Outlet East Red Canyon,0.000000000000000,0.130000000000000,3,0.350000000000000,0.350000000000000,4,0.410000000000000,0.350000000000000,5,-0.300000000000000,0.120000000000000,2,-0.080000000000000,0.570000000000000,3
130202110201,Rock Springs-Milligan Gulch,0.090000000000000,0.140000000000000,4,0.150000000000000,0.310000000000000,4,-0.160000000000000,0.220000000000000,3,-0.060000000000000,0.150000000000000,3,0.190000000000000,0.630000000000000,4
130202110202,Mill Canyon-Milligan Gulch,-0.030000000000000,0.120000000000000,3,0.190000000000000,0.320000000000000,4,-0.040000000000000,0.250000000000000,3,-0.350000000000000,0.110000000000000,2,0.150000000000000,0.620000000000000,4
130600080504,Deadman Canyon-Blackwater Canyon,0.150000000000000,0.150000000000000,4,0.590000000000000,0.400000000000000,5,0.360000000000000,0.340000000000000,4,-0.270000000000000,0.120000000000000,2,-0.050000000000000,0.580000000000000,3
130600080601,Big Draw,0.140000000000000,0.150000000000000,4,0.430000000000000,0.370000000000000,5,0.260000000000000,0.310000000000000,4,-0.170000000000000,0.140000000000000,2,0.070000000000000,0.600000000000000,3
130600080602,Tecolote Canyon,0.160000000000000,0.150000000000000,4,0.220000000000000,0.320000000000000,4,-0.020000000000000,0.250000000000000,3,-0.030000000000000,0.160000000000000,3,0.030000000000000,0.600000000000000,3
130600080603,Mennecke Lake,-0.050000000000000,0.120000000000000,3,0.090000000000000,0.290000000000000,4,0.300000000000000,0.320000000000000,4,0.340000000000000,0.210000000000000,5,-0.210000000000000,0.540000000000000,2
130600080604,California Draw,-0.120000000000000,0.110000000000000,3,-0.170000000000000,0.240000000000000,3,-0.120000000000000,0.230000000000000,3,0.030000000000000,0.170000000000000,3,-0.180000000000000,0.550000000000000,2
130600080605,California Draw-Blackwater Canyon,-0.150000000000000,0.110000000000000,2,-0.370000000000000,0.190000000000000,2,-0.180000000000000,0.210000000000000,3,0.150000000000000,0.190000000000000,4,-0.200000000000000,0.540000000000000,2
130202110203,Alameda Spring-Milligan Gulch,-0.240000000000000,0.100000000000000,2,-0.120000000000000,0.250000000000000,3,-0.180000000000000,0.210000000000000,3,-0.500000000000000,0.090000000000000,1,0.040000000000000,0.600000000000000,3
130202110204,Big Rosa Canyon,0.380000000000000,0.180000000000000,5,1.100000000000000,0.520000000000000,5,1.140000000000000,0.520000000000000,5,-0.420000000000000,0.100000000000000,1,0.190000000000000,0.630000000000000,4
130202110205,Big Rosa Canyon-Milligan Gulch,-0.210000000000000,0.100000000000000,2,0.010000000000000,0.270000000000000,3,-0.020000000000000,0.250000000000000,3,-0.420000000000000,0.100000000000000,1,0.000000000000000,0.590000000000000,3
130202110206,Puertecito Arroyo,-0.220000000000000,0.100000000000000,2,0.040000000000000,0.280000000000000,3,0.180000000000000,0.300000000000000,4,-0.310000000000000,0.120000000000000,2,-0.040000000000000,0.580000000000000,3
130202110207,Puertecito Arroyo-Milligan Gulch,-0.100000000000000,0.110000000000000,3,0.120000000000000,0.300000000000000,4,0.190000000000000,0.300000000000000,4,-0.230000000000000,0.130000000000000,2,-0.020000000000000,0.580000000000000,3
130202110208,Tenmile Hill-Milligan Gulch,-0.030000000000000,0.120000000000000,3,-0.240000000000000,0.220000000000000,2,-0.280000000000000,0.190000000000000,2,0.050000000000000,0.170000000000000,4,-0.170000000000000,0.550000000000000,2
130202110301,Spikey Arroyo,0.020000000000000,0.130000000000000,3,0.130000000000000,0.300000000000000,4,0.050000000000000,0.270000000000000,4,-0.110000000000000,0.150000000000000,3,-0.120000000000000,0.560000000000000,2
130202110302,Malpais Well,-0.080000000000000,0.120000000000000,3,-0.440000000000000,0.170000000000000,2,-0.550000000000000,0.130000000000000,1,0.280000000000000,0.200000000000000,4,-0.470000000000000,0.480000000000000,1
130202110303,Simon Canyon,-0.060000000000000,0.120000000000000,3,-0.380000000000000,0.190000000000000,2,-0.300000000000000,0.190000000000000,2,0.070000000000000,0.170000000000000,4,-0.510000000000000,0.470000000000000,1
130202110304,Milligan Gulch-Rio Grande,0.390000000000000,0.180000000000000,5,-0.320000000000000,0.200000000000000,2,-0.370000000000000,0.170000000000000,2,0.420000000000000,0.220000000000000,5,-0.740000000000000,0.420000000000000,1
130202110305,Antelope Well,0.140000000000000,0.150000000000000,4,-0.240000000000000,0.220000000000000,2,-0.330000000000000,0.180000000000000,2,0.310000000000000,0.210000000000000,5,-0.710000000000000,0.420000000000000,1
130202110306,Lumbre Canyon-Rio Grande,-0.040000000000000,0.120000000000000,3,-0.160000000000000,0.240000000000000,3,-0.160000000000000,0.220000000000000,3,0.010000000000000,0.160000000000000,3,-0.410000000000000,0.490000000000000,1
130202110307,Crawford Hollow-Rio Grande,0.060000000000000,0.140000000000000,4,-0.070000000000000,0.260000000000000,3,-0.280000000000000,0.190000000000000,2,-0.030000000000000,0.160000000000000,3,-0.480000000000000,0.480000000000000,1
130202110401,Chavez Well,-0.140000000000000,0.110000000000000,3,-0.190000000000000,0.230000000000000,2,-0.160000000000000,0.220000000000000,3,0.090000000000000,0.180000000000000,4,-0.380000000000000,0.500000000000000,1
130202110402,McKinney Well,0.060000000000000,0.140000000000000,4,-0.370000000000000,0.190000000000000,2,-0.480000000000000,0.150000000000000,1,0.230000000000000,0.200000000000000,4,-0.490000000000000,0.470000000000000,1
130202110403,Middle Canyon,-0.160000000000000,0.110000000000000,2,-0.170000000000000,0.240000000000000,3,-0.240000000000000,0.200000000000000,2,0.050000000000000,0.170000000000000,4,-0.410000000000000,0.490000000000000,1
130202110404,Cantrell Well,0.080000000000000,0.140000000000000,4,-0.070000000000000,0.260000000000000,3,-0.060000000000000,0.240000000000000,3,0.180000000000000,0.190000000000000,4,-0.410000000000000,0.490000000000000,1
130202110405,Fence Canyon,-0.130000000000000,0.110000000000000,3,-0.230000000000000,0.220000000000000,2,-0.230000000000000,0.200000000000000,2,0.110000000000000,0.180000000000000,4,-0.510000000000000,0.470000000000000,1
130202110406,Red Lake,-0.110000000000000,0.110000000000000,3,-0.330000000000000,0.200000000000000,2,-0.170000000000000,0.220000000000000,3,0.160000000000000,0.190000000000000,4,-0.620000000000000,0.440000000000000,1
111001010304,Alamosita Creek,-0.550000000000000,0.060000000000000,1,-0.480000000000000,0.170000000000000,1,-0.940000000000000,0.040000000000000,1,-0.140000000000000,0.140000000000000,2,0.270000000000000,0.650000000000000,4
111001010305,Alamosita Creek-Corrumpa Creek,-0.380000000000000,0.080000000000000,1,-0.380000000000000,0.190000000000000,2,-0.810000000000000,0.070000000000000,1,-0.090000000000000,0.150000000000000,3,0.280000000000000,0.650000000000000,4
111001010306,Rinker Draw,-0.510000000000000,0.060000000000000,1,-0.510000000000000,0.160000000000000,1,-0.600000000000000,0.120000000000000,1,-0.060000000000000,0.150000000000000,3,0.300000000000000,0.660000000000000,4
130700010506,White Elephant Tank,999.000000000000000,999.000000000000000,999,999.000000000000000,999.000000000000000,999,999.000000000000000,999.000000000000000,999,999.000000000000000,999.000000000000000,999,999.000000000000000,999.000000000000000,999
130700020307,Headwaters Owl Draw,0.330000000000000,0.170000000000000,5,-0.660000000000000,0.120000000000000,1,-0.610000000000000,0.120000000000000,1,0.520000000000000,0.240000000000000,5,-0.730000000000000,0.420000000000000,1
120800040306,McKenzie Draw,-0.650000000000000,0.040000000000000,1,-1.070000000000000,0.030000000000000,1,-0.630000000000000,0.110000000000000,1,0.090000000000000,0.180000000000000,4,0.030000000000000,0.600000000000000,3
120800040802,Jumbo Tank,-0.770000000000000,0.030000000000000,1,-0.980000000000000,0.050000000000000,1,-1.110000000000000,0.000000000000000,1,-0.060000000000000,0.150000000000000,3,0.030000000000000,0.600000000000000,3
111001010307,Gyp Arroyo,-0.660000000000000,0.040000000000000,1,-0.590000000000000,0.140000000000000,1,-0.780000000000000,0.080000000000000,1,-0.030000000000000,0.160000000000000,3,0.290000000000000,0.660000000000000,4
130600060207,Town of Lon,-0.580000000000000,0.050000000000000,1,-0.680000000000000,0.120000000000000,1,-0.930000000000000,0.040000000000000,1,-0.020000000000000,0.160000000000000,3,-0.100000000000000,0.570000000000000,2
130600060208,130600060208-Cola de Gallo Arroyo,-0.400000000000000,0.080000000000000,1,-0.480000000000000,0.170000000000000,1,-0.780000000000000,0.080000000000000,1,-0.020000000000000,0.160000000000000,3,-0.120000000000000,0.560000000000000,2
130600060301,City of Corona-Gallo Canyon,-0.020000000000000,0.130000000000000,3,0.050000000000000,0.290000000000000,4,0.020000000000000,0.260000000000000,3,-0.040000000000000,0.160000000000000,3,0.150000000000000,0.620000000000000,4
130600060302,Bonita Canyon-Gallo Canyon,-0.100000000000000,0.120000000000000,3,0.020000000000000,0.280000000000000,3,-0.130000000000000,0.230000000000000,3,-0.020000000000000,0.160000000000000,3,0.000000000000000,0.590000000000000,3
130600060303,Red Bluff Draw,-0.040000000000000,0.120000000000000,3,-0.050000000000000,0.260000000000000,3,-0.690000000000000,0.100000000000000,1,0.120000000000000,0.180000000000000,4,0.010000000000000,0.590000000000000,3
130600060304,Hackberry Draw,-0.020000000000000,0.130000000000000,3,0.010000000000000,0.280000000000000,3,-0.640000000000000,0.110000000000000,1,0.110000000000000,0.180000000000000,4,0.000000000000000,0.590000000000000,3
130600060305,Cola de Gallo Arroyo-Gallo Arroyo,-0.260000000000000,0.090000000000000,2,-0.280000000000000,0.210000000000000,2,-0.670000000000000,0.100000000000000,1,0.000000000000000,0.160000000000000,3,-0.210000000000000,0.540000000000000,2
130600060401,Corn Ranch-Gallo Arroyo,-0.080000000000000,0.120000000000000,3,-0.160000000000000,0.240000000000000,3,-0.430000000000000,0.160000000000000,2,-0.060000000000000,0.150000000000000,3,-0.270000000000000,0.520000000000000,2
130600060402,Juan Largo Canyon,-0.470000000000000,0.070000000000000,1,-0.480000000000000,0.170000000000000,1,-0.570000000000000,0.120000000000000,1,-0.120000000000000,0.140000000000000,3,-0.190000000000000,0.540000000000000,2
130600060403,Juan Largo Canyon-Gallo Arroyo,-0.280000000000000,0.090000000000000,2,-0.300000000000000,0.200000000000000,2,-0.330000000000000,0.180000000000000,2,-0.390000000000000,0.100000000000000,1,-0.370000000000000,0.500000000000000,1
130600070101,Salt Lake,-0.640000000000000,0.040000000000000,1,-0.870000000000000,0.080000000000000,1,-0.630000000000000,0.110000000000000,1,0.060000000000000,0.170000000000000,4,-0.030000000000000,0.580000000000000,3
130600070102,Middle Lake,-0.740000000000000,0.030000000000000,1,-1.040000000000000,0.040000000000000,1,-1.020000000000000,0.020000000000000,1,-0.020000000000000,0.160000000000000,3,-0.030000000000000,0.580000000000000,3
130600070103,Little Red Lake,-0.550000000000000,0.060000000000000,1,-0.910000000000000,0.070000000000000,1,-0.490000000000000,0.140000000000000,1,0.080000000000000,0.170000000000000,4,-0.090000000000000,0.570000000000000,2
130600070201,Kenna Draw,-0.550000000000000,0.060000000000000,1,-0.630000000000000,0.130000000000000,1,-0.790000000000000,0.070000000000000,1,0.010000000000000,0.160000000000000,3,0.060000000000000,0.600000000000000,3
130600070202,Falsey Draw,-0.630000000000000,0.040000000000000,1,-0.510000000000000,0.160000000000000,1,-0.590000000000000,0.120000000000000,1,-0.050000000000000,0.160000000000000,3,-0.010000000000000,0.590000000000000,3
130600070203,Johnson Lake,-0.360000000000000,0.080000000000000,2,-0.710000000000000,0.110000000000000,1,-0.370000000000000,0.170000000000000,2,0.200000000000000,0.190000000000000,4,-0.150000000000000,0.550000000000000,2
130600070204,Samples Lake,-0.450000000000000,0.070000000000000,1,-0.980000000000000,0.050000000000000,1,-0.580000000000000,0.120000000000000,1,0.160000000000000,0.190000000000000,4,-0.190000000000000,0.540000000000000,2
130600070205,Salt Cedar Lake,-0.420000000000000,0.070000000000000,1,-0.740000000000000,0.110000000000000,1,-0.320000000000000,0.180000000000000,2,0.170000000000000,0.190000000000000,4,-0.160000000000000,0.550000000000000,2
130202100503,North Well,0.130000000000000,0.150000000000000,4,-0.440000000000000,0.170000000000000,2,-0.880000000000000,0.050000000000000,1,0.160000000000000,0.190000000000000,4,-0.320000000000000,0.510000000000000,2
130600071307,Scotts Lake,0.020000000000000,0.130000000000000,3,-0.400000000000000,0.180000000000000,2,-0.090000000000000,0.230000000000000,3,0.560000000000000,0.250000000000000,5,-0.240000000000000,0.530000000000000,2
130202100305,Field Well,-0.150000000000000,0.110000000000000,2,-0.740000000000000,0.110000000000000,1,-0.520000000000000,0.140000000000000,1,0.250000000000000,0.200000000000000,4,-0.210000000000000,0.540000000000000,2
130202100603,Foster Well,0.210000000000000,0.160000000000000,4,-0.170000000000000,0.240000000000000,3,-0.230000000000000,0.200000000000000,2,0.120000000000000,0.180000000000000,4,-0.320000000000000,0.510000000000000,2
130600070601,Calumet Ranch,0.470000000000000,0.190000000000000,5,-0.670000000000000,0.120000000000000,1,-0.500000000000000,0.140000000000000,1,0.770000000000000,0.280000000000000,5,-0.190000000000000,0.540000000000000,2
130202110209,East Red Canyon-Milligan Gulch,-0.180000000000000,0.100000000000000,2,-0.600000000000000,0.140000000000000,1,-0.580000000000000,0.120000000000000,1,0.120000000000000,0.180000000000000,4,-0.520000000000000,0.470000000000000,1
120800040203,Lower Eightmile Draw,-0.720000000000000,0.030000000000000,1,-0.880000000000000,0.080000000000000,1,-0.540000000000000,0.130000000000000,1,0.080000000000000,0.170000000000000,4,-0.280000000000000,0.520000000000000,2
130600071003,Morrisey Well,-0.260000000000000,0.090000000000000,2,-0.800000000000000,0.090000000000000,1,-0.610000000000000,0.120000000000000,1,0.300000000000000,0.210000000000000,4,-0.100000000000000,0.570000000000000,2
111201010104,Town of Grady,-0.670000000000000,0.040000000000000,1,-0.980000000000000,0.050000000000000,1,-0.870000000000000,0.060000000000000,1,0.000000000000000,0.160000000000000,3,-0.150000000000000,0.550000000000000,2
111201010105,Town of Broadview,-0.570000000000000,0.050000000000000,1,-0.860000000000000,0.080000000000000,1,-0.730000000000000,0.090000000000000,1,0.110000000000000,0.180000000000000,4,-0.140000000000000,0.560000000000000,2
111201010306,111201010306-Frio Draw,-0.490000000000000,0.060000000000000,1,-0.560000000000000,0.150000000000000,1,-0.620000000000000,0.110000000000000,1,0.000000000000000,0.160000000000000,3,-0.470000000000000,0.480000000000000,1
120500010611,120500010611,999.000000000000000,999.000000000000000,999,999.000000000000000,999.000000000000000,999,999.000000000000000,999.000000000000000,999,999.000000000000000,999.000000000000000,999,-0.070000000000000,0.570000000000000,3
140801030611,Blanco Canyon-Canon Largo,-0.410000000000000,0.070000000000000,1,-0.050000000000000,0.260000000000000,3,0.240000000000000,0.310000000000000,4,-0.650000000000000,0.060000000000000,1,0.040000000000000,0.600000000000000,3
150803020305,El Diablo,-0.240000000000000,0.100000000000000,2,-0.040000000000000,0.260000000000000,3,-0.010000000000000,0.250000000000000,3,-0.740000000000000,0.050000000000000,1,0.470000000000000,0.700000000000000,5
150803030002,Red Hill-Frontal 150803030004,999.000000000000000,999.000000000000000,999,999.000000000000000,999.000000000000000,999,999.000000000000000,999.000000000000000,999,999.000000000000000,999.000000000000000,999,0.430000000000000,0.690000000000000,5
150803030003,El Diablo-Frontal 150803030004,999.000000000000000,999.000000000000000,999,999.000000000000000,999.000000000000000,999,999.000000000000000,999.000000000000000,999,999.000000000000000,999.000000000000000,999,0.380000000000000,0.680000000000000,4
150803030004,150803030004,999.000000000000000,999.000000000000000,999,999.000000000000000,999.000000000000000,999,999.000000000000000,999.000000000000000,999,999.000000000000000,999.000000000000000,999,0.160000000000000,0.630000000000000,4
150803020403,Guadalupe Canyon,-0.240000000000000,0.100000000000000,2,0.270000000000000,0.330000000000000,4,0.700000000000000,0.420000000000000,5,-0.680000000000000,0.060000000000000,1,0.390000000000000,0.680000000000000,5
150400020804,Apache Creek,-0.400000000000000,0.080000000000000,1,0.210000000000000,0.320000000000000,4,0.840000000000000,0.450000000000000,5,-0.750000000000000,0.050000000000000,1,0.630000000000000,0.740000000000000,5
150400030501,Whitmire Creek,-0.430000000000000,0.070000000000000,1,-0.050000000000000,0.260000000000000,3,-0.160000000000000,0.220000000000000,3,-0.490000000000000,0.090000000000000,1,0.790000000000000,0.770000000000000,5
150400020303,Ash Spring Canyon-Mangas Creek,-0.170000000000000,0.110000000000000,2,0.670000000000000,0.420000000000000,5,0.750000000000000,0.430000000000000,5,-0.680000000000000,0.060000000000000,1,0.320000000000000,0.660000000000000,4
150400020304,Schoolhouse Canyon-Mangas Creek,-0.210000000000000,0.100000000000000,2,0.460000000000000,0.380000000000000,5,0.600000000000000,0.390000000000000,5,-0.630000000000000,0.070000000000000,1,0.290000000000000,0.660000000000000,4
150400020401,Bear Creek-Upper Gila River,0.310000000000000,0.170000000000000,5,0.080000000000000,0.290000000000000,4,0.130000000000000,0.290000000000000,4,0.060000000000000,0.170000000000000,4,0.350000000000000,0.670000000000000,4
150400020402,Headwaters Sycamore Creek,-0.160000000000000,0.110000000000000,2,0.100000000000000,0.290000000000000,4,-0.160000000000000,0.220000000000000,3,-0.200000000000000,0.130000000000000,2,0.920000000000000,0.800000000000000,5
150400020403,Outlet Sycamore Creek,0.000000000000000,0.130000000000000,3,0.550000000000000,0.400000000000000,5,0.530000000000000,0.380000000000000,5,-0.390000000000000,0.100000000000000,1,0.610000000000000,0.730000000000000,5
150400020404,Sycamore Creek-Gila River,-0.060000000000000,0.120000000000000,3,0.100000000000000,0.300000000000000,4,0.200000000000000,0.300000000000000,4,-0.380000000000000,0.110000000000000,1,0.380000000000000,0.680000000000000,4
150400020405,Mangas Creek-Upper Gila River,0.200000000000000,0.160000000000000,4,0.460000000000000,0.380000000000000,5,0.510000000000000,0.370000000000000,5,-0.370000000000000,0.110000000000000,1,0.420000000000000,0.690000000000000,5
150400020501,Cherry Creek-Blue Creek,-0.150000000000000,0.110000000000000,2,0.340000000000000,0.350000000000000,4,0.250000000000000,0.310000000000000,4,-0.360000000000000,0.110000000000000,2,0.910000000000000,0.800000000000000,5
150400020502,Cottonwood Canyon-Blue Creek,-0.150000000000000,0.110000000000000,2,0.260000000000000,0.330000000000000,4,0.440000000000000,0.360000000000000,5,-0.480000000000000,0.090000000000000,1,0.640000000000000,0.740000000000000,5
150400020503,Seep Spring Draw-Blue Creek,-0.060000000000000,0.120000000000000,3,0.050000000000000,0.280000000000000,4,0.110000000000000,0.280000000000000,4,-0.450000000000000,0.090000000000000,1,0.600000000000000,0.730000000000000,5
150400020601,Bear Canyon-Upper Gila River,0.160000000000000,0.150000000000000,4,1.600000000000000,0.630000000000000,5,1.830000000000000,0.670000000000000,5,-0.570000000000000,0.080000000000000,1,0.210000000000000,0.640000000000000,4
150400020602,Swan Canyon,-0.340000000000000,0.080000000000000,2,0.350000000000000,0.350000000000000,4,0.490000000000000,0.370000000000000,5,-0.800000000000000,0.040000000000000,1,0.350000000000000,0.670000000000000,4
150400020603,Swan Canyon-Upper Gila River,-0.330000000000000,0.080000000000000,2,0.660000000000000,0.420000000000000,5,0.950000000000000,0.470000000000000,5,-0.760000000000000,0.050000000000000,1,0.320000000000000,0.660000000000000,4
150400020604,Ash Creek,-0.280000000000000,0.090000000000000,2,0.360000000000000,0.350000000000000,4,0.660000000000000,0.410000000000000,5,-0.750000000000000,0.050000000000000,1,0.460000000000000,0.700000000000000,5
150400020605,Road Canyon,-0.390000000000000,0.080000000000000,1,-0.370000000000000,0.190000000000000,2,-0.180000000000000,0.210000000000000,3,-0.600000000000000,0.070000000000000,1,0.320000000000000,0.660000000000000,4
150400020606,Road Canyon-Upper Gila River,-0.250000000000000,0.100000000000000,2,-0.100000000000000,0.250000000000000,3,0.230000000000000,0.310000000000000,4,-0.640000000000000,0.070000000000000,1,0.350000000000000,0.670000000000000,4
150400020607,Corral Canyon,-0.370000000000000,0.080000000000000,2,-0.570000000000000,0.150000000000000,1,-0.530000000000000,0.130000000000000,1,-0.200000000000000,0.130000000000000,2,0.310000000000000,0.660000000000000,4
150400060207,McGhee Peak-San Simon River,-0.390000000000000,0.080000000000000,1,-0.090000000000000,0.250000000000000,3,0.190000000000000,0.300000000000000,4,-0.540000000000000,0.080000000000000,1,0.550000000000000,0.720000000000000,5
150400060401,Vanar Wash,-0.560000000000000,0.050000000000000,1,-0.310000000000000,0.200000000000000,2,0.150000000000000,0.290000000000000,4,-0.880000000000000,0.030000000000000,1,0.420000000000000,0.690000000000000,5
150400060402,Steins Creek,-0.380000000000000,0.080000000000000,1,-0.160000000000000,0.240000000000000,3,0.280000000000000,0.320000000000000,4,-0.740000000000000,0.050000000000000,1,0.490000000000000,0.700000000000000,5
150400030108,Lower Black Mountain Draw,0.500000000000000,0.190000000000000,5,-0.270000000000000,0.210000000000000,2,-0.470000000000000,0.150000000000000,2,0.570000000000000,0.250000000000000,5,0.260000000000000,0.650000000000000,4
150400030201,Hall Draw-Burro Cienega,-0.490000000000000,0.060000000000000,1,-0.030000000000000,0.270000000000000,3,-0.080000000000000,0.240000000000000,3,-0.710000000000000,0.060000000000000,1,0.480000000000000,0.700000000000000,5
150400030202,Horse Canyon-Burro Cienega,-0.500000000000000,0.060000000000000,1,-0.640000000000000,0.130000000000000,1,-0.360000000000000,0.170000000000000,2,-0.410000000000000,0.100000000000000,1,0.280000000000000,0.650000000000000,4
150400030203,Ninetysix Creek,-0.290000000000000,0.090000000000000,2,-0.550000000000000,0.150000000000000,1,-0.540000000000000,0.130000000000000,1,-0.140000000000000,0.140000000000000,2,0.430000000000000,0.690000000000000,5
150400030204,Ninetysix Creek-Burro Cienega,-0.440000000000000,0.070000000000000,1,-1.090000000000000,0.030000000000000,1,-0.900000000000000,0.050000000000000,1,0.260000000000000,0.200000000000000,4,0.110000000000000,0.610000000000000,3
150400030301,Pride Draw,0.040000000000000,0.130000000000000,4,-0.520000000000000,0.160000000000000,1,-0.440000000000000,0.150000000000000,2,0.170000000000000,0.190000000000000,4,0.510000000000000,0.710000000000000,5
150400030302,Uni Draw-Burro Cienega,0.380000000000000,0.180000000000000,5,-0.370000000000000,0.190000000000000,2,-0.510000000000000,0.140000000000000,1,0.440000000000000,0.230000000000000,5,0.340000000000000,0.670000000000000,4
150400030303,Langford Draw,-0.570000000000000,0.050000000000000,1,-0.980000000000000,0.050000000000000,1,-0.920000000000000,0.050000000000000,1,-0.080000000000000,0.150000000000000,3,0.420000000000000,0.690000000000000,5
150400030304,Langford Draw-Burro Cienega,0.160000000000000,0.150000000000000,4,-0.560000000000000,0.150000000000000,1,-0.610000000000000,0.110000000000000,1,0.370000000000000,0.220000000000000,5,0.370000000000000,0.670000000000000,4
150400030305,Jones Canyon-Burro Cienega,-0.320000000000000,0.090000000000000,2,-0.910000000000000,0.070000000000000,1,-0.840000000000000,0.060000000000000,1,0.050000000000000,0.170000000000000,4,0.360000000000000,0.670000000000000,4
150400030103,Round Hill,-0.250000000000000,0.100000000000000,2,-0.600000000000000,0.140000000000000,1,-0.520000000000000,0.140000000000000,1,0.140000000000000,0.180000000000000,4,-0.050000000000000,0.580000000000000,3
150400030104,Moore Homestead,-0.410000000000000,0.070000000000000,1,-0.750000000000000,0.100000000000000,1,-0.560000000000000,0.130000000000000,1,0.150000000000000,0.180000000000000,4,-0.130000000000000,0.560000000000000,2
150400030105,The Saltys,-0.540000000000000,0.060000000000000,1,-1.200000000000000,0.010000000000000,1,-0.920000000000000,0.040000000000000,1,0.180000000000000,0.190000000000000,4,-0.050000000000000,0.580000000000000,3
150400030106,Upper Black Mountain Draw,0.080000000000000,0.140000000000000,4,-0.310000000000000,0.200000000000000,2,-0.290000000000000,0.190000000000000,2,0.340000000000000,0.210000000000000,5,-0.040000000000000,0.580000000000000,3
150400030107,Middle Black Mountain Draw,0.510000000000000,0.200000000000000,5,-0.040000000000000,0.260000000000000,3,-0.280000000000000,0.190000000000000,2,0.500000000000000,0.240000000000000,5,0.280000000000000,0.650000000000000,4
150400030306,Muir Draw,0.140000000000000,0.150000000000000,4,-0.120000000000000,0.250000000000000,3,-0.150000000000000,0.220000000000000,3,0.040000000000000,0.170000000000000,3,0.520000000000000,0.710000000000000,5
150400030307,Walker Canyon,0.830000000000000,0.240000000000000,5,-0.070000000000000,0.260000000000000,3,-0.440000000000000,0.150000000000000,2,0.640000000000000,0.260000000000000,5,0.360000000000000,0.670000000000000,4
150400030401,Gold Hill Canyon-Lordsburg Draw,-0.080000000000000,0.120000000000000,3,-0.440000000000000,0.180000000000000,2,-0.470000000000000,0.150000000000000,2,-0.010000000000000,0.160000000000000,3,0.430000000000000,0.690000000000000,5
150400030403,Headwaters Thompson Canyon,-0.630000000000000,0.050000000000000,1,0.670000000000000,0.420000000000000,5,0.790000000000000,0.440000000000000,5,-0.900000000000000,0.030000000000000,1,0.280000000000000,0.650000000000000,4
150400030404,Outlet Thompson Canyon,-0.610000000000000,0.050000000000000,1,-0.530000000000000,0.150000000000000,1,-0.480000000000000,0.150000000000000,1,-0.410000000000000,0.100000000000000,1,0.340000000000000,0.670000000000000,4
150400030405,Thompson Canyon-Lordsburg Draw,-0.200000000000000,0.100000000000000,2,-0.630000000000000,0.130000000000000,1,-0.570000000000000,0.120000000000000,1,0.050000000000000,0.170000000000000,4,0.340000000000000,0.670000000000000,4
150400030406,Headwaters Ten Mile Canyon,-0.410000000000000,0.070000000000000,1,-0.960000000000000,0.060000000000000,1,-0.910000000000000,0.050000000000000,1,0.130000000000000,0.180000000000000,4,0.280000000000000,0.650000000000000,4
150400030407,Outlet Ten Mile Canyon,0.320000000000000,0.170000000000000,5,-0.550000000000000,0.150000000000000,1,-0.680000000000000,0.100000000000000,1,0.480000000000000,0.230000000000000,5,0.220000000000000,0.640000000000000,4
150400030408,Tobosa Flats-Lordsburg Draw,0.540000000000000,0.200000000000000,5,-0.380000000000000,0.190000000000000,2,-0.610000000000000,0.110000000000000,1,0.630000000000000,0.260000000000000,5,0.220000000000000,0.640000000000000,4
150803020204,Cottonwood Draw,-0.460000000000000,0.070000000000000,1,0.320000000000000,0.340000000000000,4,0.990000000000000,0.480000000000000,5,-0.860000000000000,0.030000000000000,1,0.570000000000000,0.720000000000000,5
150803030001,Cloverdale Creek,-0.330000000000000,0.090000000000000,2,1.130000000000000,0.530000000000000,5,1.180000000000000,0.520000000000000,5,-0.520000000000000,0.080000000000000,1,0.580000000000000,0.720000000000000,5
150400030502,Whitmire Creek-Animas Creek,-0.520000000000000,0.060000000000000,1,0.000000000000000,0.270000000000000,3,-0.010000000000000,0.250000000000000,3,-0.460000000000000,0.090000000000000,1,0.640000000000000,0.740000000000000,5
150400030504,Horse Camp Draw-Animas Creek,-0.370000000000000,0.080000000000000,2,-0.120000000000000,0.250000000000000,3,-0.320000000000000,0.180000000000000,2,-0.320000000000000,0.110000000000000,2,0.890000000000000,0.800000000000000,5
150400030505,Baldy Mountain Canyon-Animas Creek,-0.480000000000000,0.060000000000000,1,-0.340000000000000,0.200000000000000,2,-0.450000000000000,0.150000000000000,2,-0.480000000000000,0.090000000000000,1,0.960000000000000,0.810000000000000,5
150400030506,Miner Canyon,-0.260000000000000,0.090000000000000,2,0.160000000000000,0.310000000000000,4,0.210000000000000,0.300000000000000,4,-0.660000000000000,0.060000000000000,1,0.870000000000000,0.790000000000000,5
130500010301,Juan Tomas Canyon,-0.200000000000000,0.100000000000000,2,1.030000000000000,0.500000000000000,5,1.100000000000000,0.510000000000000,5,-0.180000000000000,0.140000000000000,2,0.110000000000000,0.610000000000000,3
150400030507,Double Adobe Creek,-0.320000000000000,0.090000000000000,2,0.270000000000000,0.330000000000000,4,0.420000000000000,0.350000000000000,5,-0.560000000000000,0.080000000000000,1,0.850000000000000,0.790000000000000,5
150400030508,Double Adobe Creek-Animas Creek,-0.290000000000000,0.090000000000000,2,0.010000000000000,0.270000000000000,3,-0.150000000000000,0.220000000000000,3,-0.120000000000000,0.140000000000000,3,0.760000000000000,0.770000000000000,5
150400030601,Bull Creek,-0.640000000000000,0.040000000000000,1,-0.300000000000000,0.210000000000000,2,-0.340000000000000,0.180000000000000,2,-0.370000000000000,0.110000000000000,2,0.660000000000000,0.740000000000000,5
150400030602,McClean Creek-Animas Creek,-0.470000000000000,0.070000000000000,1,-0.400000000000000,0.180000000000000,2,-0.540000000000000,0.130000000000000,1,-0.210000000000000,0.130000000000000,2,0.640000000000000,0.740000000000000,5
150400030603,Big Creek-Animas Creek,-0.570000000000000,0.050000000000000,1,-0.330000000000000,0.200000000000000,2,-0.240000000000000,0.200000000000000,2,-0.540000000000000,0.080000000000000,1,0.870000000000000,0.790000000000000,5
150400030604,Little Tank Mountian,0.080000000000000,0.140000000000000,4,0.000000000000000,0.270000000000000,3,-0.290000000000000,0.190000000000000,2,0.020000000000000,0.160000000000000,3,0.790000000000000,0.770000000000000,5
150400030605,Little Tank Mountain-Animas Creek,-0.570000000000000,0.050000000000000,1,-0.650000000000000,0.130000000000000,1,-0.550000000000000,0.130000000000000,1,-0.110000000000000,0.140000000000000,3,0.450000000000000,0.690000000000000,5
150400030701,Threemile Hills,-0.280000000000000,0.090000000000000,2,-0.700000000000000,0.120000000000000,1,-0.690000000000000,0.100000000000000,1,0.210000000000000,0.190000000000000,4,0.450000000000000,0.690000000000000,5
150400030702,Weatherby Canyon,-0.020000000000000,0.130000000000000,3,-0.140000000000000,0.240000000000000,3,-0.280000000000000,0.190000000000000,2,0.050000000000000,0.170000000000000,4,0.700000000000000,0.750000000000000,5
150400030703,Johnson Tank,-0.370000000000000,0.080000000000000,2,-0.730000000000000,0.110000000000000,1,-0.610000000000000,0.110000000000000,1,0.110000000000000,0.180000000000000,4,0.510000000000000,0.710000000000000,5
150400030704,Woodhaul Canyon,-0.430000000000000,0.070000000000000,1,-0.590000000000000,0.140000000000000,1,-0.380000000000000,0.170000000000000,2,-0.220000000000000,0.130000000000000,2,0.530000000000000,0.710000000000000,5
150400030705,Table Top Mountain,-0.140000000000000,0.110000000000000,3,-0.600000000000000,0.140000000000000,1,-0.400000000000000,0.160000000000000,2,0.230000000000000,0.200000000000000,4,0.470000000000000,0.700000000000000,5
150400030706,Mansfield Wash,-0.130000000000000,0.110000000000000,3,-0.680000000000000,0.120000000000000,1,-0.500000000000000,0.140000000000000,1,0.160000000000000,0.190000000000000,4,0.400000000000000,0.680000000000000,5
150400030708,Lone Mountain,-0.070000000000000,0.120000000000000,3,-0.680000000000000,0.120000000000000,1,-0.700000000000000,0.100000000000000,1,0.200000000000000,0.190000000000000,4,0.270000000000000,0.650000000000000,4
150400030709,Three Mile Tank,0.240000000000000,0.160000000000000,4,-0.740000000000000,0.110000000000000,1,-0.590000000000000,0.120000000000000,1,0.520000000000000,0.240000000000000,5,0.260000000000000,0.650000000000000,4
150400030711,Bobcat Hill,0.270000000000000,0.160000000000000,4,-0.280000000000000,0.210000000000000,2,-0.330000000000000,0.180000000000000,2,0.390000000000000,0.220000000000000,5,0.490000000000000,0.700000000000000,5
150400030712,Gore Canyon,-0.110000000000000,0.110000000000000,3,-0.570000000000000,0.150000000000000,1,-0.370000000000000,0.170000000000000,2,0.020000000000000,0.170000000000000,3,0.390000000000000,0.680000000000000,4
150400030713,Rustler Draw,0.730000000000000,0.230000000000000,5,-0.150000000000000,0.240000000000000,3,-0.420000000000000,0.160000000000000,2,0.560000000000000,0.250000000000000,5,0.160000000000000,0.630000000000000,4
150400030714,140500030714,4.750000000000000,0.760000000000000,5,-0.490000000000000,0.160000000000000,1,-0.720000000000000,0.090000000000000,1,4.520000000000000,0.840000000000000,5,-0.210000000000000,0.540000000000000,2
150400010301,Horse Camp Canyon,0.030000000000000,0.130000000000000,3,0.270000000000000,0.330000000000000,4,-0.130000000000000,0.220000000000000,3,-0.280000000000000,0.120000000000000,2,0.860000000000000,0.790000000000000,5
130201021005,Canones Creek,0.350000000000000,0.170000000000000,5,0.950000000000000,0.490000000000000,5,0.830000000000000,0.440000000000000,5,-0.330000000000000,0.110000000000000,2,0.600000000000000,0.730000000000000,5
130500030102,Gran Quivera,-0.270000000000000,0.090000000000000,2,-0.470000000000000,0.170000000000000,1,-0.210000000000000,0.210000000000000,3,0.030000000000000,0.170000000000000,3,-0.200000000000000,0.540000000000000,2
130500030103,Forest Well,-0.180000000000000,0.110000000000000,2,-0.100000000000000,0.250000000000000,3,-0.080000000000000,0.240000000000000,3,-0.010000000000000,0.160000000000000,3,-0.230000000000000,0.540000000000000,2
130500030104,White Lake,-0.340000000000000,0.080000000000000,2,-0.350000000000000,0.190000000000000,2,-0.690000000000000,0.100000000000000,1,0.100000000000000,0.180000000000000,4,-0.010000000000000,0.590000000000000,3
130500030105,Town of Claunch,0.120000000000000,0.150000000000000,4,0.240000000000000,0.330000000000000,4,-0.230000000000000,0.200000000000000,2,0.030000000000000,0.170000000000000,3,0.290000000000000,0.660000000000000,4
130500030106,Victor Tank,-0.270000000000000,0.090000000000000,2,-0.140000000000000,0.240000000000000,3,-0.570000000000000,0.120000000000000,1,0.060000000000000,0.170000000000000,4,0.200000000000000,0.640000000000000,4
130500030502,Nogal Creek,-0.100000000000000,0.110000000000000,3,0.800000000000000,0.450000000000000,5,1.020000000000000,0.490000000000000,5,-0.470000000000000,0.090000000000000,1,0.700000000000000,0.750000000000000,5
130500030503,Nogal Draw,0.200000000000000,0.160000000000000,4,0.930000000000000,0.480000000000000,5,1.060000000000000,0.500000000000000,5,-0.020000000000000,0.160000000000000,3,0.660000000000000,0.740000000000000,5
130500030504,Lemon Draw,-0.530000000000000,0.060000000000000,1,0.770000000000000,0.440000000000000,5,0.970000000000000,0.480000000000000,5,-0.050000000000000,0.150000000000000,3,0.560000000000000,0.720000000000000,5
130500030505,Willow Draw,0.040000000000000,0.130000000000000,4,1.160000000000000,0.530000000000000,5,1.000000000000000,0.480000000000000,5,-0.270000000000000,0.120000000000000,2,0.490000000000000,0.700000000000000,5
130500030110,No Name Draw,-0.290000000000000,0.090000000000000,2,-0.260000000000000,0.210000000000000,2,-0.730000000000000,0.090000000000000,1,0.070000000000000,0.170000000000000,4,0.150000000000000,0.620000000000000,4
130500030111,Headwaters Sacate Draw,0.150000000000000,0.150000000000000,4,0.570000000000000,0.400000000000000,5,0.060000000000000,0.270000000000000,4,-0.010000000000000,0.160000000000000,3,0.240000000000000,0.650000000000000,4
130500030112,Outlet Sacate Draw,-0.380000000000000,0.080000000000000,1,-0.330000000000000,0.200000000000000,2,-0.710000000000000,0.090000000000000,1,-0.030000000000000,0.160000000000000,3,0.080000000000000,0.610000000000000,3
130500030201,Upper Largo Canyon,-0.100000000000000,0.110000000000000,3,0.360000000000000,0.350000000000000,4,0.340000000000000,0.330000000000000,4,-0.270000000000000,0.120000000000000,2,0.170000000000000,0.630000000000000,4
130500030202,130500030202,0.110000000000000,0.140000000000000,4,0.610000000000000,0.410000000000000,5,0.140000000000000,0.290000000000000,4,-0.070000000000000,0.150000000000000,3,0.180000000000000,0.630000000000000,4
130500030203,Middle Largo Canyon,-0.050000000000000,0.120000000000000,3,0.980000000000000,0.490000000000000,5,0.670000000000000,0.410000000000000,5,0.060000000000000,0.170000000000000,4,0.230000000000000,0.640000000000000,4
130500030803,Whitmore Canyon,0.020000000000000,0.130000000000000,3,0.170000000000000,0.310000000000000,4,-0.070000000000000,0.240000000000000,3,-0.410000000000000,0.100000000000000,1,-0.240000000000000,0.530000000000000,2
130500030804,Del Cuento Spring,0.010000000000000,0.130000000000000,3,-0.150000000000000,0.240000000000000,3,-0.300000000000000,0.190000000000000,2,-0.240000000000000,0.130000000000000,2,-0.290000000000000,0.520000000000000,2
130500030805,AAA Tank,-0.150000000000000,0.110000000000000,2,-0.670000000000000,0.120000000000000,1,-0.750000000000000,0.080000000000000,1,0.140000000000000,0.180000000000000,4,-0.340000000000000,0.510000000000000,2
130500030806,Coon Well,-0.050000000000000,0.120000000000000,3,-0.580000000000000,0.140000000000000,1,-0.620000000000000,0.110000000000000,1,0.000000000000000,0.160000000000000,3,-0.310000000000000,0.520000000000000,2
130500030807,Mound Springs,0.030000000000000,0.130000000000000,3,-0.650000000000000,0.130000000000000,1,-0.380000000000000,0.170000000000000,2,0.270000000000000,0.200000000000000,4,-0.490000000000000,0.470000000000000,1
130500030808,Burris Well,0.030000000000000,0.130000000000000,3,0.410000000000000,0.360000000000000,4,0.080000000000000,0.270000000000000,4,-0.620000000000000,0.070000000000000,1,-0.330000000000000,0.510000000000000,2
130500030809,Lava Gap,0.290000000000000,0.170000000000000,4,0.860000000000000,0.460000000000000,5,0.690000000000000,0.410000000000000,5,-0.520000000000000,0.080000000000000,1,-0.150000000000000,0.550000000000000,2
130500030810,Sly Canyon-Salt Creek,0.230000000000000,0.160000000000000,4,-0.270000000000000,0.210000000000000,2,-0.150000000000000,0.220000000000000,3,0.220000000000000,0.200000000000000,4,-0.620000000000000,0.440000000000000,1
130500030901,Salina de San Andres-Salt Creek,1.000000000000000,0.260000000000000,5,-0.360000000000000,0.190000000000000,2,-0.560000000000000,0.130000000000000,1,0.900000000000000,0.300000000000000,5,-0.590000000000000,0.450000000000000,1
130500030902,Sweetwater Creek,0.520000000000000,0.200000000000000,5,0.370000000000000,0.360000000000000,4,0.310000000000000,0.320000000000000,4,-0.020000000000000,0.160000000000000,3,-0.270000000000000,0.530000000000000,2
130500030903,Good Fortune Creek,0.520000000000000,0.200000000000000,5,1.060000000000000,0.510000000000000,5,1.020000000000000,0.490000000000000,5,-0.260000000000000,0.120000000000000,2,-0.210000000000000,0.540000000000000,2
130301030403,Goldenburg Draw,0.270000000000000,0.160000000000000,4,-0.730000000000000,0.110000000000000,1,-0.600000000000000,0.120000000000000,1,0.420000000000000,0.230000000000000,5,-0.770000000000000,0.410000000000000,1
130500030402,Cutze Canyon,-0.200000000000000,0.100000000000000,2,-0.020000000000000,0.270000000000000,3,-0.090000000000000,0.230000000000000,3,-0.150000000000000,0.140000000000000,2,-0.030000000000000,0.580000000000000,3
130500030403,Aguila Canyon,-0.130000000000000,0.110000000000000,3,-0.130000000000000,0.240000000000000,3,0.280000000000000,0.320000000000000,4,-0.080000000000000,0.150000000000000,3,0.040000000000000,0.600000000000000,3
130500030404,Upper Ranch Canyon,-0.120000000000000,0.110000000000000,3,-0.030000000000000,0.270000000000000,3,0.510000000000000,0.370000000000000,5,-0.310000000000000,0.120000000000000,2,0.100000000000000,0.610000000000000,3
130500030405,Harvey Draw,-0.150000000000000,0.110000000000000,2,-0.110000000000000,0.250000000000000,3,-0.310000000000000,0.190000000000000,2,-0.090000000000000,0.150000000000000,3,0.010000000000000,0.590000000000000,3
130500030406,Duck Lake,-0.370000000000000,0.080000000000000,2,-0.040000000000000,0.260000000000000,3,-0.070000000000000,0.240000000000000,3,0.030000000000000,0.170000000000000,3,0.030000000000000,0.590000000000000,3
130500030407,Coyote Canyon,-0.110000000000000,0.110000000000000,3,0.240000000000000,0.330000000000000,4,0.310000000000000,0.320000000000000,4,-0.370000000000000,0.110000000000000,2,0.570000000000000,0.720000000000000,5
130500030408,Headwaters White Oaks Draw,-0.100000000000000,0.120000000000000,3,0.460000000000000,0.380000000000000,5,0.630000000000000,0.400000000000000,5,-0.430000000000000,0.100000000000000,1,0.720000000000000,0.760000000000000,5
130500030409,Outlet White Oaks Draw,0.000000000000000,0.130000000000000,3,0.070000000000000,0.290000000000000,4,-0.220000000000000,0.200000000000000,2,-0.030000000000000,0.160000000000000,3,0.120000000000000,0.620000000000000,3
130500031003,New Well Draw,0.480000000000000,0.190000000000000,5,0.810000000000000,0.450000000000000,5,0.300000000000000,0.320000000000000,4,0.180000000000000,0.190000000000000,4,-0.110000000000000,0.560000000000000,2
130500031004,Lower Steer Pasture Tank,-0.270000000000000,0.090000000000000,2,-0.730000000000000,0.110000000000000,1,-0.530000000000000,0.130000000000000,1,0.130000000000000,0.180000000000000,4,-0.390000000000000,0.500000000000000,1
130500031005,Crossroad Well,0.220000000000000,0.160000000000000,4,-0.620000000000000,0.130000000000000,1,-0.300000000000000,0.190000000000000,2,0.550000000000000,0.250000000000000,5,-0.590000000000000,0.450000000000000,1
130500031101,Gamble Canyon,-0.270000000000000,0.090000000000000,2,0.250000000000000,0.330000000000000,4,0.240000000000000,0.310000000000000,4,-0.470000000000000,0.090000000000000,1,0.490000000000000,0.700000000000000,5
130500031102,Gamble Canyon-Three Rivers,-0.420000000000000,0.070000000000000,1,0.560000000000000,0.400000000000000,5,1.410000000000000,0.580000000000000,5,-0.760000000000000,0.050000000000000,1,0.950000000000000,0.810000000000000,5
130500031103,Golondrina Draw-Three Rivers,-0.260000000000000,0.090000000000000,2,0.900000000000000,0.480000000000000,5,1.450000000000000,0.590000000000000,5,-0.670000000000000,0.060000000000000,1,0.900000000000000,0.800000000000000,5
130500031104,Crawford Draw-Three Rivers,-0.040000000000000,0.120000000000000,3,0.400000000000000,0.360000000000000,4,0.200000000000000,0.300000000000000,4,-0.300000000000000,0.120000000000000,2,0.150000000000000,0.620000000000000,4
130500031105,Upper Bitter Creek,0.320000000000000,0.170000000000000,5,0.340000000000000,0.350000000000000,4,0.160000000000000,0.290000000000000,4,0.000000000000000,0.160000000000000,3,-0.020000000000000,0.580000000000000,3
130500031111,Lower Bitter Creek,0.370000000000000,0.180000000000000,5,-0.620000000000000,0.130000000000000,1,-0.250000000000000,0.200000000000000,2,0.660000000000000,0.260000000000000,5,-0.570000000000000,0.450000000000000,1
130500031202,North Fork Tularosa Creek,0.050000000000000,0.140000000000000,4,0.790000000000000,0.450000000000000,5,0.730000000000000,0.420000000000000,5,-0.490000000000000,0.090000000000000,1,0.780000000000000,0.770000000000000,5
130500031203,Nogal Canyon,0.030000000000000,0.130000000000000,3,0.860000000000000,0.470000000000000,5,0.930000000000000,0.470000000000000,5,-0.680000000000000,0.060000000000000,1,0.810000000000000,0.780000000000000,5
130500030506,Harkey Draw-Nogal Arroyo,-0.390000000000000,0.080000000000000,1,0.640000000000000,0.420000000000000,5,0.740000000000000,0.420000000000000,5,-0.030000000000000,0.160000000000000,3,0.370000000000000,0.670000000000000,4
130500030507,Cottonwood Creek,0.090000000000000,0.140000000000000,4,0.260000000000000,0.330000000000000,4,0.280000000000000,0.320000000000000,4,-0.130000000000000,0.140000000000000,3,0.210000000000000,0.640000000000000,4
130500030601,Crater Wells,-0.080000000000000,0.120000000000000,3,0.670000000000000,0.420000000000000,5,0.570000000000000,0.380000000000000,5,-0.060000000000000,0.150000000000000,3,0.000000000000000,0.590000000000000,3
130500030602,Luiz Canyon,-0.100000000000000,0.120000000000000,3,0.010000000000000,0.270000000000000,3,0.490000000000000,0.370000000000000,5,-0.440000000000000,0.100000000000000,1,-0.090000000000000,0.570000000000000,2
130500030603,Headwaters Taylor Canyon,-0.090000000000000,0.120000000000000,3,0.060000000000000,0.290000000000000,4,0.350000000000000,0.330000000000000,4,-0.360000000000000,0.110000000000000,2,-0.110000000000000,0.560000000000000,2
130500030604,Outlet Taylor Canyon,0.120000000000000,0.140000000000000,4,0.000000000000000,0.270000000000000,3,-0.250000000000000,0.200000000000000,2,-0.250000000000000,0.120000000000000,2,-0.200000000000000,0.540000000000000,2
130500030605,Headwaters Butler Tank Draw,0.050000000000000,0.140000000000000,4,0.120000000000000,0.300000000000000,4,-0.200000000000000,0.210000000000000,3,-0.280000000000000,0.120000000000000,2,-0.060000000000000,0.570000000000000,3
130500030606,Red Canyon,0.000000000000000,0.130000000000000,3,0.080000000000000,0.290000000000000,4,0.090000000000000,0.280000000000000,4,-0.370000000000000,0.110000000000000,2,-0.200000000000000,0.540000000000000,2
130500030607,Outlet Butler Tank,-0.320000000000000,0.090000000000000,2,-0.670000000000000,0.120000000000000,1,-0.620000000000000,0.110000000000000,1,-0.050000000000000,0.160000000000000,3,-0.270000000000000,0.530000000000000,2
130500030701,Headwaters Salt Creek,0.190000000000000,0.150000000000000,4,0.110000000000000,0.300000000000000,4,0.170000000000000,0.290000000000000,4,-0.130000000000000,0.140000000000000,3,-0.220000000000000,0.540000000000000,2
130500030702,Outlet Salt Creek,0.040000000000000,0.130000000000000,3,-0.490000000000000,0.160000000000000,1,-0.540000000000000,0.130000000000000,1,0.060000000000000,0.170000000000000,4,-0.400000000000000,0.500000000000000,1
130500030801,Johnson Park Canyon,-0.160000000000000,0.110000000000000,2,-0.420000000000000,0.180000000000000,2,-0.530000000000000,0.130000000000000,1,-0.110000000000000,0.150000000000000,3,-0.410000000000000,0.490000000000000,1
130500030802,Mockingbird Spring,0.080000000000000,0.140000000000000,4,-0.190000000000000,0.230000000000000,2,-0.320000000000000,0.180000000000000,2,-0.130000000000000,0.140000000000000,3,-0.270000000000000,0.520000000000000,2
130500030904,Good Fortune Creek-Salt Creek,0.560000000000000,0.200000000000000,5,0.160000000000000,0.310000000000000,4,0.260000000000000,0.320000000000000,4,0.250000000000000,0.200000000000000,4,-0.450000000000000,0.480000000000000,1
130500030905,130500030905,0.710000000000000,0.220000000000000,5,-0.420000000000000,0.180000000000000,2,-0.230000000000000,0.200000000000000,2,0.930000000000000,0.300000000000000,5,-0.700000000000000,0.420000000000000,1
130500030906,Malpais Spring,0.400000000000000,0.180000000000000,5,-0.450000000000000,0.170000000000000,1,-0.640000000000000,0.110000000000000,1,0.290000000000000,0.210000000000000,4,-0.470000000000000,0.480000000000000,1
130500030907,Malpais Spring-Salt Creek,0.830000000000000,0.240000000000000,5,-0.700000000000000,0.120000000000000,1,-0.270000000000000,0.190000000000000,2,1.010000000000000,0.320000000000000,5,-0.730000000000000,0.420000000000000,1
130500031001,North Mill Arroyo,-0.120000000000000,0.110000000000000,3,-0.060000000000000,0.260000000000000,3,-0.050000000000000,0.240000000000000,3,-0.100000000000000,0.150000000000000,3,-0.010000000000000,0.590000000000000,3
130500031002,Jackson Draw,0.090000000000000,0.140000000000000,4,0.400000000000000,0.360000000000000,4,0.230000000000000,0.310000000000000,4,-0.140000000000000,0.140000000000000,2,-0.130000000000000,0.560000000000000,2
130500031407,Allen Draw,0.450000000000000,0.190000000000000,5,-0.150000000000000,0.240000000000000,3,0.010000000000000,0.260000000000000,3,0.600000000000000,0.250000000000000,5,-0.360000000000000,0.500000000000000,1
130500031408,130500031408,1.130000000000000,0.280000000000000,5,0.010000000000000,0.270000000000000,3,-0.620000000000000,0.110000000000000,1,1.020000000000000,0.320000000000000,5,-1.280000000000000,0.290000000000000,1
130500031501,Fresnal Canyon,0.250000000000000,0.160000000000000,4,1.110000000000000,0.520000000000000,5,0.860000000000000,0.450000000000000,5,-0.530000000000000,0.080000000000000,1,0.700000000000000,0.750000000000000,5
130500031502,La Luz Canyon,-0.200000000000000,0.100000000000000,2,0.490000000000000,0.380000000000000,5,0.670000000000000,0.410000000000000,5,-0.730000000000000,0.050000000000000,1,0.770000000000000,0.770000000000000,5
130500031601,Marble Canyon-Dry Canyon,0.410000000000000,0.180000000000000,5,0.680000000000000,0.420000000000000,5,0.650000000000000,0.400000000000000,5,0.040000000000000,0.170000000000000,3,0.570000000000000,0.720000000000000,5
130500031602,Dillard Draw,0.830000000000000,0.240000000000000,5,0.350000000000000,0.350000000000000,4,0.170000000000000,0.290000000000000,4,0.690000000000000,0.270000000000000,5,0.370000000000000,0.680000000000000,4
130500031108,Coyote Canyon,0.300000000000000,0.170000000000000,5,0.340000000000000,0.350000000000000,4,0.280000000000000,0.320000000000000,4,-0.070000000000000,0.150000000000000,3,-0.150000000000000,0.550000000000000,2
130500031109,Temporal Creek,0.770000000000000,0.230000000000000,5,0.820000000000000,0.460000000000000,5,0.360000000000000,0.340000000000000,4,0.220000000000000,0.200000000000000,4,-0.170000000000000,0.550000000000000,2
130500031110,Middle Bitter Creek,0.470000000000000,0.190000000000000,5,0.020000000000000,0.280000000000000,3,-0.080000000000000,0.240000000000000,3,0.510000000000000,0.240000000000000,5,-0.500000000000000,0.470000000000000,1
130500031704,Grapevine Canyon,0.270000000000000,0.160000000000000,4,0.310000000000000,0.340000000000000,4,0.500000000000000,0.370000000000000,5,-0.090000000000000,0.150000000000000,3,-0.040000000000000,0.580000000000000,3
130500031705,Bug Scuffle Canyon,0.720000000000000,0.220000000000000,5,0.720000000000000,0.430000000000000,5,0.820000000000000,0.440000000000000,5,0.330000000000000,0.210000000000000,5,0.180000000000000,0.630000000000000,4
130500031706,Escondida Well,0.900000000000000,0.250000000000000,5,0.040000000000000,0.280000000000000,3,-0.150000000000000,0.220000000000000,3,0.750000000000000,0.280000000000000,5,-0.240000000000000,0.530000000000000,2
130500031707,Three Hermanos,1.040000000000000,0.270000000000000,5,-0.380000000000000,0.190000000000000,2,-0.220000000000000,0.200000000000000,2,1.170000000000000,0.340000000000000,5,-0.230000000000000,0.540000000000000,2
130500031801,Hay Meadow Canyon,0.350000000000000,0.180000000000000,5,-0.160000000000000,0.240000000000000,3,-0.250000000000000,0.200000000000000,2,0.330000000000000,0.210000000000000,5,-0.810000000000000,0.400000000000000,1
130500031802,Rough Canyon,0.680000000000000,0.220000000000000,5,-0.080000000000000,0.260000000000000,3,-0.280000000000000,0.190000000000000,2,0.560000000000000,0.250000000000000,5,-0.800000000000000,0.400000000000000,1
130500031803,Town of Turquoise,1.210000000000000,0.290000000000000,5,0.130000000000000,0.300000000000000,4,-0.220000000000000,0.210000000000000,3,0.850000000000000,0.290000000000000,5,-0.750000000000000,0.410000000000000,1
130500031804,Old Wright Place,0.280000000000000,0.170000000000000,4,-0.240000000000000,0.220000000000000,2,-0.200000000000000,0.210000000000000,3,0.270000000000000,0.200000000000000,4,-0.460000000000000,0.480000000000000,1
130500031806,Pipeline Canyon,0.080000000000000,0.140000000000000,4,0.110000000000000,0.300000000000000,4,0.160000000000000,0.290000000000000,4,-0.250000000000000,0.120000000000000,2,-0.100000000000000,0.570000000000000,2
130500031204,Upper Tularosa Creek,0.050000000000000,0.140000000000000,4,0.740000000000000,0.440000000000000,5,1.120000000000000,0.510000000000000,5,-0.620000000000000,0.070000000000000,1,0.550000000000000,0.720000000000000,5
130500031205,MiddleTularosa Creek,-0.160000000000000,0.110000000000000,2,0.350000000000000,0.350000000000000,4,0.590000000000000,0.390000000000000,5,-0.540000000000000,0.080000000000000,1,0.580000000000000,0.720000000000000,5
130500031206,Lower Tularosa Creek,0.650000000000000,0.220000000000000,5,0.380000000000000,0.360000000000000,4,0.350000000000000,0.340000000000000,4,0.320000000000000,0.210000000000000,5,-0.240000000000000,0.530000000000000,2
130500031301,Big Salt Lake-Three Rivers,0.020000000000000,0.130000000000000,3,-0.620000000000000,0.130000000000000,1,-0.450000000000000,0.150000000000000,2,0.400000000000000,0.220000000000000,5,-0.510000000000000,0.470000000000000,1
130500031302,Rock Tank,0.410000000000000,0.180000000000000,5,-0.440000000000000,0.170000000000000,2,-0.420000000000000,0.160000000000000,2,0.660000000000000,0.260000000000000,5,-0.570000000000000,0.460000000000000,1
130500031303,Schaller Spring,0.200000000000000,0.150000000000000,4,-0.410000000000000,0.180000000000000,2,-0.050000000000000,0.240000000000000,3,0.410000000000000,0.220000000000000,5,-0.430000000000000,0.490000000000000,1
130500031808,Esoon Peak,1.170000000000000,0.280000000000000,5,1.150000000000000,0.530000000000000,5,0.650000000000000,0.400000000000000,5,0.950000000000000,0.310000000000000,5,-0.530000000000000,0.470000000000000,1
130500031901,Mack Draw,0.170000000000000,0.150000000000000,4,0.000000000000000,0.270000000000000,3,-0.540000000000000,0.130000000000000,1,0.180000000000000,0.190000000000000,4,-0.690000000000000,0.430000000000000,1
130500031902,Antelope Peak,0.750000000000000,0.230000000000000,5,0.140000000000000,0.300000000000000,4,-0.330000000000000,0.180000000000000,2,0.510000000000000,0.240000000000000,5,-0.810000000000000,0.400000000000000,1
130500031903,Town of Oro Grande,1.070000000000000,0.270000000000000,5,0.370000000000000,0.360000000000000,4,0.130000000000000,0.290000000000000,4,0.930000000000000,0.300000000000000,5,-0.980000000000000,0.360000000000000,1
130500032001,Castner Draw,0.170000000000000,0.150000000000000,4,-0.240000000000000,0.220000000000000,2,-0.540000000000000,0.130000000000000,1,0.210000000000000,0.190000000000000,4,-0.810000000000000,0.400000000000000,1
130500032002,Flat Tank,0.130000000000000,0.150000000000000,4,-0.110000000000000,0.250000000000000,3,-0.320000000000000,0.180000000000000,2,0.170000000000000,0.190000000000000,4,-0.930000000000000,0.370000000000000,1
130500032003,Borrego Tank,0.110000000000000,0.140000000000000,4,-0.110000000000000,0.250000000000000,3,-0.390000000000000,0.170000000000000,2,-0.010000000000000,0.160000000000000,3,-0.870000000000000,0.380000000000000,1
130500032004,130500032004,0.240000000000000,0.160000000000000,4,-0.280000000000000,0.210000000000000,2,-0.520000000000000,0.140000000000000,1,0.610000000000000,0.250000000000000,5,-1.120000000000000,0.330000000000000,1
130500032005,Three Buttes,0.610000000000000,0.210000000000000,5,-0.060000000000000,0.260000000000000,3,-0.410000000000000,0.160000000000000,2,0.720000000000000,0.270000000000000,5,-1.160000000000000,0.320000000000000,1
130500032500,Antelope Tank,1.360000000000000,0.310000000000000,5,0.750000000000000,0.440000000000000,5,0.290000000000000,0.320000000000000,4,1.200000000000000,0.340000000000000,5,-0.780000000000000,0.410000000000000,1
130500031304,Big Salt Lake,1.250000000000000,0.290000000000000,5,-0.090000000000000,0.250000000000000,3,-0.090000000000000,0.240000000000000,3,1.330000000000000,0.360000000000000,5,-0.910000000000000,0.380000000000000,1
130500031401,Cottonwood Wash,-0.260000000000000,0.090000000000000,2,0.240000000000000,0.330000000000000,4,0.430000000000000,0.350000000000000,5,-0.560000000000000,0.080000000000000,1,0.650000000000000,0.740000000000000,5
130500031402,Hay Draw,0.160000000000000,0.150000000000000,4,-0.590000000000000,0.140000000000000,1,-0.280000000000000,0.190000000000000,2,0.390000000000000,0.220000000000000,5,0.020000000000000,0.590000000000000,3
130500031403,Sabinata Flat Arroyo,0.540000000000000,0.200000000000000,5,0.150000000000000,0.310000000000000,4,0.210000000000000,0.300000000000000,4,0.180000000000000,0.190000000000000,4,0.070000000000000,0.600000000000000,3
130500031404,Domingo Canyon,-0.190000000000000,0.100000000000000,2,0.400000000000000,0.360000000000000,4,0.560000000000000,0.380000000000000,5,-0.660000000000000,0.060000000000000,1,0.570000000000000,0.720000000000000,5
130500032202,130500032202,0.100000000000000,0.140000000000000,4,0.080000000000000,0.290000000000000,4,-0.270000000000000,0.190000000000000,2,0.520000000000000,0.240000000000000,5,-1.060000000000000,0.340000000000000,1
130500032203,Wessly Well,0.520000000000000,0.200000000000000,5,-0.090000000000000,0.250000000000000,3,-0.570000000000000,0.120000000000000,1,0.610000000000000,0.250000000000000,5,-1.240000000000000,0.300000000000000,1
130500032204,Rattlesnake Ridge,0.370000000000000,0.180000000000000,5,-0.110000000000000,0.250000000000000,3,-0.200000000000000,0.210000000000000,3,0.170000000000000,0.190000000000000,4,-0.800000000000000,0.400000000000000,1
130500032205,Old Coe Lake,0.800000000000000,0.230000000000000,5,-0.020000000000000,0.270000000000000,3,-0.160000000000000,0.220000000000000,3,0.590000000000000,0.250000000000000,5,-0.880000000000000,0.380000000000000,1
130500040209,Shiloh Well-Shiloh Draw,0.290000000000000,0.170000000000000,4,0.010000000000000,0.280000000000000,3,-0.550000000000000,0.130000000000000,1,0.080000000000000,0.170000000000000,4,-1.080000000000000,0.340000000000000,1
130500040504,Jernigan Wash,-0.180000000000000,0.100000000000000,2,0.070000000000000,0.290000000000000,4,-0.020000000000000,0.250000000000000,3,-0.470000000000000,0.090000000000000,1,-0.760000000000000,0.410000000000000,1
130500040505,Jernigan Wash-Cornucopia Draw,-0.060000000000000,0.120000000000000,3,0.200000000000000,0.320000000000000,4,-0.060000000000000,0.240000000000000,3,-0.420000000000000,0.100000000000000,1,-0.890000000000000,0.380000000000000,1
130500031405,Headwaters Sheep Camp Draw,0.600000000000000,0.210000000000000,5,0.680000000000000,0.420000000000000,5,0.520000000000000,0.370000000000000,5,0.340000000000000,0.210000000000000,5,-0.150000000000000,0.550000000000000,2
130500031406,Outlet Sheep Camp Draw,0.770000000000000,0.230000000000000,5,0.130000000000000,0.300000000000000,4,0.070000000000000,0.270000000000000,4,0.700000000000000,0.270000000000000,5,-0.160000000000000,0.550000000000000,2
130500031603,Holloman Air Force Base,1.060000000000000,0.270000000000000,5,-0.510000000000000,0.160000000000000,1,-0.020000000000000,0.250000000000000,3,1.270000000000000,0.350000000000000,5,0.290000000000000,0.660000000000000,4
130500031604,Garton Lake,1.050000000000000,0.270000000000000,5,-0.420000000000000,0.180000000000000,2,-0.200000000000000,0.210000000000000,3,1.220000000000000,0.350000000000000,5,-0.320000000000000,0.510000000000000,2
130500031701,Alamo Canyon,0.740000000000000,0.230000000000000,5,0.450000000000000,0.370000000000000,5,0.580000000000000,0.390000000000000,5,0.380000000000000,0.220000000000000,5,0.450000000000000,0.690000000000000,5
130500031702,Mule Canyon,0.680000000000000,0.220000000000000,5,0.360000000000000,0.350000000000000,4,0.710000000000000,0.420000000000000,5,0.380000000000000,0.220000000000000,5,0.430000000000000,0.690000000000000,5
130500031703,Dog Canyon,0.110000000000000,0.140000000000000,4,0.350000000000000,0.350000000000000,4,0.840000000000000,0.450000000000000,5,-0.180000000000000,0.140000000000000,2,0.340000000000000,0.670000000000000,4
130500031807,130500031807,1.050000000000000,0.270000000000000,5,-0.080000000000000,0.260000000000000,3,-0.140000000000000,0.220000000000000,3,0.920000000000000,0.300000000000000,5,-0.420000000000000,0.490000000000000,1
130500032304,Glendale Canyon,0.380000000000000,0.180000000000000,5,0.710000000000000,0.430000000000000,5,1.300000000000000,0.550000000000000,5,-0.120000000000000,0.140000000000000,3,-0.740000000000000,0.420000000000000,1
130500032305,130500032305,1.270000000000000,0.300000000000000,5,0.230000000000000,0.320000000000000,4,-0.520000000000000,0.140000000000000,1,1.050000000000000,0.320000000000000,5,-0.970000000000000,0.360000000000000,1
130500032306,Black Prince Canyon,0.790000000000000,0.230000000000000,5,0.270000000000000,0.330000000000000,4,0.060000000000000,0.270000000000000,4,0.300000000000000,0.210000000000000,4,-0.760000000000000,0.410000000000000,1
130500032307,Bear Canyon,0.820000000000000,0.240000000000000,5,1.040000000000000,0.510000000000000,5,1.260000000000000,0.540000000000000,5,-0.200000000000000,0.130000000000000,2,-0.250000000000000,0.530000000000000,2
130500032308,Parker Lake,0.990000000000000,0.260000000000000,5,-0.050000000000000,0.260000000000000,3,-0.070000000000000,0.240000000000000,3,0.890000000000000,0.300000000000000,5,-0.740000000000000,0.420000000000000,1
130500032401,Rock Canyon,0.430000000000000,0.190000000000000,5,0.120000000000000,0.300000000000000,4,0.320000000000000,0.330000000000000,4,0.080000000000000,0.170000000000000,4,-0.440000000000000,0.490000000000000,1
130500032402,Rhodes Canyon,0.340000000000000,0.170000000000000,5,0.560000000000000,0.400000000000000,5,0.660000000000000,0.410000000000000,5,-0.170000000000000,0.140000000000000,2,-0.370000000000000,0.500000000000000,1
130500032403,Headwaters Cottonwood Canyon,0.270000000000000,0.160000000000000,4,0.910000000000000,0.480000000000000,5,1.090000000000000,0.500000000000000,5,-0.490000000000000,0.090000000000000,1,-0.260000000000000,0.530000000000000,2
130500032404,Outlet Cottonwood Canyon,0.620000000000000,0.210000000000000,5,0.300000000000000,0.340000000000000,4,0.390000000000000,0.340000000000000,4,0.230000000000000,0.200000000000000,4,-0.630000000000000,0.440000000000000,1
130500032201,130500032201,-0.020000000000000,0.130000000000000,3,-0.560000000000000,0.150000000000000,1,-0.990000000000000,0.030000000000000,1,0.420000000000000,0.230000000000000,5,-1.260000000000000,0.290000000000000,1
130500040101,Arkansas Canyon-Sacramento River,-0.050000000000000,0.120000000000000,3,0.730000000000000,0.440000000000000,5,1.010000000000000,0.480000000000000,5,-0.470000000000000,0.090000000000000,1,0.350000000000000,0.670000000000000,4
130500040102,Ben WIlliams Canyon-Sacramento River,-0.060000000000000,0.120000000000000,3,0.450000000000000,0.370000000000000,5,0.900000000000000,0.460000000000000,5,-0.430000000000000,0.100000000000000,1,-0.170000000000000,0.550000000000000,2
130500040103,Prather Ranch-Sacramento River,-0.070000000000000,0.120000000000000,3,0.290000000000000,0.340000000000000,4,0.410000000000000,0.350000000000000,5,-0.380000000000000,0.100000000000000,1,-0.060000000000000,0.570000000000000,3
130500040104,Wildcat Draw,0.110000000000000,0.140000000000000,4,-0.090000000000000,0.250000000000000,3,-0.520000000000000,0.140000000000000,1,0.080000000000000,0.170000000000000,4,-0.310000000000000,0.520000000000000,2
130500040105,El Paso Canyon,-0.010000000000000,0.130000000000000,3,0.270000000000000,0.330000000000000,4,0.530000000000000,0.380000000000000,5,-0.390000000000000,0.100000000000000,1,-0.030000000000000,0.580000000000000,3
130500040106,El Paso Draw,0.290000000000000,0.170000000000000,4,0.230000000000000,0.320000000000000,4,-0.380000000000000,0.170000000000000,2,0.330000000000000,0.210000000000000,5,-0.400000000000000,0.500000000000000,1
130500040107,Prather Ranch,0.250000000000000,0.160000000000000,4,0.250000000000000,0.330000000000000,4,-0.320000000000000,0.180000000000000,2,0.240000000000000,0.200000000000000,4,-0.420000000000000,0.490000000000000,1
130500040108,Partnership Well-Sacramento River,0.020000000000000,0.130000000000000,3,-0.280000000000000,0.210000000000000,2,-0.400000000000000,0.160000000000000,2,0.180000000000000,0.190000000000000,4,-0.570000000000000,0.460000000000000,1
130500040201,Johno Well-Shiloh Draw,0.290000000000000,0.170000000000000,4,0.190000000000000,0.310000000000000,4,-0.480000000000000,0.150000000000000,1,0.300000000000000,0.210000000000000,4,-0.550000000000000,0.460000000000000,1
130500040301,Chatfield Canyon,-0.190000000000000,0.100000000000000,2,0.090000000000000,0.290000000000000,4,0.210000000000000,0.300000000000000,4,-0.420000000000000,0.100000000000000,1,-0.380000000000000,0.500000000000000,1
130500032206,Webb Gap,0.360000000000000,0.180000000000000,5,-0.150000000000000,0.240000000000000,3,-0.340000000000000,0.180000000000000,2,0.420000000000000,0.230000000000000,5,-0.820000000000000,0.400000000000000,1
130500032301,Springs Canyon,0.650000000000000,0.210000000000000,5,0.770000000000000,0.450000000000000,5,1.230000000000000,0.540000000000000,5,0.120000000000000,0.180000000000000,4,-1.060000000000000,0.340000000000000,1
130500040303,Rough Draw-Center Well,0.350000000000000,0.180000000000000,5,0.350000000000000,0.350000000000000,4,-0.010000000000000,0.250000000000000,3,0.330000000000000,0.210000000000000,5,-0.720000000000000,0.420000000000000,1
130500040304,Coffelt Draw,0.430000000000000,0.190000000000000,5,0.180000000000000,0.310000000000000,4,-0.500000000000000,0.140000000000000,1,0.350000000000000,0.220000000000000,5,-0.900000000000000,0.380000000000000,1
130500040305,Van Winkle Lake,0.090000000000000,0.140000000000000,4,0.100000000000000,0.300000000000000,4,-0.100000000000000,0.230000000000000,3,0.120000000000000,0.180000000000000,4,-1.090000000000000,0.330000000000000,1
130500032302,130500032302,0.920000000000000,0.250000000000000,5,-0.070000000000000,0.260000000000000,3,-0.750000000000000,0.080000000000000,1,0.870000000000000,0.290000000000000,5,-1.040000000000000,0.350000000000000,1
130500032303,Condron Airfield,1.200000000000000,0.290000000000000,5,0.100000000000000,0.300000000000000,4,-0.340000000000000,0.180000000000000,2,1.010000000000000,0.310000000000000,5,-1.050000000000000,0.340000000000000,1
130500032405,Strawberry Peak-Ash Canyon,0.720000000000000,0.220000000000000,5,-0.150000000000000,0.240000000000000,3,0.180000000000000,0.300000000000000,4,0.680000000000000,0.260000000000000,5,-0.840000000000000,0.390000000000000,1
130500032406,Sulphur Canyon,0.140000000000000,0.150000000000000,4,0.960000000000000,0.490000000000000,5,1.190000000000000,0.530000000000000,5,-0.670000000000000,0.060000000000000,1,-0.370000000000000,0.500000000000000,1
130500032407,Hembrillo Canyon,0.340000000000000,0.170000000000000,5,0.930000000000000,0.480000000000000,5,1.030000000000000,0.490000000000000,5,-0.560000000000000,0.080000000000000,1,-0.480000000000000,0.480000000000000,1
130500032408,Lost Man Canyon,0.390000000000000,0.180000000000000,5,0.490000000000000,0.380000000000000,5,0.530000000000000,0.380000000000000,5,-0.270000000000000,0.120000000000000,2,-0.360000000000000,0.500000000000000,1
130500032409,San Andres Canyon,0.720000000000000,0.220000000000000,5,0.500000000000000,0.380000000000000,5,0.310000000000000,0.330000000000000,4,0.010000000000000,0.160000000000000,3,-0.870000000000000,0.390000000000000,1
130500032410,Ash Canyon,0.870000000000000,0.240000000000000,5,0.810000000000000,0.450000000000000,5,0.660000000000000,0.410000000000000,5,0.020000000000000,0.170000000000000,3,-0.600000000000000,0.450000000000000,1
130500032411,San Nicholas Canyon,0.840000000000000,0.240000000000000,5,0.800000000000000,0.450000000000000,5,1.000000000000000,0.480000000000000,5,0.100000000000000,0.180000000000000,4,-0.310000000000000,0.520000000000000,2
130500032412,Lake Lucero,1.440000000000000,0.320000000000000,5,0.590000000000000,0.410000000000000,5,0.170000000000000,0.290000000000000,4,1.220000000000000,0.350000000000000,5,-1.220000000000000,0.300000000000000,1
130500040603,Little Dog Canyon,0.170000000000000,0.150000000000000,4,0.380000000000000,0.360000000000000,4,0.520000000000000,0.370000000000000,5,-0.320000000000000,0.110000000000000,2,-0.930000000000000,0.370000000000000,1
130500040604,Pup Canyon,0.280000000000000,0.170000000000000,4,-0.200000000000000,0.230000000000000,2,0.050000000000000,0.270000000000000,3,0.120000000000000,0.180000000000000,4,-0.970000000000000,0.360000000000000,1
130500040605,Middle Pinon Wash,0.330000000000000,0.170000000000000,5,-0.040000000000000,0.260000000000000,3,0.170000000000000,0.290000000000000,4,0.250000000000000,0.200000000000000,4,-0.880000000000000,0.380000000000000,1
130500040606,Lower Pinon Wash,0.980000000000000,0.260000000000000,5,-0.260000000000000,0.220000000000000,2,-0.400000000000000,0.160000000000000,2,0.870000000000000,0.290000000000000,5,-1.120000000000000,0.330000000000000,1
130500040701,Outlet Big Dog Canyon,-0.200000000000000,0.100000000000000,2,0.190000000000000,0.320000000000000,4,0.050000000000000,0.270000000000000,3,-0.290000000000000,0.120000000000000,2,-1.490000000000000,0.240000000000000,1
130500040703,Headwaters Big Dog Canyon,0.670000000000000,0.220000000000000,5,0.520000000000000,0.390000000000000,5,0.380000000000000,0.340000000000000,4,0.200000000000000,0.190000000000000,4,-2.040000000000000,0.110000000000000,1
130500040704,Box Canyon,0.460000000000000,0.190000000000000,5,0.360000000000000,0.350000000000000,4,0.140000000000000,0.290000000000000,4,0.020000000000000,0.160000000000000,3,-1.510000000000000,0.240000000000000,1
130500040705,Crow Flats,0.780000000000000,0.230000000000000,5,-0.340000000000000,0.200000000000000,2,-0.250000000000000,0.200000000000000,2,0.780000000000000,0.280000000000000,5,-1.260000000000000,0.290000000000000,1
130500040706,Boardwell Canyon,0.420000000000000,0.180000000000000,5,0.020000000000000,0.280000000000000,3,-0.090000000000000,0.230000000000000,3,0.180000000000000,0.190000000000000,4,-1.340000000000000,0.280000000000000,1
130500040202,Bassett Lake,0.310000000000000,0.170000000000000,5,0.460000000000000,0.380000000000000,5,-0.350000000000000,0.170000000000000,2,0.400000000000000,0.220000000000000,5,-0.590000000000000,0.450000000000000,1
130500040203,Hackberry Draw,0.130000000000000,0.150000000000000,4,0.380000000000000,0.360000000000000,4,-0.240000000000000,0.200000000000000,2,0.200000000000000,0.190000000000000,4,-0.680000000000000,0.430000000000000,1
130500040204,Antelope Well,0.280000000000000,0.170000000000000,4,0.380000000000000,0.360000000000000,4,-0.180000000000000,0.210000000000000,3,0.400000000000000,0.220000000000000,5,-0.570000000000000,0.460000000000000,1
130500040205,Wimberly Ranch,0.310000000000000,0.170000000000000,5,0.470000000000000,0.380000000000000,5,-0.110000000000000,0.230000000000000,3,0.360000000000000,0.220000000000000,5,-0.630000000000000,0.440000000000000,1
130500040206,Wimberly Ranch-Shiloh River,0.210000000000000,0.160000000000000,4,0.060000000000000,0.290000000000000,4,-0.290000000000000,0.190000000000000,2,0.160000000000000,0.190000000000000,4,-0.680000000000000,0.430000000000000,1
130500040207,New Tank Draw-Shiloh Draw,0.220000000000000,0.160000000000000,4,0.170000000000000,0.310000000000000,4,-0.250000000000000,0.200000000000000,2,0.170000000000000,0.190000000000000,4,-0.750000000000000,0.410000000000000,1
130500040208,Tulloch Lake-Shiloh Draw,0.220000000000000,0.160000000000000,4,0.300000000000000,0.340000000000000,4,-0.360000000000000,0.170000000000000,2,0.130000000000000,0.180000000000000,4,-0.880000000000000,0.380000000000000,1
130500032207,Quirlce Lake,0.770000000000000,0.230000000000000,5,1.820000000000000,0.680000000000000,5,1.650000000000000,0.630000000000000,5,0.660000000000000,0.260000000000000,5,-1.110000000000000,0.330000000000000,1
130500040702,Upper Dog Canyon,0.190000000000000,0.150000000000000,4,0.320000000000000,0.340000000000000,4,0.510000000000000,0.370000000000000,5,-0.110000000000000,0.150000000000000,3,-2.280000000000000,0.060000000000000,1
130500040801,Brokeoff Mountains,0.880000000000000,0.250000000000000,5,0.860000000000000,0.460000000000000,5,0.980000000000000,0.480000000000000,5,-0.030000000000000,0.160000000000000,3,-2.490000000000000,0.010000000000000,1
130500040803,Alkali Lakes,0.320000000000000,0.170000000000000,5,-0.330000000000000,0.200000000000000,2,0.020000000000000,0.260000000000000,3,0.310000000000000,0.210000000000000,5,-1.890000000000000,0.150000000000000,1
130500040902,Fourmile Draw-North Draw,0.370000000000000,0.180000000000000,5,0.580000000000000,0.400000000000000,5,0.160000000000000,0.290000000000000,4,0.310000000000000,0.210000000000000,4,-1.280000000000000,0.290000000000000,1
130500040903,Wind Mountain Draw,0.300000000000000,0.170000000000000,4,0.480000000000000,0.380000000000000,5,0.070000000000000,0.270000000000000,4,0.010000000000000,0.160000000000000,3,-1.100000000000000,0.330000000000000,1
130500040912,Culp Draw,0.530000000000000,0.200000000000000,5,-0.600000000000000,0.140000000000000,1,-0.470000000000000,0.150000000000000,2,0.710000000000000,0.270000000000000,5,-1.590000000000000,0.220000000000000,1
130500040913,North Draw,0.690000000000000,0.220000000000000,5,-0.270000000000000,0.210000000000000,2,-0.410000000000000,0.160000000000000,2,0.760000000000000,0.280000000000000,5,-1.610000000000000,0.210000000000000,1
130500041002,Cat Tank,0.060000000000000,0.140000000000000,4,0.070000000000000,0.290000000000000,4,-0.410000000000000,0.160000000000000,2,0.090000000000000,0.180000000000000,4,-0.810000000000000,0.400000000000000,1
130500041003,Camaleche Tanks,0.330000000000000,0.170000000000000,5,0.160000000000000,0.310000000000000,4,-0.760000000000000,0.080000000000000,1,0.400000000000000,0.220000000000000,5,-0.620000000000000,0.440000000000000,1
130500040401,Lick Canyon-Pinon Creek,-0.020000000000000,0.130000000000000,3,1.280000000000000,0.560000000000000,5,1.310000000000000,0.550000000000000,5,-0.390000000000000,0.100000000000000,1,0.120000000000000,0.620000000000000,3
130500040402,Stevens Draw,0.040000000000000,0.130000000000000,3,0.760000000000000,0.440000000000000,5,0.920000000000000,0.460000000000000,5,-0.030000000000000,0.160000000000000,3,0.170000000000000,0.630000000000000,4
130500040403,Stevens Draw-Pinon Creek,-0.020000000000000,0.130000000000000,3,0.060000000000000,0.290000000000000,4,0.420000000000000,0.350000000000000,5,0.070000000000000,0.170000000000000,4,0.240000000000000,0.640000000000000,4
130500040404,Pinon Ranch-Pinon Creek,-0.150000000000000,0.110000000000000,2,0.060000000000000,0.290000000000000,4,0.060000000000000,0.270000000000000,4,-0.160000000000000,0.140000000000000,2,0.090000000000000,0.610000000000000,3
130500040501,Fleming Draw-Cornucopia Draw,-0.150000000000000,0.110000000000000,2,0.210000000000000,0.320000000000000,4,0.250000000000000,0.310000000000000,4,-0.300000000000000,0.120000000000000,2,0.010000000000000,0.590000000000000,3
130500040502,Mclane Draw,0.040000000000000,0.130000000000000,4,0.130000000000000,0.300000000000000,4,-0.250000000000000,0.200000000000000,2,-0.300000000000000,0.120000000000000,2,-0.420000000000000,0.490000000000000,1
130500040503,Mclane Draw-Cornucopia Draw,-0.270000000000000,0.090000000000000,2,-0.020000000000000,0.270000000000000,3,-0.090000000000000,0.240000000000000,3,-0.410000000000000,0.100000000000000,1,-0.310000000000000,0.520000000000000,2
130500040506,Long Canyon-Cornucopia Draw,0.890000000000000,0.250000000000000,5,0.320000000000000,0.350000000000000,4,0.190000000000000,0.300000000000000,4,0.360000000000000,0.220000000000000,5,-1.200000000000000,0.310000000000000,1
130500040602,Templeton Ranch,0.420000000000000,0.180000000000000,5,-0.110000000000000,0.250000000000000,3,0.060000000000000,0.270000000000000,4,0.160000000000000,0.190000000000000,4,-0.860000000000000,0.390000000000000,1
130500040707,Chosie Canyon,0.540000000000000,0.200000000000000,5,0.110000000000000,0.300000000000000,4,0.210000000000000,0.300000000000000,4,0.230000000000000,0.200000000000000,4,-1.620000000000000,0.210000000000000,1
130500040802,Little Humphrey Canyon,0.480000000000000,0.190000000000000,5,-0.380000000000000,0.190000000000000,2,-0.170000000000000,0.210000000000000,3,0.530000000000000,0.240000000000000,5,-1.540000000000000,0.230000000000000,1
130500040904,Wind Mountain Draw-Cornudas Draw,0.100000000000000,0.140000000000000,4,0.330000000000000,0.350000000000000,4,-0.080000000000000,0.240000000000000,3,-0.220000000000000,0.130000000000000,2,-1.000000000000000,0.350000000000000,1
130500032101,New Tank,0.100000000000000,0.140000000000000,4,0.090000000000000,0.290000000000000,4,-0.260000000000000,0.200000000000000,2,-0.380000000000000,0.100000000000000,1,-0.780000000000000,0.410000000000000,1
130500032103,Eighteen Tank,999.000000000000000,999.000000000000000,999,999.000000000000000,999.000000000000000,999,999.000000000000000,999.000000000000000,999,999.000000000000000,999.000000000000000,999,999.000000000000000,999.000000000000000,999
130500032104,Coyote Tank,0.210000000000000,0.160000000000000,4,-0.170000000000000,0.230000000000000,3,-0.100000000000000,0.230000000000000,3,0.400000000000000,0.220000000000000,5,-1.040000000000000,0.350000000000000,1
130500032105,East Tularosa Valley,0.080000000000000,0.140000000000000,4,1.860000000000000,0.690000000000000,5,1.810000000000000,0.670000000000000,5,0.430000000000000,0.230000000000000,5,-1.240000000000000,0.300000000000000,1
130500032106,West Tularosa Valley,0.240000000000000,0.160000000000000,4,0.630000000000000,0.410000000000000,5,0.480000000000000,0.360000000000000,5,0.530000000000000,0.240000000000000,5,-1.360000000000000,0.270000000000000,1
130500041700,Mary Spring-Linda Lake,999.000000000000000,999.000000000000000,999,999.000000000000000,999.000000000000000,999,999.000000000000000,999.000000000000000,999,999.000000000000000,999.000000000000000,999,999.000000000000000,999.000000000000000,999
130302020505,Town of Spalding-Mimbres River,0.000000000000000,0.130000000000000,3,-0.640000000000000,0.130000000000000,1,-0.540000000000000,0.130000000000000,1,0.350000000000000,0.210000000000000,5,0.100000000000000,0.610000000000000,3
130302020601,Upper Porter Draw,-0.640000000000000,0.040000000000000,1,-0.440000000000000,0.170000000000000,2,-0.410000000000000,0.160000000000000,2,-0.310000000000000,0.120000000000000,2,0.240000000000000,0.640000000000000,4
130301021002,130301021002,0.080000000000000,0.140000000000000,4,-0.470000000000000,0.170000000000000,1,-0.840000000000000,0.060000000000000,1,0.360000000000000,0.220000000000000,5,-0.020000000000000,0.580000000000000,3
130301021003,West Potrillo Mountains,0.630000000000000,0.210000000000000,5,-0.030000000000000,0.270000000000000,3,-0.320000000000000,0.180000000000000,2,0.600000000000000,0.250000000000000,5,0.020000000000000,0.590000000000000,3
130301021004,Mount Riley,0.520000000000000,0.200000000000000,5,-0.080000000000000,0.250000000000000,3,-0.260000000000000,0.200000000000000,2,0.450000000000000,0.230000000000000,5,0.010000000000000,0.590000000000000,3
130301021005,Phillips Hole,-0.060000000000000,0.120000000000000,3,-0.610000000000000,0.140000000000000,1,-0.620000000000000,0.110000000000000,1,0.350000000000000,0.210000000000000,5,-0.290000000000000,0.520000000000000,2
130301021006,Kilbourne Hole,0.110000000000000,0.140000000000000,4,-0.450000000000000,0.170000000000000,1,-0.410000000000000,0.160000000000000,2,0.320000000000000,0.210000000000000,5,-0.260000000000000,0.530000000000000,2
130301021007,130301021007,-0.110000000000000,0.110000000000000,3,-0.530000000000000,0.150000000000000,1,-0.620000000000000,0.110000000000000,1,0.320000000000000,0.210000000000000,5,-0.710000000000000,0.420000000000000,1
130302010101,Upper Playas Valley,-0.140000000000000,0.110000000000000,3,-0.690000000000000,0.120000000000000,1,-0.460000000000000,0.150000000000000,2,0.040000000000000,0.170000000000000,4,0.480000000000000,0.700000000000000,5
130302010102,Middle Playas Valley,-0.340000000000000,0.080000000000000,2,-0.930000000000000,0.070000000000000,1,-0.710000000000000,0.090000000000000,1,0.030000000000000,0.170000000000000,3,0.430000000000000,0.690000000000000,5
130302010103,Water Canyon,-0.290000000000000,0.090000000000000,2,-0.470000000000000,0.170000000000000,1,-0.290000000000000,0.190000000000000,2,-0.030000000000000,0.160000000000000,3,0.400000000000000,0.680000000000000,5
130302010104,Lower Playas Valley,-0.080000000000000,0.120000000000000,3,-0.780000000000000,0.100000000000000,1,-0.620000000000000,0.110000000000000,1,0.240000000000000,0.200000000000000,4,0.400000000000000,0.680000000000000,5
130302010201,Gillespie Creek,-0.160000000000000,0.110000000000000,2,-0.220000000000000,0.220000000000000,2,-0.240000000000000,0.200000000000000,2,-0.130000000000000,0.140000000000000,3,0.550000000000000,0.720000000000000,5
130302010202,130302010202,-0.530000000000000,0.060000000000000,1,-0.820000000000000,0.090000000000000,1,-0.490000000000000,0.140000000000000,1,0.050000000000000,0.170000000000000,4,0.130000000000000,0.620000000000000,3
130301020202,Montoya Arroyo,0.250000000000000,0.160000000000000,4,-0.200000000000000,0.230000000000000,2,-0.420000000000000,0.160000000000000,2,-0.250000000000000,0.120000000000000,2,-0.130000000000000,0.560000000000000,2
130301020404,Rodney Canyon-Rio Grande,0.620000000000000,0.210000000000000,5,0.000000000000000,0.270000000000000,3,-0.050000000000000,0.240000000000000,3,0.140000000000000,0.180000000000000,4,-0.150000000000000,0.550000000000000,2
130301021001,Headquarters Hill,0.540000000000000,0.200000000000000,5,-0.230000000000000,0.220000000000000,2,-0.290000000000000,0.190000000000000,2,0.490000000000000,0.240000000000000,5,0.170000000000000,0.630000000000000,4
130301010101,Turkey Creek,0.150000000000000,0.150000000000000,4,0.650000000000000,0.420000000000000,5,0.250000000000000,0.310000000000000,4,-0.600000000000000,0.070000000000000,1,0.230000000000000,0.640000000000000,4
130301010102,Poverty Creek,-0.170000000000000,0.110000000000000,2,0.250000000000000,0.330000000000000,4,-0.040000000000000,0.240000000000000,3,-0.630000000000000,0.070000000000000,1,0.220000000000000,0.640000000000000,4
130301010103,Chloride Creek,0.230000000000000,0.160000000000000,4,0.920000000000000,0.480000000000000,5,0.790000000000000,0.440000000000000,5,-0.610000000000000,0.070000000000000,1,0.160000000000000,0.630000000000000,4
130301010104,South Fork Cuchillo Negro Creek,0.290000000000000,0.170000000000000,4,1.070000000000000,0.510000000000000,5,0.970000000000000,0.480000000000000,5,-0.560000000000000,0.080000000000000,1,0.110000000000000,0.610000000000000,3
130301010105,Monument Creek,0.220000000000000,0.160000000000000,4,0.760000000000000,0.440000000000000,5,0.410000000000000,0.350000000000000,4,-0.440000000000000,0.100000000000000,1,-0.040000000000000,0.580000000000000,3
130301010106,Monument Creek-Cuchillo Negro Creek,-0.180000000000000,0.100000000000000,2,0.270000000000000,0.330000000000000,4,0.270000000000000,0.320000000000000,4,-0.640000000000000,0.070000000000000,1,0.120000000000000,0.620000000000000,3
130301010107,Madera Canyon-Cuchillo Negro Creek,0.210000000000000,0.160000000000000,4,0.810000000000000,0.450000000000000,5,0.740000000000000,0.420000000000000,5,-0.480000000000000,0.090000000000000,1,-0.220000000000000,0.540000000000000,2
130302010203,Millsite Creek,0.240000000000000,0.160000000000000,4,0.020000000000000,0.280000000000000,3,-0.140000000000000,0.220000000000000,3,0.130000000000000,0.180000000000000,4,0.470000000000000,0.700000000000000,5
130302010204,Stone Cabin Gulch,-0.080000000000000,0.120000000000000,3,-0.310000000000000,0.200000000000000,2,-0.150000000000000,0.220000000000000,3,-0.050000000000000,0.150000000000000,3,0.420000000000000,0.690000000000000,5
130301020203,Headwaters Tierra Blanca Creek,0.430000000000000,0.190000000000000,5,1.520000000000000,0.610000000000000,5,1.500000000000000,0.600000000000000,5,-0.480000000000000,0.090000000000000,1,0.080000000000000,0.610000000000000,3
130301020204,Outlet Tierra Blanca Creek,0.120000000000000,0.150000000000000,4,0.180000000000000,0.310000000000000,4,-0.130000000000000,0.230000000000000,3,-0.380000000000000,0.110000000000000,1,-0.020000000000000,0.580000000000000,3
130301020501,Tonuco Draw,0.430000000000000,0.190000000000000,5,-0.520000000000000,0.160000000000000,1,-0.380000000000000,0.170000000000000,2,0.570000000000000,0.250000000000000,5,-0.580000000000000,0.450000000000000,1
130301020502,Bignell Arroyo-Rio Grande,0.740000000000000,0.230000000000000,5,-0.080000000000000,0.250000000000000,3,-0.250000000000000,0.200000000000000,2,0.300000000000000,0.210000000000000,4,-0.290000000000000,0.520000000000000,2
130301020503,Coyote Canyon,0.240000000000000,0.160000000000000,4,-0.230000000000000,0.220000000000000,2,-0.290000000000000,0.190000000000000,2,-0.010000000000000,0.160000000000000,3,0.050000000000000,0.600000000000000,3
130301020504,Broad Canyon Creek,0.840000000000000,0.240000000000000,5,0.670000000000000,0.420000000000000,5,0.640000000000000,0.400000000000000,5,0.010000000000000,0.160000000000000,3,0.150000000000000,0.620000000000000,4
130301020505,Rock Canyon Creek-Rio Grande,0.690000000000000,0.220000000000000,5,-0.080000000000000,0.260000000000000,3,-0.060000000000000,0.240000000000000,3,0.090000000000000,0.180000000000000,4,-0.400000000000000,0.500000000000000,1
130301020506,Faulkner Canyon Creek,0.080000000000000,0.140000000000000,4,-0.240000000000000,0.220000000000000,2,-0.040000000000000,0.250000000000000,3,-0.270000000000000,0.120000000000000,2,-0.240000000000000,0.530000000000000,2
130301020507,Foster Canyon Creek-Rio Grande,0.240000000000000,0.160000000000000,4,-0.330000000000000,0.200000000000000,2,-0.140000000000000,0.220000000000000,3,-0.260000000000000,0.120000000000000,2,-0.460000000000000,0.480000000000000,1
130301020702,Tortugas Arroyo,-0.260000000000000,0.090000000000000,2,-0.410000000000000,0.180000000000000,2,0.010000000000000,0.260000000000000,3,-0.180000000000000,0.140000000000000,2,-0.960000000000000,0.360000000000000,1
130301020703,Achenback Canyon,-0.220000000000000,0.100000000000000,2,-0.590000000000000,0.140000000000000,1,-0.350000000000000,0.170000000000000,2,-0.010000000000000,0.160000000000000,3,-1.270000000000000,0.290000000000000,1
130301030307,Flat Lake,0.240000000000000,0.160000000000000,4,-0.800000000000000,0.090000000000000,1,-0.660000000000000,0.100000000000000,1,0.570000000000000,0.250000000000000,5,-0.530000000000000,0.470000000000000,1
130301010108,Willow Spring Draw,-0.070000000000000,0.120000000000000,3,-0.110000000000000,0.250000000000000,3,-0.230000000000000,0.200000000000000,2,-0.140000000000000,0.140000000000000,3,-0.320000000000000,0.510000000000000,2
130301010109,Willow Spring Draw-Cuchillo Negro Creek,0.000000000000000,0.130000000000000,3,0.040000000000000,0.280000000000000,3,-0.270000000000000,0.190000000000000,2,-0.430000000000000,0.100000000000000,1,-0.400000000000000,0.500000000000000,1
130301010110,Yaple Canyon-Cuchillo Negro Creek,0.370000000000000,0.180000000000000,5,-0.090000000000000,0.250000000000000,3,-0.380000000000000,0.170000000000000,2,-0.110000000000000,0.150000000000000,3,-0.880000000000000,0.380000000000000,1
130301010201,MescalCanyon,0.200000000000000,0.160000000000000,4,0.240000000000000,0.330000000000000,4,-0.130000000000000,0.230000000000000,3,-0.340000000000000,0.110000000000000,2,-0.600000000000000,0.450000000000000,1
130301010202,Mud Springs Canyon,0.190000000000000,0.150000000000000,4,-0.370000000000000,0.190000000000000,2,-0.590000000000000,0.120000000000000,1,0.020000000000000,0.160000000000000,3,-0.770000000000000,0.410000000000000,1
130301010203,Canada Honda,-0.260000000000000,0.090000000000000,2,-0.650000000000000,0.130000000000000,1,-0.750000000000000,0.080000000000000,1,-0.030000000000000,0.160000000000000,3,-0.630000000000000,0.440000000000000,1
130301010303,Percha Creek,0.110000000000000,0.140000000000000,4,0.060000000000000,0.290000000000000,4,-0.160000000000000,0.220000000000000,3,-0.300000000000000,0.120000000000000,2,-0.180000000000000,0.550000000000000,2
130301010401,North Seco Canyon,0.490000000000000,0.190000000000000,5,1.390000000000000,0.580000000000000,5,1.540000000000000,0.610000000000000,5,-0.440000000000000,0.100000000000000,1,0.260000000000000,0.650000000000000,4
130301010402,King Arroyo,0.180000000000000,0.150000000000000,4,-0.140000000000000,0.240000000000000,3,-0.460000000000000,0.150000000000000,2,-0.030000000000000,0.160000000000000,3,-0.550000000000000,0.460000000000000,1
130301010403,Seco Creek,0.050000000000000,0.140000000000000,4,0.480000000000000,0.380000000000000,5,0.370000000000000,0.340000000000000,4,-0.320000000000000,0.110000000000000,2,-0.120000000000000,0.560000000000000,2
130301010404,Holden Prong,0.880000000000000,0.250000000000000,5,1.680000000000000,0.650000000000000,5,1.690000000000000,0.640000000000000,5,-0.230000000000000,0.130000000000000,2,0.110000000000000,0.610000000000000,3
130301010405,Cave Creek,0.200000000000000,0.160000000000000,4,0.940000000000000,0.480000000000000,5,1.020000000000000,0.490000000000000,5,-0.460000000000000,0.090000000000000,1,0.100000000000000,0.610000000000000,3
130301010406,Headwaters Los Animas Creek,0.380000000000000,0.180000000000000,5,1.260000000000000,0.560000000000000,5,1.440000000000000,0.580000000000000,5,-0.480000000000000,0.090000000000000,1,0.000000000000000,0.590000000000000,3
130301010407,Animas Gulch,0.140000000000000,0.150000000000000,4,0.520000000000000,0.390000000000000,5,0.110000000000000,0.280000000000000,4,-0.480000000000000,0.090000000000000,1,-0.150000000000000,0.550000000000000,2
130301010408,Outlet Los Animas Creek,0.140000000000000,0.150000000000000,4,0.100000000000000,0.290000000000000,4,-0.070000000000000,0.240000000000000,3,-0.260000000000000,0.120000000000000,2,-0.550000000000000,0.460000000000000,1
130301010409,Seco Creek-Caballo Reservoir,1.270000000000000,0.300000000000000,5,0.350000000000000,0.350000000000000,4,0.220000000000000,0.300000000000000,4,0.550000000000000,0.240000000000000,5,-0.880000000000000,0.380000000000000,1
130301010410,Greenhorn Arroyo,0.020000000000000,0.130000000000000,3,-0.260000000000000,0.220000000000000,2,-0.380000000000000,0.170000000000000,2,0.050000000000000,0.170000000000000,4,-0.400000000000000,0.490000000000000,1
130301010411,Percha Creek-Caballo Reservoir,5.120000000000000,0.810000000000000,5,0.120000000000000,0.300000000000000,4,0.040000000000000,0.260000000000000,3,3.860000000000000,0.750000000000000,5,-0.710000000000000,0.420000000000000,1
130301030101,Engle Lake,-0.310000000000000,0.090000000000000,2,-0.670000000000000,0.120000000000000,1,-0.330000000000000,0.180000000000000,2,0.160000000000000,0.190000000000000,4,-0.590000000000000,0.450000000000000,1
130301030102,Shannon Canyon,0.060000000000000,0.140000000000000,4,-0.100000000000000,0.250000000000000,3,-0.100000000000000,0.230000000000000,3,-0.020000000000000,0.160000000000000,3,-0.330000000000000,0.510000000000000,2
130301030103,Shannon Draw-Jornada Lakes,-0.420000000000000,0.070000000000000,1,-0.700000000000000,0.120000000000000,1,-0.320000000000000,0.180000000000000,2,0.140000000000000,0.180000000000000,4,-0.560000000000000,0.460000000000000,1
130301030104,Jornada Lakes-Jornada Draw,-0.330000000000000,0.090000000000000,2,-0.540000000000000,0.150000000000000,1,-0.230000000000000,0.200000000000000,2,0.150000000000000,0.180000000000000,4,-0.490000000000000,0.470000000000000,1
130301030201,Big Ditch Draw,0.330000000000000,0.170000000000000,5,-0.120000000000000,0.250000000000000,3,-0.200000000000000,0.210000000000000,3,0.200000000000000,0.190000000000000,4,-0.410000000000000,0.490000000000000,1
130301020101,Ricketson Draw,0.180000000000000,0.150000000000000,4,-0.060000000000000,0.260000000000000,3,-0.320000000000000,0.180000000000000,2,0.080000000000000,0.170000000000000,4,0.290000000000000,0.660000000000000,4
130301020102,Jug Canyon Creek,0.010000000000000,0.130000000000000,3,-0.370000000000000,0.190000000000000,2,-0.460000000000000,0.150000000000000,2,0.140000000000000,0.180000000000000,4,0.260000000000000,0.650000000000000,4
130301020103,130301020103,0.470000000000000,0.190000000000000,5,-0.260000000000000,0.210000000000000,2,-0.550000000000000,0.130000000000000,1,0.270000000000000,0.200000000000000,4,0.180000000000000,0.630000000000000,4
130301020104,Cuervo Arroyo,0.520000000000000,0.200000000000000,5,-0.280000000000000,0.210000000000000,2,-0.430000000000000,0.160000000000000,2,0.010000000000000,0.160000000000000,3,0.170000000000000,0.630000000000000,4
130301020201,Trujillo Canyon Creek,0.270000000000000,0.160000000000000,4,0.450000000000000,0.370000000000000,5,0.330000000000000,0.330000000000000,4,-0.380000000000000,0.110000000000000,1,-0.050000000000000,0.580000000000000,3
130301020205,Green Canyon Creek,0.010000000000000,0.130000000000000,3,-0.170000000000000,0.230000000000000,3,-0.210000000000000,0.210000000000000,3,-0.580000000000000,0.080000000000000,1,-0.470000000000000,0.480000000000000,1
130301020206,Nordstrom Arroyo-Rio Grande,1.190000000000000,0.290000000000000,5,-0.010000000000000,0.270000000000000,3,0.000000000000000,0.260000000000000,3,0.570000000000000,0.250000000000000,5,-0.490000000000000,0.470000000000000,1
130301020207,Jaralosa Creek,0.020000000000000,0.130000000000000,3,0.210000000000000,0.320000000000000,4,-0.130000000000000,0.230000000000000,3,-0.420000000000000,0.100000000000000,1,0.100000000000000,0.610000000000000,3
130301020208,Headwaters Berrenda Creek,0.030000000000000,0.130000000000000,3,0.600000000000000,0.410000000000000,5,0.600000000000000,0.390000000000000,5,-0.500000000000000,0.090000000000000,1,0.160000000000000,0.620000000000000,4
130301020209,Outlet Berrenda Creek,0.360000000000000,0.180000000000000,5,-0.170000000000000,0.230000000000000,3,-0.310000000000000,0.180000000000000,2,-0.230000000000000,0.130000000000000,2,0.050000000000000,0.600000000000000,3
130301020210,Sibley Canyon-Rio Grande,0.550000000000000,0.200000000000000,5,-0.160000000000000,0.240000000000000,3,-0.290000000000000,0.190000000000000,2,0.100000000000000,0.180000000000000,4,-0.080000000000000,0.570000000000000,3
130301020211,Arroyo Yeso-Rio Grande,0.870000000000000,0.240000000000000,5,-0.040000000000000,0.260000000000000,3,-0.160000000000000,0.220000000000000,3,0.240000000000000,0.200000000000000,4,-0.260000000000000,0.530000000000000,2
130301020301,Headwaters Barbee Draw,0.140000000000000,0.150000000000000,4,-0.120000000000000,0.250000000000000,3,-0.150000000000000,0.220000000000000,3,-0.100000000000000,0.150000000000000,3,-0.320000000000000,0.510000000000000,2
130301020302,Outlet Barbee Draw,0.100000000000000,0.140000000000000,4,-0.470000000000000,0.170000000000000,1,-0.270000000000000,0.190000000000000,2,0.140000000000000,0.180000000000000,4,-0.420000000000000,0.490000000000000,1
130301020303,Headwaters Rincon Arroyo,0.440000000000000,0.190000000000000,5,-0.200000000000000,0.230000000000000,2,-0.350000000000000,0.170000000000000,2,0.180000000000000,0.190000000000000,4,-0.340000000000000,0.510000000000000,2
130301020304,Outlet Rincon Arroyo,0.810000000000000,0.240000000000000,5,-0.130000000000000,0.240000000000000,3,-0.510000000000000,0.140000000000000,1,0.410000000000000,0.220000000000000,5,-0.440000000000000,0.490000000000000,1
130301020401,McLeod Arroyo,-0.030000000000000,0.120000000000000,3,-0.170000000000000,0.230000000000000,3,-0.220000000000000,0.200000000000000,2,-0.460000000000000,0.090000000000000,1,-0.390000000000000,0.500000000000000,1
130301020402,Placitas Arroyo,0.520000000000000,0.200000000000000,5,0.210000000000000,0.320000000000000,4,0.030000000000000,0.260000000000000,3,0.250000000000000,0.200000000000000,4,0.190000000000000,0.630000000000000,4
130301020403,Hammett Dam-Rio Grande,0.790000000000000,0.230000000000000,5,-0.140000000000000,0.240000000000000,3,-0.320000000000000,0.180000000000000,2,0.300000000000000,0.210000000000000,4,-0.200000000000000,0.540000000000000,2
130301020601,Wagner Canyon-Rio Grande,0.310000000000000,0.170000000000000,5,-0.290000000000000,0.210000000000000,2,-0.060000000000000,0.240000000000000,3,-0.070000000000000,0.150000000000000,3,-0.860000000000000,0.390000000000000,1
130301020602,Box Canyon-Rio Grande,0.140000000000000,0.150000000000000,4,-0.460000000000000,0.170000000000000,1,-0.060000000000000,0.240000000000000,3,0.090000000000000,0.180000000000000,4,-1.120000000000000,0.330000000000000,1
130301020604,Rough n Ready Hills,0.080000000000000,0.140000000000000,4,-0.540000000000000,0.150000000000000,1,-0.520000000000000,0.140000000000000,1,0.170000000000000,0.190000000000000,4,0.030000000000000,0.600000000000000,3
130301020603,Aden Crater,0.190000000000000,0.150000000000000,4,-0.610000000000000,0.140000000000000,1,-0.600000000000000,0.120000000000000,1,0.410000000000000,0.220000000000000,5,-0.040000000000000,0.580000000000000,3
130301020605,130301020605,0.000000000000000,0.130000000000000,3,-0.800000000000000,0.090000000000000,1,-0.710000000000000,0.090000000000000,1,0.320000000000000,0.210000000000000,5,-0.130000000000000,0.560000000000000,2
130301020606,130301020606,0.080000000000000,0.140000000000000,4,-0.700000000000000,0.120000000000000,1,-0.620000000000000,0.110000000000000,1,0.380000000000000,0.220000000000000,5,-0.310000000000000,0.520000000000000,2
130301020607,Alameda Arroyo,-0.160000000000000,0.110000000000000,2,-0.490000000000000,0.160000000000000,1,-0.200000000000000,0.210000000000000,3,-0.130000000000000,0.140000000000000,3,-0.770000000000000,0.410000000000000,1
130301020608,Picacho Drain-Rio Grande,0.500000000000000,0.200000000000000,5,-0.210000000000000,0.230000000000000,2,0.000000000000000,0.260000000000000,3,0.490000000000000,0.240000000000000,5,-1.220000000000000,0.300000000000000,1
130301020701,Santo Tomas de Yturbide Colony,0.190000000000000,0.150000000000000,4,-0.580000000000000,0.140000000000000,1,-0.650000000000000,0.110000000000000,1,0.440000000000000,0.230000000000000,5,-0.460000000000000,0.480000000000000,1
130301010204,Mud Spring Canyon,0.500000000000000,0.190000000000000,5,1.460000000000000,0.600000000000000,5,1.690000000000000,0.640000000000000,5,-0.460000000000000,0.090000000000000,1,0.240000000000000,0.650000000000000,4
130301010205,Circle Seven Creek,0.370000000000000,0.180000000000000,5,1.300000000000000,0.560000000000000,5,1.330000000000000,0.560000000000000,5,-0.500000000000000,0.090000000000000,1,0.210000000000000,0.640000000000000,4
130301010206,North Fork Palomas Creek,0.170000000000000,0.150000000000000,4,0.820000000000000,0.460000000000000,5,0.770000000000000,0.430000000000000,5,-0.480000000000000,0.090000000000000,1,0.030000000000000,0.600000000000000,3
130301010207,South Fork Palomas Creek,0.300000000000000,0.170000000000000,5,1.020000000000000,0.500000000000000,5,0.960000000000000,0.470000000000000,5,-0.500000000000000,0.090000000000000,1,0.060000000000000,0.600000000000000,3
130301010208,Salado Creek,0.120000000000000,0.150000000000000,4,0.490000000000000,0.380000000000000,5,0.150000000000000,0.290000000000000,4,-0.380000000000000,0.110000000000000,1,-0.090000000000000,0.570000000000000,2
130301010209,Salado Creek-Palomas Creek,0.110000000000000,0.140000000000000,4,0.380000000000000,0.360000000000000,4,-0.020000000000000,0.250000000000000,3,-0.480000000000000,0.090000000000000,1,-0.330000000000000,0.510000000000000,2
130301010210,Canon del Molino Viejo-Palomas Creek,0.260000000000000,0.160000000000000,4,-0.100000000000000,0.250000000000000,3,-0.270000000000000,0.190000000000000,2,-0.250000000000000,0.130000000000000,2,-0.690000000000000,0.430000000000000,1
130301010211,Red Canyon,0.430000000000000,0.190000000000000,5,0.480000000000000,0.380000000000000,5,0.220000000000000,0.310000000000000,4,-0.370000000000000,0.110000000000000,2,-0.570000000000000,0.460000000000000,1
130301010212,Palomas Creek-Rio Grande,0.600000000000000,0.210000000000000,5,0.070000000000000,0.290000000000000,4,0.160000000000000,0.290000000000000,4,0.050000000000000,0.170000000000000,4,-0.970000000000000,0.360000000000000,1
130301010301,South Percha Creek,0.390000000000000,0.180000000000000,5,1.010000000000000,0.500000000000000,5,0.980000000000000,0.480000000000000,5,-0.450000000000000,0.090000000000000,1,0.020000000000000,0.590000000000000,3
130301010302,North Percha Creek,0.430000000000000,0.190000000000000,5,1.180000000000000,0.540000000000000,5,1.150000000000000,0.520000000000000,5,-0.440000000000000,0.100000000000000,1,0.090000000000000,0.610000000000000,3
130500030107,Monte Prieto Ranch,-0.230000000000000,0.100000000000000,2,-0.180000000000000,0.230000000000000,3,-0.400000000000000,0.160000000000000,2,-0.020000000000000,0.160000000000000,3,-0.150000000000000,0.550000000000000,2
130500030108,Flat Well,-0.400000000000000,0.080000000000000,1,0.180000000000000,0.310000000000000,4,-0.260000000000000,0.200000000000000,2,0.030000000000000,0.170000000000000,3,-0.040000000000000,0.580000000000000,3
130500030109,Dean Ranch,-0.370000000000000,0.080000000000000,2,0.160000000000000,0.310000000000000,4,-0.280000000000000,0.190000000000000,2,0.100000000000000,0.180000000000000,4,0.060000000000000,0.600000000000000,3
130500030204,Pinatosa Canyon,0.060000000000000,0.140000000000000,4,1.110000000000000,0.520000000000000,5,0.780000000000000,0.430000000000000,5,-0.120000000000000,0.140000000000000,3,0.220000000000000,0.640000000000000,4
130500030205,Lower Largo Canyon,-0.400000000000000,0.080000000000000,1,0.080000000000000,0.290000000000000,4,-0.120000000000000,0.230000000000000,3,0.130000000000000,0.180000000000000,4,0.120000000000000,0.620000000000000,3
130500030301,Big Pine Canyon,-0.210000000000000,0.100000000000000,2,0.930000000000000,0.480000000000000,5,0.840000000000000,0.450000000000000,5,-0.480000000000000,0.090000000000000,1,0.640000000000000,0.740000000000000,5
130500030302,Headwaters Ancho Gulch,-0.050000000000000,0.120000000000000,3,0.560000000000000,0.400000000000000,5,0.340000000000000,0.330000000000000,4,-0.070000000000000,0.150000000000000,3,0.450000000000000,0.690000000000000,5
130500030303,Outlet Ancho Gulch,-0.230000000000000,0.100000000000000,2,0.400000000000000,0.360000000000000,4,0.300000000000000,0.320000000000000,4,0.040000000000000,0.170000000000000,3,0.270000000000000,0.650000000000000,4
130500030401,Harvey Draw-Largo Canyon,-0.320000000000000,0.090000000000000,2,-0.290000000000000,0.210000000000000,2,-0.610000000000000,0.120000000000000,1,0.050000000000000,0.170000000000000,4,0.050000000000000,0.600000000000000,3
130301030401,Red Draw,0.630000000000000,0.210000000000000,5,-0.310000000000000,0.200000000000000,2,-0.490000000000000,0.140000000000000,1,0.430000000000000,0.230000000000000,5,-0.600000000000000,0.450000000000000,1
130301030402,Horse Camp Draw,0.230000000000000,0.160000000000000,4,-0.640000000000000,0.130000000000000,1,-0.650000000000000,0.110000000000000,1,0.330000000000000,0.210000000000000,5,-0.630000000000000,0.440000000000000,1
130500030501,Tortolita Arroyo,-0.060000000000000,0.120000000000000,3,0.830000000000000,0.460000000000000,5,0.960000000000000,0.470000000000000,5,-0.430000000000000,0.100000000000000,1,0.770000000000000,0.770000000000000,5
150400010404,Headwaters Diamond Creek,0.140000000000000,0.150000000000000,4,0.880000000000000,0.470000000000000,5,0.870000000000000,0.450000000000000,5,-0.560000000000000,0.080000000000000,1,0.320000000000000,0.660000000000000,4
150400010405,South Diamond Creek,0.100000000000000,0.140000000000000,4,0.770000000000000,0.440000000000000,5,0.550000000000000,0.380000000000000,5,-0.560000000000000,0.080000000000000,1,0.340000000000000,0.670000000000000,4
150400010901,Sapillo Creek-Gila River,0.270000000000000,0.160000000000000,4,1.300000000000000,0.560000000000000,5,1.560000000000000,0.610000000000000,5,-0.570000000000000,0.080000000000000,1,0.460000000000000,0.700000000000000,5
150400010902,Hells Canyon-Gila River,0.210000000000000,0.160000000000000,4,1.250000000000000,0.550000000000000,5,1.520000000000000,0.600000000000000,5,-0.560000000000000,0.080000000000000,1,0.510000000000000,0.710000000000000,5
150400010903,Turkey Creek,0.080000000000000,0.140000000000000,4,1.260000000000000,0.550000000000000,5,1.930000000000000,0.700000000000000,5,-0.720000000000000,0.050000000000000,1,0.480000000000000,0.700000000000000,5
150400010904,Upper Mogollon Creek,0.140000000000000,0.150000000000000,4,1.470000000000000,0.600000000000000,5,2.100000000000000,0.740000000000000,5,-0.760000000000000,0.050000000000000,1,0.570000000000000,0.720000000000000,5
150400010905,Middle Mogollon Creek,0.130000000000000,0.150000000000000,4,1.130000000000000,0.530000000000000,5,1.770000000000000,0.660000000000000,5,-0.520000000000000,0.080000000000000,1,0.430000000000000,0.690000000000000,5
150400010906,Lower Mogollon Creek,-0.050000000000000,0.120000000000000,3,0.630000000000000,0.410000000000000,5,1.060000000000000,0.500000000000000,5,-0.470000000000000,0.090000000000000,1,0.420000000000000,0.690000000000000,5
150400010907,Mogollon Creek-Gila River,0.100000000000000,0.140000000000000,4,1.140000000000000,0.530000000000000,5,1.980000000000000,0.710000000000000,5,-0.670000000000000,0.060000000000000,1,0.400000000000000,0.680000000000000,5
150400020101,Upper Bear Creek,-0.160000000000000,0.110000000000000,2,0.590000000000000,0.410000000000000,5,0.570000000000000,0.380000000000000,5,-0.700000000000000,0.060000000000000,1,0.300000000000000,0.660000000000000,4
150400020703,Carlisle Canyon,-0.360000000000000,0.080000000000000,2,-0.060000000000000,0.260000000000000,3,0.350000000000000,0.330000000000000,4,-0.660000000000000,0.060000000000000,1,0.700000000000000,0.750000000000000,5
150400020704,Horseshoe Wash,-0.040000000000000,0.120000000000000,3,-0.450000000000000,0.170000000000000,1,-0.450000000000000,0.150000000000000,2,0.270000000000000,0.200000000000000,4,0.490000000000000,0.700000000000000,5
150400020705,Round Mountain Draw,0.050000000000000,0.140000000000000,4,-0.240000000000000,0.220000000000000,2,-0.010000000000000,0.250000000000000,3,-0.020000000000000,0.160000000000000,3,0.400000000000000,0.680000000000000,5
150400010101,Upper Railroad Canyon,0.140000000000000,0.150000000000000,4,0.680000000000000,0.420000000000000,5,0.780000000000000,0.430000000000000,5,0.280000000000000,0.200000000000000,4,0.720000000000000,0.760000000000000,5
150400010102,Middle Railroad Canyon,0.070000000000000,0.140000000000000,4,0.240000000000000,0.330000000000000,4,0.150000000000000,0.290000000000000,4,-0.100000000000000,0.150000000000000,3,0.840000000000000,0.780000000000000,5
150400010103,Lower Railroad Canyon,0.050000000000000,0.140000000000000,4,0.180000000000000,0.310000000000000,4,0.170000000000000,0.290000000000000,4,-0.170000000000000,0.140000000000000,2,0.810000000000000,0.780000000000000,5
150400010201,Upper Corduroy Draw,0.170000000000000,0.150000000000000,4,1.600000000000000,0.630000000000000,5,1.430000000000000,0.580000000000000,5,-0.090000000000000,0.150000000000000,3,0.600000000000000,0.730000000000000,5
150400010202,South Water Canyon,0.210000000000000,0.160000000000000,4,0.360000000000000,0.350000000000000,4,-0.110000000000000,0.230000000000000,3,-0.170000000000000,0.140000000000000,2,0.310000000000000,0.660000000000000,4
150400010203,Middle Corduroy Draw,0.360000000000000,0.180000000000000,5,0.700000000000000,0.430000000000000,5,0.370000000000000,0.340000000000000,4,-0.010000000000000,0.160000000000000,3,0.470000000000000,0.700000000000000,5
150400010204,Lower Corduroy Draw,0.040000000000000,0.130000000000000,4,0.310000000000000,0.340000000000000,4,0.030000000000000,0.260000000000000,3,-0.450000000000000,0.090000000000000,1,0.350000000000000,0.670000000000000,4
150400010302,Coyote Canyon,-0.120000000000000,0.110000000000000,3,0.120000000000000,0.300000000000000,4,0.120000000000000,0.280000000000000,4,-0.170000000000000,0.140000000000000,2,1.020000000000000,0.830000000000000,5
150400010303,O Bar O Canyon,0.070000000000000,0.140000000000000,4,0.240000000000000,0.330000000000000,4,0.060000000000000,0.270000000000000,4,-0.120000000000000,0.140000000000000,3,0.880000000000000,0.790000000000000,5
150400010304,Houghton Canyon,0.110000000000000,0.140000000000000,4,0.380000000000000,0.360000000000000,4,-0.160000000000000,0.220000000000000,3,-0.240000000000000,0.130000000000000,2,0.840000000000000,0.780000000000000,5
150400010305,Houghton Canyon-Beaver Creek,0.020000000000000,0.130000000000000,3,0.310000000000000,0.340000000000000,4,0.090000000000000,0.280000000000000,4,-0.330000000000000,0.110000000000000,2,0.570000000000000,0.720000000000000,5
150400010401,Hoyt Creek,0.230000000000000,0.160000000000000,4,0.850000000000000,0.460000000000000,5,0.300000000000000,0.320000000000000,4,-0.530000000000000,0.080000000000000,1,0.220000000000000,0.640000000000000,4
150400030707,Wood Canyon,0.000000000000000,0.130000000000000,3,-0.690000000000000,0.120000000000000,1,-0.520000000000000,0.140000000000000,1,0.350000000000000,0.210000000000000,5,0.390000000000000,0.680000000000000,4
150400030710,Doubtful Canyon (Local Drainage),0.800000000000000,0.240000000000000,5,-0.610000000000000,0.140000000000000,1,-0.470000000000000,0.150000000000000,2,0.990000000000000,0.310000000000000,5,0.300000000000000,0.660000000000000,4
150400060104,Skeleton Canyon,-0.190000000000000,0.100000000000000,2,0.590000000000000,0.410000000000000,5,0.910000000000000,0.460000000000000,5,-0.740000000000000,0.050000000000000,1,0.830000000000000,0.780000000000000,5
150400060107,Deer Creek-San Simon Valley,-0.510000000000000,0.060000000000000,1,0.160000000000000,0.310000000000000,4,0.730000000000000,0.420000000000000,5,-0.790000000000000,0.040000000000000,1,0.760000000000000,0.770000000000000,5
150400060109,Post Office Canyon-San Simon Valley,-0.630000000000000,0.040000000000000,1,-0.070000000000000,0.260000000000000,3,0.410000000000000,0.350000000000000,4,-0.440000000000000,0.100000000000000,1,0.590000000000000,0.730000000000000,5
150400060201,Sulphur Draw-San Simon River,-0.730000000000000,0.030000000000000,1,-0.490000000000000,0.160000000000000,1,-0.010000000000000,0.250000000000000,3,-0.320000000000000,0.110000000000000,2,0.500000000000000,0.710000000000000,5
150400060202,Cave Creek,-0.810000000000000,0.020000000000000,1,-0.730000000000000,0.110000000000000,1,-0.180000000000000,0.210000000000000,3,-0.010000000000000,0.160000000000000,3,0.320000000000000,0.660000000000000,4
150400060203,Long Canyon-San Simon River,-0.330000000000000,0.080000000000000,2,-0.210000000000000,0.230000000000000,2,0.060000000000000,0.270000000000000,4,-0.180000000000000,0.130000000000000,2,0.500000000000000,0.700000000000000,5
150400060204,East Turkey Creek,999.000000000000000,999.000000000000000,999,999.000000000000000,999.000000000000000,999,999.000000000000000,999.000000000000000,999,999.000000000000000,999.000000000000000,999,0.290000000000000,0.660000000000000,4
150400060205,Savage Wash-San Simon River,-0.390000000000000,0.080000000000000,1,-0.190000000000000,0.230000000000000,2,0.120000000000000,0.280000000000000,4,-0.180000000000000,0.130000000000000,2,0.410000000000000,0.690000000000000,5
150400060206,Wood Canyon-San Simon River,-0.680000000000000,0.040000000000000,1,-0.520000000000000,0.160000000000000,1,-0.070000000000000,0.240000000000000,3,-0.470000000000000,0.090000000000000,1,0.400000000000000,0.680000000000000,5
150400010406,Outlet Diamond Creek,0.250000000000000,0.160000000000000,4,0.810000000000000,0.450000000000000,5,0.270000000000000,0.320000000000000,4,-0.500000000000000,0.090000000000000,1,0.400000000000000,0.680000000000000,5
150400010501,T Bar Canyon,-0.140000000000000,0.110000000000000,3,0.230000000000000,0.320000000000000,4,-0.180000000000000,0.210000000000000,3,-0.340000000000000,0.110000000000000,2,0.980000000000000,0.820000000000000,5
150400010502,Gilita Creek,0.300000000000000,0.170000000000000,5,1.160000000000000,0.530000000000000,5,0.750000000000000,0.430000000000000,5,-0.270000000000000,0.120000000000000,2,0.640000000000000,0.740000000000000,5
150400010503,Snow Canyon,-0.030000000000000,0.120000000000000,3,0.680000000000000,0.420000000000000,5,0.260000000000000,0.310000000000000,4,-0.220000000000000,0.130000000000000,2,0.740000000000000,0.760000000000000,5
150400010504,Canyon Creek,-0.250000000000000,0.100000000000000,2,0.390000000000000,0.360000000000000,4,0.140000000000000,0.290000000000000,4,-0.350000000000000,0.110000000000000,2,0.960000000000000,0.810000000000000,5
150400010505,Canyon Creek-Middle Fork Gila River,0.030000000000000,0.130000000000000,3,0.690000000000000,0.430000000000000,5,0.500000000000000,0.370000000000000,5,-0.500000000000000,0.090000000000000,1,0.660000000000000,0.740000000000000,5
150400010506,Indian Creek Canyon,0.020000000000000,0.130000000000000,3,0.420000000000000,0.370000000000000,5,-0.190000000000000,0.210000000000000,3,-0.350000000000000,0.110000000000000,2,0.710000000000000,0.760000000000000,5
150400010507,Indian Creek Canyon-Middle Fork Gila River,0.320000000000000,0.170000000000000,5,0.910000000000000,0.480000000000000,5,0.460000000000000,0.360000000000000,5,-0.420000000000000,0.100000000000000,1,0.600000000000000,0.730000000000000,5
150400010508,Big Bear Canyon-Middle Fork Gila River,-0.180000000000000,0.100000000000000,2,0.390000000000000,0.360000000000000,4,0.530000000000000,0.380000000000000,5,-0.540000000000000,0.080000000000000,1,0.580000000000000,0.720000000000000,5
150400010601,White Creek,0.170000000000000,0.150000000000000,4,0.900000000000000,0.470000000000000,5,0.570000000000000,0.390000000000000,5,-0.540000000000000,0.080000000000000,1,0.770000000000000,0.770000000000000,5
150400010602,Headwaters West Fork Gila River,0.060000000000000,0.140000000000000,4,0.840000000000000,0.460000000000000,5,0.740000000000000,0.420000000000000,5,-0.500000000000000,0.090000000000000,1,0.690000000000000,0.750000000000000,5
150400010603,Little Creek,0.430000000000000,0.190000000000000,5,1.200000000000000,0.540000000000000,5,0.660000000000000,0.410000000000000,5,-0.440000000000000,0.100000000000000,1,0.750000000000000,0.760000000000000,5
150400010604,Outlet West Fork Gila River,0.050000000000000,0.140000000000000,4,0.740000000000000,0.440000000000000,5,0.780000000000000,0.430000000000000,5,-0.600000000000000,0.070000000000000,1,0.510000000000000,0.710000000000000,5
150400010701,Tom Moore Canyon,-0.020000000000000,0.130000000000000,3,0.410000000000000,0.370000000000000,4,0.170000000000000,0.290000000000000,4,-0.590000000000000,0.070000000000000,1,0.540000000000000,0.720000000000000,5
150400010702,Headwaters Black Canyon,0.110000000000000,0.140000000000000,4,0.980000000000000,0.490000000000000,5,1.040000000000000,0.490000000000000,5,-0.620000000000000,0.070000000000000,1,0.330000000000000,0.670000000000000,4
150400010703,Apache Creek,0.180000000000000,0.150000000000000,4,0.770000000000000,0.440000000000000,5,0.230000000000000,0.310000000000000,4,-0.450000000000000,0.090000000000000,1,0.590000000000000,0.730000000000000,5
150400010704,Outlet Black Canyon,0.030000000000000,0.130000000000000,3,0.740000000000000,0.440000000000000,5,0.460000000000000,0.360000000000000,5,-0.580000000000000,0.080000000000000,1,0.410000000000000,0.690000000000000,5
150400010705,Black Canyon-East Fork Gila River,0.000000000000000,0.130000000000000,3,0.590000000000000,0.400000000000000,5,0.600000000000000,0.390000000000000,5,-0.480000000000000,0.090000000000000,1,0.630000000000000,0.740000000000000,5
150400010801,Rocky Canyon,-0.100000000000000,0.120000000000000,3,0.500000000000000,0.380000000000000,5,0.410000000000000,0.350000000000000,5,-0.600000000000000,0.070000000000000,1,0.440000000000000,0.690000000000000,5
150400010802,Rocky Canyon-Sapillo Creek,-0.020000000000000,0.130000000000000,3,0.570000000000000,0.400000000000000,5,0.350000000000000,0.330000000000000,4,-0.540000000000000,0.080000000000000,1,0.190000000000000,0.630000000000000,4
150400010803,Lake Roberts-Sapillo Creek,0.280000000000000,0.170000000000000,4,0.860000000000000,0.460000000000000,5,0.630000000000000,0.400000000000000,5,-0.440000000000000,0.100000000000000,1,0.110000000000000,0.610000000000000,3
150400010804,Copperas Creek-Sapillo Creek,-0.010000000000000,0.130000000000000,3,0.610000000000000,0.410000000000000,5,0.540000000000000,0.380000000000000,5,-0.680000000000000,0.060000000000000,1,0.260000000000000,0.650000000000000,4
150400010805,Sheep Corral Canyon-Sapillo Creek,0.300000000000000,0.170000000000000,5,1.020000000000000,0.500000000000000,5,0.710000000000000,0.420000000000000,5,-0.460000000000000,0.090000000000000,1,0.340000000000000,0.670000000000000,4
150400020102,Middle Bear Creek,-0.170000000000000,0.110000000000000,2,0.680000000000000,0.420000000000000,5,0.870000000000000,0.450000000000000,5,-0.590000000000000,0.070000000000000,1,0.390000000000000,0.680000000000000,4
150400020103,Lower Bear Creek,-0.150000000000000,0.110000000000000,2,0.350000000000000,0.350000000000000,4,0.560000000000000,0.380000000000000,5,-0.510000000000000,0.080000000000000,1,0.390000000000000,0.680000000000000,4
150400020201,Headwaters Buckhorn Wash,-0.110000000000000,0.110000000000000,3,0.140000000000000,0.300000000000000,4,-0.180000000000000,0.210000000000000,3,-0.110000000000000,0.150000000000000,3,0.820000000000000,0.780000000000000,5
150400020202,Outlet Buckhorn Wash,-0.140000000000000,0.110000000000000,3,0.110000000000000,0.300000000000000,4,-0.140000000000000,0.220000000000000,3,-0.150000000000000,0.140000000000000,2,0.830000000000000,0.780000000000000,5
150400020203,Sacaton Creek,-0.320000000000000,0.090000000000000,2,0.030000000000000,0.280000000000000,3,0.320000000000000,0.330000000000000,4,-0.360000000000000,0.110000000000000,2,0.630000000000000,0.730000000000000,5
150400020204,Headwaters Duck Creek,-0.330000000000000,0.090000000000000,2,-0.110000000000000,0.250000000000000,3,-0.050000000000000,0.240000000000000,3,-0.270000000000000,0.120000000000000,2,0.670000000000000,0.750000000000000,5
150400020205,Outlet Duck Creek,0.120000000000000,0.140000000000000,4,0.030000000000000,0.280000000000000,3,-0.030000000000000,0.250000000000000,3,0.030000000000000,0.170000000000000,3,0.540000000000000,0.710000000000000,5
150400020301,Willow Creek-Mangas Creek,-0.110000000000000,0.110000000000000,3,0.400000000000000,0.360000000000000,4,0.250000000000000,0.310000000000000,4,-0.620000000000000,0.070000000000000,1,0.390000000000000,0.680000000000000,4
150400020302,McKeafer Canyon-Mangas Creek,-0.380000000000000,0.080000000000000,2,0.310000000000000,0.340000000000000,4,0.460000000000000,0.360000000000000,5,-0.670000000000000,0.060000000000000,1,0.390000000000000,0.680000000000000,5
150400020707,Upper Railroad Wash,0.650000000000000,0.220000000000000,5,-0.160000000000000,0.240000000000000,3,-0.380000000000000,0.170000000000000,2,0.430000000000000,0.230000000000000,5,0.380000000000000,0.680000000000000,4
150400020708,Lower Railroad Wash,0.400000000000000,0.180000000000000,5,-0.510000000000000,0.160000000000000,1,-0.640000000000000,0.110000000000000,1,0.320000000000000,0.210000000000000,5,0.400000000000000,0.680000000000000,5
150400020709,Moore Canyon-Gila Wash,-0.130000000000000,0.110000000000000,3,-0.220000000000000,0.220000000000000,2,-0.040000000000000,0.250000000000000,3,-0.460000000000000,0.090000000000000,1,0.480000000000000,0.700000000000000,5
150400020710,Rainville Wash-Gila River,-0.400000000000000,0.080000000000000,1,-0.300000000000000,0.210000000000000,2,-0.190000000000000,0.210000000000000,3,-0.600000000000000,0.070000000000000,1,0.670000000000000,0.740000000000000,5
150400020711,Woods Canyon-Gila River,-0.500000000000000,0.060000000000000,1,-0.360000000000000,0.190000000000000,2,-0.290000000000000,0.190000000000000,2,-0.770000000000000,0.050000000000000,1,0.730000000000000,0.760000000000000,5
150400020801,Goat Camp Canyon,-0.580000000000000,0.050000000000000,1,-0.280000000000000,0.210000000000000,2,0.180000000000000,0.300000000000000,4,-0.850000000000000,0.030000000000000,1,0.590000000000000,0.730000000000000,5
150400020802,Sanders Wash,-0.600000000000000,0.050000000000000,1,-0.160000000000000,0.240000000000000,3,0.430000000000000,0.350000000000000,5,-0.820000000000000,0.040000000000000,1,0.680000000000000,0.750000000000000,5
150400020803,Bitter Creek,-0.420000000000000,0.070000000000000,1,0.260000000000000,0.330000000000000,4,0.870000000000000,0.450000000000000,5,-0.840000000000000,0.040000000000000,1,0.760000000000000,0.770000000000000,5
150200030707,Cienega Amarilla,0.140000000000000,0.150000000000000,4,0.090000000000000,0.290000000000000,4,-0.040000000000000,0.250000000000000,3,0.050000000000000,0.170000000000000,4,0.740000000000000,0.760000000000000,5
150200060310,White Clay Spring Wash-Black Creek,-0.170000000000000,0.110000000000000,2,-0.100000000000000,0.250000000000000,3,-0.210000000000000,0.210000000000000,3,-0.470000000000000,0.090000000000000,1,-0.210000000000000,0.540000000000000,2
150200060602,Natural Bridge Canyon-Black Creek,-0.180000000000000,0.100000000000000,2,-0.120000000000000,0.250000000000000,3,-0.530000000000000,0.130000000000000,1,-0.420000000000000,0.100000000000000,1,-0.040000000000000,0.580000000000000,3
150200030604,Chical Lake-Largo Creek,0.370000000000000,0.180000000000000,5,-0.120000000000000,0.250000000000000,3,0.090000000000000,0.270000000000000,4,0.430000000000000,0.230000000000000,5,0.550000000000000,0.720000000000000,5
150200040405,Tekapo Reservoir-Zuni River,-0.200000000000000,0.100000000000000,2,0.980000000000000,0.490000000000000,5,1.380000000000000,0.570000000000000,5,-0.200000000000000,0.130000000000000,2,-0.200000000000000,0.540000000000000,2
150200060702,Hunting Canyon-Puerco River,-0.290000000000000,0.090000000000000,2,-0.110000000000000,0.250000000000000,3,0.350000000000000,0.330000000000000,4,-0.530000000000000,0.080000000000000,1,-0.330000000000000,0.510000000000000,2
150200060704,Outlet Manuelito Canyon,0.020000000000000,0.130000000000000,3,0.260000000000000,0.330000000000000,4,0.030000000000000,0.260000000000000,3,-0.320000000000000,0.110000000000000,2,-0.360000000000000,0.500000000000000,1
140802010205,Tohache Wash-Lower San Juan River,0.040000000000000,0.130000000000000,3,-0.450000000000000,0.170000000000000,1,0.220000000000000,0.310000000000000,4,0.040000000000000,0.170000000000000,3,0.380000000000000,0.680000000000000,4
130301030404,Ropes Draw,0.080000000000000,0.140000000000000,4,-0.470000000000000,0.170000000000000,1,-0.180000000000000,0.210000000000000,3,0.090000000000000,0.180000000000000,4,-0.740000000000000,0.420000000000000,1
130301030405,New Well Draw,1.040000000000000,0.270000000000000,5,-0.360000000000000,0.190000000000000,2,-0.480000000000000,0.150000000000000,1,0.800000000000000,0.280000000000000,5,-0.770000000000000,0.410000000000000,1
130301030501,Lion Den Canyon,0.510000000000000,0.200000000000000,5,-0.430000000000000,0.180000000000000,2,-0.240000000000000,0.200000000000000,2,0.430000000000000,0.230000000000000,5,-0.760000000000000,0.410000000000000,1
130301030502,Burke Spring,0.750000000000000,0.230000000000000,5,-0.460000000000000,0.170000000000000,1,-0.430000000000000,0.160000000000000,2,0.700000000000000,0.270000000000000,5,-0.810000000000000,0.400000000000000,1
130301030503,Wagoner Well,0.440000000000000,0.190000000000000,5,-0.670000000000000,0.120000000000000,1,-0.850000000000000,0.060000000000000,1,0.640000000000000,0.260000000000000,5,-0.580000000000000,0.450000000000000,1
130301030504,West Well,0.480000000000000,0.190000000000000,5,-0.620000000000000,0.130000000000000,1,-0.490000000000000,0.140000000000000,1,0.660000000000000,0.260000000000000,5,-0.730000000000000,0.420000000000000,1
130301030505,Bear Creek,0.750000000000000,0.230000000000000,5,-0.180000000000000,0.230000000000000,3,-0.120000000000000,0.230000000000000,3,0.520000000000000,0.240000000000000,5,-0.670000000000000,0.430000000000000,1
130301030506,Loman Canyon,0.230000000000000,0.160000000000000,4,-0.430000000000000,0.180000000000000,2,-0.220000000000000,0.200000000000000,2,0.320000000000000,0.210000000000000,5,-0.670000000000000,0.430000000000000,1
130301030507,Indian Lake,0.040000000000000,0.130000000000000,4,-0.450000000000000,0.170000000000000,1,0.060000000000000,0.270000000000000,4,0.260000000000000,0.200000000000000,4,-0.730000000000000,0.420000000000000,1
130500030101,South Canyon Draw,-0.240000000000000,0.100000000000000,2,-0.330000000000000,0.200000000000000,2,-0.160000000000000,0.220000000000000,3,-0.060000000000000,0.150000000000000,3,-0.160000000000000,0.550000000000000,2
130302020401,Headwaters Lampbright Draw,-0.200000000000000,0.100000000000000,2,0.090000000000000,0.290000000000000,4,0.200000000000000,0.300000000000000,4,-0.410000000000000,0.100000000000000,1,0.310000000000000,0.660000000000000,4
130302020402,Seneca Canyon,-0.530000000000000,0.060000000000000,1,-0.290000000000000,0.210000000000000,2,-0.280000000000000,0.190000000000000,2,-0.310000000000000,0.110000000000000,2,0.240000000000000,0.650000000000000,4
130302020403,Cold Water Creek,-0.500000000000000,0.060000000000000,1,-0.240000000000000,0.220000000000000,2,-0.310000000000000,0.180000000000000,2,0.050000000000000,0.170000000000000,4,0.150000000000000,0.620000000000000,4
130302020404,Outlet Lampbright Draw,-0.150000000000000,0.110000000000000,2,-0.230000000000000,0.220000000000000,2,-0.280000000000000,0.190000000000000,2,0.010000000000000,0.160000000000000,3,0.140000000000000,0.620000000000000,3
130302020501,Gavilan Arroyo,-0.220000000000000,0.100000000000000,2,0.630000000000000,0.410000000000000,5,0.700000000000000,0.420000000000000,5,-0.610000000000000,0.070000000000000,1,0.200000000000000,0.630000000000000,4
130302020502,Tom Brown Canyon-Mimbres River,-0.150000000000000,0.110000000000000,2,1.040000000000000,0.510000000000000,5,1.100000000000000,0.510000000000000,5,-0.620000000000000,0.070000000000000,1,0.170000000000000,0.630000000000000,4
130302020503,Town of Dwyer-Mimbres River,-0.340000000000000,0.080000000000000,2,-0.040000000000000,0.260000000000000,3,0.060000000000000,0.270000000000000,4,-0.470000000000000,0.090000000000000,1,0.210000000000000,0.640000000000000,4
130302020504,Taylor Mountain-Mimbres River,-0.500000000000000,0.060000000000000,1,-0.460000000000000,0.170000000000000,1,-0.280000000000000,0.190000000000000,2,-0.240000000000000,0.130000000000000,2,0.150000000000000,0.620000000000000,4
130302011001, ,-0.480000000000000,0.070000000000000,1,-0.180000000000000,0.230000000000000,3,-0.100000000000000,0.230000000000000,3,-0.790000000000000,0.040000000000000,1,0.030000000000000,0.600000000000000,3
150400040606,Wendy Flat-San Francisco River,1.250000000000000,0.290000000000000,5,1.040000000000000,0.510000000000000,5,0.880000000000000,0.460000000000000,5,0.650000000000000,0.260000000000000,5,1.170000000000000,0.860000000000000,5
150400010402,Taylor Creek,0.040000000000000,0.130000000000000,4,0.590000000000000,0.400000000000000,5,0.120000000000000,0.280000000000000,4,-0.530000000000000,0.080000000000000,1,0.320000000000000,0.660000000000000,4
150400010403,Taylor Creek-Beaver Creek,0.040000000000000,0.130000000000000,4,0.450000000000000,0.370000000000000,5,0.110000000000000,0.280000000000000,4,-0.450000000000000,0.090000000000000,1,0.500000000000000,0.700000000000000,5
150400010407,Diamond Creek-East Fork Gila River,-0.060000000000000,0.120000000000000,3,0.270000000000000,0.330000000000000,4,-0.160000000000000,0.220000000000000,3,-0.400000000000000,0.100000000000000,1,0.640000000000000,0.740000000000000,5
150400030503,Horse Camp Draw,-0.210000000000000,0.100000000000000,2,0.110000000000000,0.300000000000000,4,0.000000000000000,0.260000000000000,3,-0.640000000000000,0.070000000000000,1,0.930000000000000,0.810000000000000,5
150400040207,Negrito Creek-Tularosa River,-0.040000000000000,0.120000000000000,3,0.600000000000000,0.410000000000000,5,0.440000000000000,0.350000000000000,5,-0.540000000000000,0.080000000000000,1,0.890000000000000,0.800000000000000,5
150400040311,Cienega Canyon-San Francisco River,0.070000000000000,0.140000000000000,4,0.470000000000000,0.380000000000000,5,0.480000000000000,0.360000000000000,5,-0.480000000000000,0.090000000000000,1,0.410000000000000,0.680000000000000,5
150400040403,Saliz Canyon-San Francisco River,-0.020000000000000,0.130000000000000,3,0.650000000000000,0.420000000000000,5,0.700000000000000,0.410000000000000,5,-0.550000000000000,0.080000000000000,1,0.900000000000000,0.800000000000000,5
150400040405,Deep Creek,0.020000000000000,0.130000000000000,3,0.940000000000000,0.480000000000000,5,1.010000000000000,0.490000000000000,5,-0.540000000000000,0.080000000000000,1,0.940000000000000,0.810000000000000,5
150400040406,Devils Creek-San Francisco River,0.670000000000000,0.220000000000000,5,0.680000000000000,0.430000000000000,5,0.720000000000000,0.420000000000000,5,0.000000000000000,0.160000000000000,3,1.050000000000000,0.830000000000000,5
130301020901,Nunn Ranch,-0.010000000000000,0.130000000000000,3,-0.630000000000000,0.130000000000000,1,-0.440000000000000,0.160000000000000,2,0.340000000000000,0.210000000000000,5,-0.470000000000000,0.480000000000000,1
130301020903,Black Mountain,0.430000000000000,0.190000000000000,5,-0.230000000000000,0.220000000000000,2,-0.370000000000000,0.170000000000000,2,0.400000000000000,0.220000000000000,5,-1.010000000000000,0.350000000000000,1
130302010601,The Lake,-0.220000000000000,0.100000000000000,2,-0.590000000000000,0.140000000000000,1,-0.530000000000000,0.130000000000000,1,0.110000000000000,0.180000000000000,4,-0.030000000000000,0.580000000000000,3
130302010602,Rock Hole Canyon,-0.210000000000000,0.100000000000000,2,-0.540000000000000,0.150000000000000,1,-0.380000000000000,0.170000000000000,2,0.090000000000000,0.180000000000000,4,0.020000000000000,0.590000000000000,3
130500040906,Headwaters Washburn Draw,999.000000000000000,999.000000000000000,999,999.000000000000000,999.000000000000000,999,999.000000000000000,999.000000000000000,999,999.000000000000000,999.000000000000000,999,999.000000000000000,999.000000000000000,999
130302010404,Smuggler Creek-Deer Creek,-0.380000000000000,0.080000000000000,1,-0.290000000000000,0.210000000000000,2,-0.310000000000000,0.180000000000000,2,-0.210000000000000,0.130000000000000,2,0.310000000000000,0.660000000000000,4
130302010502,Willow Creek,-0.540000000000000,0.060000000000000,1,-0.430000000000000,0.180000000000000,2,-0.520000000000000,0.140000000000000,1,-0.310000000000000,0.120000000000000,2,0.090000000000000,0.610000000000000,3
130302010503,Black Canyon,-0.570000000000000,0.050000000000000,1,-0.440000000000000,0.170000000000000,2,-0.380000000000000,0.170000000000000,2,-0.070000000000000,0.150000000000000,3,0.140000000000000,0.620000000000000,3
130302010504,Walnut Creek,-0.140000000000000,0.110000000000000,3,0.480000000000000,0.380000000000000,5,0.580000000000000,0.390000000000000,5,-0.540000000000000,0.080000000000000,1,0.650000000000000,0.740000000000000,5
130302010505,U Bar Ridge,-0.580000000000000,0.050000000000000,1,-0.450000000000000,0.170000000000000,1,-0.230000000000000,0.200000000000000,2,-0.260000000000000,0.120000000000000,2,-0.020000000000000,0.580000000000000,3
130302010305,130302010305-Hachita Valley,-0.310000000000000,0.090000000000000,2,-0.860000000000000,0.080000000000000,1,-0.490000000000000,0.140000000000000,1,-0.020000000000000,0.160000000000000,3,0.180000000000000,0.630000000000000,4
130302010603,Wamels Draw- Rock Hole Canyon3,-0.090000000000000,0.120000000000000,3,-0.410000000000000,0.180000000000000,2,-0.380000000000000,0.170000000000000,2,0.110000000000000,0.180000000000000,4,-0.010000000000000,0.590000000000000,3
130302010605,130302010605,-0.460000000000000,0.070000000000000,1,-0.980000000000000,0.050000000000000,1,-0.580000000000000,0.120000000000000,1,0.110000000000000,0.180000000000000,4,-0.170000000000000,0.550000000000000,2
130302010604,International Tank-Wamels Draw,-0.080000000000000,0.120000000000000,3,-0.500000000000000,0.160000000000000,1,-0.440000000000000,0.150000000000000,2,0.130000000000000,0.180000000000000,4,-0.050000000000000,0.580000000000000,3
130302010901,Hermanas Draw,-0.100000000000000,0.110000000000000,3,-0.450000000000000,0.170000000000000,1,-0.230000000000000,0.200000000000000,2,-0.120000000000000,0.140000000000000,3,-0.060000000000000,0.580000000000000,3
130302010902,Cox Draw-Simpson Draw,-0.100000000000000,0.120000000000000,3,-0.830000000000000,0.090000000000000,1,-0.460000000000000,0.150000000000000,2,0.290000000000000,0.210000000000000,4,-0.420000000000000,0.490000000000000,1
130302010907,Edwards Ranch,-0.090000000000000,0.120000000000000,3,-1.060000000000000,0.040000000000000,1,-0.300000000000000,0.190000000000000,2,0.280000000000000,0.200000000000000,4,-0.430000000000000,0.490000000000000,1
130302010701,Doyle Peak,-0.480000000000000,0.060000000000000,1,-0.620000000000000,0.130000000000000,1,-0.210000000000000,0.210000000000000,3,-0.190000000000000,0.130000000000000,2,-0.040000000000000,0.580000000000000,3
130302010903,Carrizalillo Hills,-0.050000000000000,0.120000000000000,3,-0.500000000000000,0.160000000000000,1,-0.300000000000000,0.190000000000000,2,0.020000000000000,0.160000000000000,3,-0.460000000000000,0.480000000000000,1
130302010702,Horse Pasture Canyon-Hachita Valley,0.010000000000000,0.130000000000000,3,-0.230000000000000,0.220000000000000,2,-0.130000000000000,0.220000000000000,3,0.080000000000000,0.170000000000000,4,0.050000000000000,0.600000000000000,3
130302010703,Sheridan Canyon-Hachita Valley,-0.090000000000000,0.120000000000000,3,0.170000000000000,0.310000000000000,4,0.250000000000000,0.310000000000000,4,-0.330000000000000,0.110000000000000,2,0.080000000000000,0.610000000000000,3
130302010707,Muscratch Draw-Hachita Valley,-0.090000000000000,0.120000000000000,3,-0.490000000000000,0.160000000000000,1,-0.300000000000000,0.190000000000000,2,0.000000000000000,0.160000000000000,3,-0.240000000000000,0.530000000000000,2
130302010705,Big Horn Canyon,-0.240000000000000,0.100000000000000,2,-0.510000000000000,0.160000000000000,1,-0.290000000000000,0.190000000000000,2,-0.070000000000000,0.150000000000000,3,-0.310000000000000,0.520000000000000,2
130302010810,Emory Canyon,-0.250000000000000,0.100000000000000,2,-0.350000000000000,0.200000000000000,2,-0.150000000000000,0.220000000000000,3,-0.180000000000000,0.140000000000000,2,-0.130000000000000,0.560000000000000,2
130700070603,Deadman Windmill,-0.880000000000000,0.010000000000000,1,-1.060000000000000,0.040000000000000,1,-0.670000000000000,0.100000000000000,1,-0.150000000000000,0.140000000000000,2,0.180000000000000,0.630000000000000,4
130700010101,Brushy Draw,-0.020000000000000,0.130000000000000,3,-0.690000000000000,0.120000000000000,1,-0.480000000000000,0.140000000000000,1,0.400000000000000,0.220000000000000,5,-0.220000000000000,0.540000000000000,2
130700070208,Town of Johnson-Monument Draw,0.330000000000000,0.170000000000000,5,-0.210000000000000,0.230000000000000,2,-0.480000000000000,0.140000000000000,1,0.440000000000000,0.230000000000000,5,0.160000000000000,0.630000000000000,4
130302010105,Playas Lake,0.210000000000000,0.160000000000000,4,-0.380000000000000,0.190000000000000,2,-0.320000000000000,0.180000000000000,2,0.190000000000000,0.190000000000000,4,0.340000000000000,0.670000000000000,4
130302010401,Been Draw,-0.310000000000000,0.090000000000000,2,-0.240000000000000,0.220000000000000,2,-0.500000000000000,0.140000000000000,1,-0.300000000000000,0.120000000000000,2,0.480000000000000,0.700000000000000,5
130302010403,Lower Deer Creek Creek-Deer Creek,-0.220000000000000,0.100000000000000,2,0.110000000000000,0.300000000000000,4,0.150000000000000,0.290000000000000,4,-0.460000000000000,0.090000000000000,1,0.570000000000000,0.720000000000000,5
130301030202,McClannon Draw-Jornada Draw,0.180000000000000,0.150000000000000,4,-0.240000000000000,0.220000000000000,2,-0.250000000000000,0.200000000000000,2,0.190000000000000,0.190000000000000,4,-0.430000000000000,0.490000000000000,1
130301030203,Fivemile Well-Jornada Draw,0.120000000000000,0.150000000000000,4,-0.280000000000000,0.210000000000000,2,-0.250000000000000,0.200000000000000,2,0.130000000000000,0.180000000000000,4,-0.410000000000000,0.490000000000000,1
130301030204,Johnson Well-Jornada Draw,0.190000000000000,0.150000000000000,4,-0.310000000000000,0.200000000000000,2,-0.240000000000000,0.200000000000000,2,0.210000000000000,0.190000000000000,4,-0.450000000000000,0.480000000000000,1
130301030205,Aleman Draw,-0.170000000000000,0.110000000000000,2,-0.430000000000000,0.180000000000000,2,-0.330000000000000,0.180000000000000,2,0.060000000000000,0.170000000000000,4,-0.410000000000000,0.490000000000000,1
130301030206,Yost Draw,-0.020000000000000,0.130000000000000,3,-0.270000000000000,0.210000000000000,2,-0.260000000000000,0.190000000000000,2,-0.030000000000000,0.160000000000000,3,-0.380000000000000,0.500000000000000,1
130301030207,Yost Draw-Jornada Draw,0.160000000000000,0.150000000000000,4,-0.340000000000000,0.200000000000000,2,-0.370000000000000,0.170000000000000,2,0.120000000000000,0.180000000000000,4,-0.430000000000000,0.490000000000000,1
130301030301,Lyons Draw,0.110000000000000,0.140000000000000,4,-0.340000000000000,0.200000000000000,2,-0.330000000000000,0.180000000000000,2,0.070000000000000,0.170000000000000,4,-0.420000000000000,0.490000000000000,1
130302010508,Hatchet Gap,-0.520000000000000,0.060000000000000,1,-0.420000000000000,0.180000000000000,2,0.030000000000000,0.260000000000000,3,-0.270000000000000,0.120000000000000,2,0.040000000000000,0.600000000000000,3
130302010301,Willow Draw-Hachita Valley,-0.230000000000000,0.100000000000000,2,-0.640000000000000,0.130000000000000,1,-0.460000000000000,0.150000000000000,2,0.130000000000000,0.180000000000000,4,-0.060000000000000,0.570000000000000,3
130302010302,Apache Peak-Hachita Valley,-0.280000000000000,0.090000000000000,2,-0.670000000000000,0.120000000000000,1,-0.380000000000000,0.170000000000000,2,0.070000000000000,0.170000000000000,4,-0.030000000000000,0.580000000000000,3
130302010303,Little Chapo Tank-Hachita Valley,-0.410000000000000,0.070000000000000,1,-0.670000000000000,0.120000000000000,1,-0.290000000000000,0.190000000000000,2,-0.220000000000000,0.130000000000000,2,0.140000000000000,0.620000000000000,3
130302010304,Quartzite Ridge-Hachita Valley,-0.420000000000000,0.070000000000000,1,-0.680000000000000,0.120000000000000,1,-0.270000000000000,0.190000000000000,2,-0.120000000000000,0.140000000000000,3,0.090000000000000,0.610000000000000,3
130700020309,Gyp Draw-Delaware River,0.500000000000000,0.200000000000000,5,-0.180000000000000,0.230000000000000,3,-0.480000000000000,0.140000000000000,1,0.440000000000000,0.230000000000000,5,-0.450000000000000,0.480000000000000,1
130301030302,Town of Upham,-0.150000000000000,0.110000000000000,2,-0.620000000000000,0.130000000000000,1,-0.360000000000000,0.170000000000000,2,0.190000000000000,0.190000000000000,4,-0.430000000000000,0.490000000000000,1
130301030303,Blackshire Draw,0.140000000000000,0.150000000000000,4,-0.310000000000000,0.200000000000000,2,-0.330000000000000,0.180000000000000,2,0.040000000000000,0.170000000000000,3,-0.420000000000000,0.490000000000000,1
130301030305,Sand Hills Tanks-Jornada Draw,0.350000000000000,0.180000000000000,5,-0.380000000000000,0.190000000000000,2,-0.550000000000000,0.130000000000000,1,0.300000000000000,0.210000000000000,4,-0.490000000000000,0.470000000000000,1
130301030306,Gilmore Draw,0.010000000000000,0.130000000000000,3,-0.440000000000000,0.170000000000000,2,-0.380000000000000,0.170000000000000,2,0.020000000000000,0.170000000000000,3,-0.520000000000000,0.470000000000000,1
130600010804,Arroyo Pecos,0.470000000000000,0.190000000000000,5,-0.020000000000000,0.270000000000000,3,-0.140000000000000,0.220000000000000,3,0.330000000000000,0.210000000000000,5,0.060000000000000,0.600000000000000,3
130600011206,Outlet Arroyo Potrillo,-0.360000000000000,0.080000000000000,2,-0.360000000000000,0.190000000000000,2,-0.640000000000000,0.110000000000000,1,0.010000000000000,0.160000000000000,3,-0.150000000000000,0.550000000000000,2
130600011207,Arroyo Potrillo-Alamogordo Creek,-0.370000000000000,0.080000000000000,2,-0.470000000000000,0.170000000000000,1,-0.580000000000000,0.120000000000000,1,0.000000000000000,0.160000000000000,3,-0.260000000000000,0.530000000000000,2
130600011208,Lake Sumner-Alamogordo Creek,-0.020000000000000,0.130000000000000,3,-0.600000000000000,0.140000000000000,1,-0.560000000000000,0.130000000000000,1,0.380000000000000,0.220000000000000,5,-0.350000000000000,0.510000000000000,2
130600020305,Town of Arabella,0.040000000000000,0.130000000000000,4,-0.090000000000000,0.250000000000000,3,-0.640000000000000,0.110000000000000,1,0.150000000000000,0.190000000000000,4,-0.100000000000000,0.560000000000000,2
130600020407,Rio Agua Negra,0.160000000000000,0.150000000000000,4,0.040000000000000,0.280000000000000,3,-0.330000000000000,0.180000000000000,2,0.080000000000000,0.170000000000000,4,-0.140000000000000,0.560000000000000,2
130600030701,Clark Well,-0.410000000000000,0.070000000000000,1,-0.350000000000000,0.190000000000000,2,-0.560000000000000,0.130000000000000,1,0.050000000000000,0.170000000000000,4,-0.220000000000000,0.540000000000000,2
130600031203,Burro Draw,0.060000000000000,0.140000000000000,4,0.090000000000000,0.290000000000000,4,-0.400000000000000,0.160000000000000,2,0.260000000000000,0.200000000000000,4,-0.330000000000000,0.510000000000000,2
130600031807,Salt Creek-Pecos River,0.090000000000000,0.140000000000000,4,-0.410000000000000,0.180000000000000,2,-0.200000000000000,0.210000000000000,3,0.330000000000000,0.210000000000000,5,-0.250000000000000,0.530000000000000,2
130600050601,130600050601,0.010000000000000,0.130000000000000,3,0.150000000000000,0.310000000000000,4,-0.180000000000000,0.210000000000000,3,0.140000000000000,0.180000000000000,4,-0.290000000000000,0.520000000000000,2
130600060404,Plate Canyon-Gallo Arroyo,-0.110000000000000,0.110000000000000,3,-0.240000000000000,0.220000000000000,2,-0.160000000000000,0.220000000000000,3,-0.270000000000000,0.120000000000000,2,-0.550000000000000,0.460000000000000,1
130301020704,Achenback Canyon-Rio Grande,0.260000000000000,0.160000000000000,4,-0.280000000000000,0.210000000000000,2,-0.200000000000000,0.210000000000000,3,0.380000000000000,0.220000000000000,5,-1.080000000000000,0.340000000000000,1
130301020801,Mossman Arroyo,-0.220000000000000,0.100000000000000,2,-0.610000000000000,0.140000000000000,1,-0.360000000000000,0.170000000000000,2,-0.060000000000000,0.150000000000000,3,-1.210000000000000,0.310000000000000,1
130201020605,Middle Rio Gallina,0.000000000000000,0.130000000000000,3,0.430000000000000,0.370000000000000,5,0.460000000000000,0.360000000000000,5,-0.460000000000000,0.090000000000000,1,-0.020000000000000,0.580000000000000,3
130201021006,Canones Creek-Abiquiu Reservoir,1.110000000000000,0.280000000000000,5,0.900000000000000,0.470000000000000,5,0.700000000000000,0.410000000000000,5,0.850000000000000,0.290000000000000,5,0.520000000000000,0.710000000000000,5
130201021201,Arroyo del Cobre,-0.050000000000000,0.120000000000000,3,0.770000000000000,0.440000000000000,5,0.630000000000000,0.400000000000000,5,-0.720000000000000,0.050000000000000,1,0.500000000000000,0.700000000000000,5
130201021202,Abiquiu Creek,0.200000000000000,0.160000000000000,4,0.710000000000000,0.430000000000000,5,0.780000000000000,0.430000000000000,5,-0.060000000000000,0.150000000000000,3,0.330000000000000,0.670000000000000,4
130202040707,Canada Apaches-Rio Puerco,0.540000000000000,0.200000000000000,5,0.130000000000000,0.300000000000000,4,-0.030000000000000,0.250000000000000,3,0.630000000000000,0.260000000000000,5,-0.420000000000000,0.490000000000000,1
130202041104,130202041104-Rio Puerco,1.180000000000000,0.290000000000000,5,0.420000000000000,0.370000000000000,5,0.320000000000000,0.330000000000000,4,0.730000000000000,0.270000000000000,5,-0.030000000000000,0.580000000000000,3
130202050702,Arroyo Seccion,-0.360000000000000,0.080000000000000,2,0.140000000000000,0.300000000000000,4,0.220000000000000,0.310000000000000,4,-0.350000000000000,0.110000000000000,2,-0.170000000000000,0.550000000000000,2
130202070701,Seboyetita Creek,-0.060000000000000,0.120000000000000,3,0.050000000000000,0.280000000000000,4,-0.020000000000000,0.250000000000000,3,-0.200000000000000,0.130000000000000,2,-0.130000000000000,0.560000000000000,2
130202070704,Rio Moquino,0.070000000000000,0.140000000000000,4,0.130000000000000,0.300000000000000,4,0.070000000000000,0.270000000000000,4,-0.210000000000000,0.130000000000000,2,-0.240000000000000,0.530000000000000,2
130202070703,Rio Paguate,-0.100000000000000,0.120000000000000,3,-0.110000000000000,0.250000000000000,3,0.190000000000000,0.300000000000000,4,-0.300000000000000,0.120000000000000,2,-0.740000000000000,0.420000000000000,1
130202090707,Arroyo Tio Lino-Rio Salado,1.010000000000000,0.260000000000000,5,0.130000000000000,0.300000000000000,4,0.270000000000000,0.320000000000000,4,0.710000000000000,0.270000000000000,5,-0.120000000000000,0.560000000000000,2
130202100108,Tafoya Well,-0.280000000000000,0.090000000000000,2,-0.160000000000000,0.240000000000000,3,0.140000000000000,0.290000000000000,4,-0.020000000000000,0.160000000000000,3,-0.100000000000000,0.560000000000000,2
130600090504,Kerr Bros South Ranch-Rio Felix,0.590000000000000,0.210000000000000,5,0.100000000000000,0.300000000000000,4,0.340000000000000,0.330000000000000,4,0.930000000000000,0.300000000000000,5,-0.470000000000000,0.480000000000000,1
130600100404,Long Canyon,-0.060000000000000,0.120000000000000,3,0.270000000000000,0.330000000000000,4,0.460000000000000,0.360000000000000,5,-0.220000000000000,0.130000000000000,2,0.340000000000000,0.670000000000000,4
130600010104,Outlet Cow Creek,0.370000000000000,0.180000000000000,5,1.190000000000000,0.540000000000000,5,0.780000000000000,0.430000000000000,5,-0.430000000000000,0.100000000000000,1,0.150000000000000,0.620000000000000,4
130600010404,El Canon de Pena,-0.090000000000000,0.120000000000000,3,-0.250000000000000,0.220000000000000,2,-0.020000000000000,0.250000000000000,3,-0.180000000000000,0.140000000000000,2,0.250000000000000,0.650000000000000,4
130500040905,Cornudas Draw,0.310000000000000,0.170000000000000,5,0.070000000000000,0.290000000000000,4,0.060000000000000,0.270000000000000,4,0.390000000000000,0.220000000000000,5,-1.460000000000000,0.250000000000000,1
130500040907,Outlet Washburn Draw,-0.670000000000000,0.040000000000000,1,-0.670000000000000,0.120000000000000,1,-0.550000000000000,0.130000000000000,1,-0.050000000000000,0.150000000000000,3,-1.230000000000000,0.300000000000000,1
130500031106,Dry Canyon,0.020000000000000,0.130000000000000,3,0.620000000000000,0.410000000000000,5,0.640000000000000,0.400000000000000,5,-0.610000000000000,0.070000000000000,1,0.790000000000000,0.770000000000000,5
130500031107,Rinconada Creek,-0.200000000000000,0.100000000000000,2,0.950000000000000,0.490000000000000,5,1.410000000000000,0.580000000000000,5,-0.700000000000000,0.060000000000000,1,0.780000000000000,0.770000000000000,5
130500031201,South Fork Tularosa Creek,0.350000000000000,0.180000000000000,5,1.480000000000000,0.600000000000000,5,1.220000000000000,0.530000000000000,5,-0.450000000000000,0.090000000000000,1,0.620000000000000,0.730000000000000,5
130500031503,Lost River,0.860000000000000,0.240000000000000,5,0.190000000000000,0.320000000000000,4,0.370000000000000,0.340000000000000,4,0.820000000000000,0.290000000000000,5,0.230000000000000,0.640000000000000,4
130500031805,Pendejo Wash,1.210000000000000,0.290000000000000,5,0.360000000000000,0.350000000000000,4,-0.010000000000000,0.250000000000000,3,0.830000000000000,0.290000000000000,5,-0.650000000000000,0.440000000000000,1
130500040405,Lewis Canyon,-0.250000000000000,0.100000000000000,2,0.130000000000000,0.300000000000000,4,0.320000000000000,0.330000000000000,4,-0.400000000000000,0.100000000000000,1,0.120000000000000,0.620000000000000,3
130500040406,Lewis Canyon-Pinon Creek,0.000000000000000,0.130000000000000,3,0.460000000000000,0.380000000000000,5,0.370000000000000,0.340000000000000,4,-0.380000000000000,0.110000000000000,1,-0.130000000000000,0.560000000000000,2
130500040601,Upper Pinon Wash,-0.250000000000000,0.100000000000000,2,0.090000000000000,0.290000000000000,4,0.080000000000000,0.270000000000000,4,-0.480000000000000,0.090000000000000,1,-0.410000000000000,0.490000000000000,1
130500040901,Fourmile Draw,0.510000000000000,0.200000000000000,5,-0.130000000000000,0.240000000000000,3,-0.120000000000000,0.230000000000000,3,0.610000000000000,0.250000000000000,5,-1.500000000000000,0.240000000000000,1
130500041001,Fivemile Tank,0.100000000000000,0.140000000000000,4,0.060000000000000,0.290000000000000,4,-0.550000000000000,0.130000000000000,1,0.300000000000000,0.210000000000000,4,-0.620000000000000,0.440000000000000,1
140801070311,140801070311,0.380000000000000,0.180000000000000,5,-0.110000000000000,0.250000000000000,3,0.310000000000000,0.330000000000000,4,0.280000000000000,0.200000000000000,4,0.340000000000000,0.670000000000000,4
140801010606,Weisel Flat-Navajo River,999.000000000000000,999.000000000000000,999,999.000000000000000,999.000000000000000,999,999.000000000000000,999.000000000000000,999,999.000000000000000,999.000000000000000,999,0.370000000000000,0.680000000000000,4
140801050907,Middle Red Wash,-0.490000000000000,0.060000000000000,1,-0.340000000000000,0.200000000000000,2,-0.190000000000000,0.210000000000000,3,-0.050000000000000,0.150000000000000,3,0.340000000000000,0.670000000000000,4
140801050910,Lower Red Wash,-0.270000000000000,0.090000000000000,2,-0.290000000000000,0.210000000000000,2,0.150000000000000,0.290000000000000,4,-0.320000000000000,0.110000000000000,2,0.620000000000000,0.730000000000000,5
140801010501,Miller Canyon,-0.090000000000000,0.120000000000000,3,0.340000000000000,0.350000000000000,4,0.620000000000000,0.400000000000000,5,-0.290000000000000,0.120000000000000,2,0.360000000000000,0.670000000000000,4
140801012004,Cedar Canyon,-0.460000000000000,0.070000000000000,1,-0.330000000000000,0.200000000000000,2,0.120000000000000,0.280000000000000,4,-0.130000000000000,0.140000000000000,3,-0.520000000000000,0.470000000000000,1
130100021105,130100021105,1.340000000000000,0.310000000000000,5,0.570000000000000,0.400000000000000,5,-0.210000000000000,0.210000000000000,3,0.710000000000000,0.270000000000000,5,0.000000000000000,0.000000000000000,1
110800030307,Salado Creek,-0.010000000000000,0.130000000000000,3,-0.070000000000000,0.260000000000000,3,-0.560000000000000,0.130000000000000,1,0.120000000000000,0.180000000000000,4,0.220000000000000,0.640000000000000,4
110800060909,Martin Draw-Canadian River,0.960000000000000,0.260000000000000,5,-0.070000000000000,0.260000000000000,3,-0.040000000000000,0.240000000000000,3,0.630000000000000,0.260000000000000,5,0.000000000000000,0.000000000000000,1
110800070303,Outlet Del Muerto Creek,-0.060000000000000,0.120000000000000,3,-0.410000000000000,0.180000000000000,2,-0.380000000000000,0.170000000000000,2,0.350000000000000,0.220000000000000,5,-0.100000000000000,0.570000000000000,2
110800080103,Outlet Garcia Creek,0.070000000000000,0.140000000000000,4,-0.110000000000000,0.250000000000000,3,-0.320000000000000,0.180000000000000,2,0.180000000000000,0.190000000000000,4,-0.150000000000000,0.550000000000000,2
110800080404,Alamosito Creek-Plaza Larga Creek,0.410000000000000,0.180000000000000,5,-0.350000000000000,0.200000000000000,2,0.040000000000000,0.270000000000000,3,0.590000000000000,0.250000000000000,5,-0.540000000000000,0.460000000000000,1
130302010402,Whitewater Creek,-0.230000000000000,0.100000000000000,2,-0.210000000000000,0.230000000000000,2,-0.530000000000000,0.130000000000000,1,-0.090000000000000,0.150000000000000,3,0.390000000000000,0.680000000000000,4
130302010501,Antelope Wells,-0.560000000000000,0.050000000000000,1,-0.800000000000000,0.090000000000000,1,-0.750000000000000,0.080000000000000,1,0.030000000000000,0.170000000000000,3,0.200000000000000,0.640000000000000,4
130302010904,Malpais Hill-Simpson Draw,-0.190000000000000,0.100000000000000,2,-1.010000000000000,0.050000000000000,1,-0.300000000000000,0.190000000000000,2,0.270000000000000,0.200000000000000,4,-0.570000000000000,0.450000000000000,1
130302010806, ,999.000000000000000,999.000000000000000,999,999.000000000000000,999.000000000000000,999,999.000000000000000,999.000000000000000,999,999.000000000000000,999.000000000000000,999,999.000000000000000,999.000000000000000,999
130301021201,Town of Noria,-0.110000000000000,0.110000000000000,3,-0.540000000000000,0.150000000000000,1,-0.400000000000000,0.160000000000000,2,0.300000000000000,0.210000000000000,4,-0.440000000000000,0.480000000000000,1
130301021101,130301021101,-0.140000000000000,0.110000000000000,3,-0.570000000000000,0.150000000000000,1,-0.430000000000000,0.160000000000000,2,0.280000000000000,0.210000000000000,4,-0.670000000000000,0.430000000000000,1
130302010706,130302010706,-0.290000000000000,0.090000000000000,2,-0.200000000000000,0.230000000000000,2,0.140000000000000,0.290000000000000,4,-0.890000000000000,0.030000000000000,1,0.000000000000000,0.000000000000000,1
130302010807,Horse Canyon,-0.430000000000000,0.070000000000000,1,-0.490000000000000,0.160000000000000,1,-0.340000000000000,0.180000000000000,2,-0.240000000000000,0.130000000000000,2,-0.140000000000000,0.560000000000000,2
130302021606,Crump Draw-Seventysix Draw,0.530000000000000,0.200000000000000,5,-0.430000000000000,0.180000000000000,2,-0.190000000000000,0.210000000000000,3,0.650000000000000,0.260000000000000,5,-1.030000000000000,0.350000000000000,1
130302022101,Mount Riley,-0.090000000000000,0.120000000000000,3,-0.630000000000000,0.130000000000000,1,-0.370000000000000,0.170000000000000,2,0.140000000000000,0.180000000000000,4,-0.310000000000000,0.510000000000000,2
130302021803,130302021803,0.120000000000000,0.140000000000000,4,-0.460000000000000,0.170000000000000,1,-0.330000000000000,0.180000000000000,2,0.290000000000000,0.210000000000000,4,-0.310000000000000,0.520000000000000,2
110901010306,Arroyo del Puerto-Trujillo Arroyo,0.220000000000000,0.160000000000000,4,0.100000000000000,0.300000000000000,4,0.160000000000000,0.290000000000000,4,0.360000000000000,0.220000000000000,5,-0.170000000000000,0.550000000000000,2
110901020207,Pinabetes Creek-Tramperos Creek,-0.030000000000000,0.120000000000000,3,-0.360000000000000,0.190000000000000,2,-0.520000000000000,0.140000000000000,1,0.150000000000000,0.180000000000000,4,0.000000000000000,0.590000000000000,3
110901040204,Lower Gallegos Creek,-0.590000000000000,0.050000000000000,1,-0.650000000000000,0.130000000000000,1,-0.880000000000000,0.050000000000000,1,-0.100000000000000,0.150000000000000,3,0.470000000000000,0.700000000000000,5
130201020204,Rio Chamita,0.240000000000000,0.160000000000000,4,0.940000000000000,0.480000000000000,5,0.990000000000000,0.480000000000000,5,-0.320000000000000,0.110000000000000,2,0.170000000000000,0.630000000000000,4
130201010102,Comanche Creek,0.440000000000000,0.190000000000000,5,1.110000000000000,0.520000000000000,5,0.900000000000000,0.460000000000000,5,-0.310000000000000,0.120000000000000,2,1.050000000000000,0.830000000000000,5
130201010105,Ute Creek-Costillo Creek,0.400000000000000,0.180000000000000,5,1.670000000000000,0.650000000000000,5,1.750000000000000,0.650000000000000,5,-0.460000000000000,0.090000000000000,1,0.760000000000000,0.770000000000000,5
130201010304,Lower Red River,-0.050000000000000,0.120000000000000,3,0.700000000000000,0.430000000000000,5,0.660000000000000,0.410000000000000,5,-0.350000000000000,0.110000000000000,2,0.320000000000000,0.660000000000000,4
130201020103,Gavilan Creek,0.280000000000000,0.170000000000000,4,0.950000000000000,0.490000000000000,5,0.970000000000000,0.480000000000000,5,-0.060000000000000,0.150000000000000,3,0.480000000000000,0.700000000000000,5
130201020602,Almagre Arroyo,-0.300000000000000,0.090000000000000,2,0.190000000000000,0.320000000000000,4,0.610000000000000,0.400000000000000,5,-0.440000000000000,0.100000000000000,1,0.040000000000000,0.600000000000000,3
130201020603,Upper Rio Gallina,0.100000000000000,0.140000000000000,4,0.730000000000000,0.440000000000000,5,0.630000000000000,0.400000000000000,5,-0.500000000000000,0.090000000000000,1,0.540000000000000,0.720000000000000,5
111201010201,111201010201-Tierra Blanca Creek,-0.280000000000000,0.090000000000000,2,1.030000000000000,0.500000000000000,5,1.030000000000000,0.490000000000000,5,0.140000000000000,0.180000000000000,4,-0.290000000000000,0.520000000000000,2
111201010301,Law Lake,-0.160000000000000,0.110000000000000,2,-0.300000000000000,0.210000000000000,2,-0.630000000000000,0.110000000000000,1,0.190000000000000,0.190000000000000,4,-0.210000000000000,0.540000000000000,2
150803020401,Baker Canyon,-0.380000000000000,0.080000000000000,2,0.250000000000000,0.330000000000000,4,0.780000000000000,0.430000000000000,5,-0.810000000000000,0.040000000000000,1,0.370000000000000,0.670000000000000,4
120500010610,Causey Wells,-0.770000000000000,0.030000000000000,1,-0.100000000000000,0.250000000000000,3,0.220000000000000,0.300000000000000,4,0.040000000000000,0.170000000000000,3,-0.010000000000000,0.590000000000000,3
120800060104,Headwaters Sulphur Springs,-0.710000000000000,0.040000000000000,1,-0.860000000000000,0.080000000000000,1,-0.370000000000000,0.170000000000000,2,0.080000000000000,0.170000000000000,4,-0.120000000000000,0.560000000000000,2
140801070306,Tanner Canyon-Mancos River,-0.040000000000000,0.120000000000000,3,-0.150000000000000,0.240000000000000,3,0.070000000000000,0.270000000000000,4,-0.090000000000000,0.150000000000000,3,0.380000000000000,0.680000000000000,4
120800030205,Mescalero Ridge,-0.640000000000000,0.040000000000000,1,-0.890000000000000,0.070000000000000,1,-0.850000000000000,0.060000000000000,1,0.030000000000000,0.170000000000000,3,0.250000000000000,0.650000000000000,4
120800030403,120800030403,-0.660000000000000,0.040000000000000,1,-0.960000000000000,0.060000000000000,1,-0.350000000000000,0.180000000000000,2,0.090000000000000,0.180000000000000,4,-0.030000000000000,0.580000000000000,3
120800030611,Upper Monument Draw,-0.150000000000000,0.110000000000000,2,-0.440000000000000,0.170000000000000,2,-0.460000000000000,0.150000000000000,2,0.270000000000000,0.200000000000000,4,-0.130000000000000,0.560000000000000,2
120800040501,City of Prairieview,-0.750000000000000,0.030000000000000,1,-0.920000000000000,0.070000000000000,1,-0.320000000000000,0.180000000000000,2,0.060000000000000,0.170000000000000,4,0.020000000000000,0.590000000000000,3
140801012006,West Fork,-0.740000000000000,0.030000000000000,1,0.360000000000000,0.350000000000000,4,0.710000000000000,0.420000000000000,5,-0.260000000000000,0.120000000000000,2,-0.390000000000000,0.500000000000000,1
140801012007,West Fork-Gallegos Canyon,-0.520000000000000,0.060000000000000,1,-0.130000000000000,0.240000000000000,3,0.280000000000000,0.320000000000000,4,-0.170000000000000,0.140000000000000,2,-0.700000000000000,0.430000000000000,1
140801012008,West Draw-Gallegos Canyon,-0.650000000000000,0.040000000000000,1,-0.210000000000000,0.230000000000000,2,0.230000000000000,0.310000000000000,4,-0.150000000000000,0.140000000000000,2,-1.220000000000000,0.300000000000000,1
140801012104,Head Canyon-San Juan River,-0.350000000000000,0.080000000000000,2,-0.220000000000000,0.220000000000000,2,0.380000000000000,0.340000000000000,4,-0.420000000000000,0.100000000000000,1,-1.000000000000000,0.360000000000000,1
140801041006,City of Farmington-Animas River,-0.110000000000000,0.110000000000000,3,-0.170000000000000,0.240000000000000,3,0.480000000000000,0.360000000000000,5,-0.040000000000000,0.160000000000000,3,-1.020000000000000,0.350000000000000,1
110200100901,Headwaters Trementina Creek,-0.500000000000000,0.060000000000000,1,0.260000000000000,0.330000000000000,4,0.250000000000000,0.310000000000000,4,-0.710000000000000,0.050000000000000,1,0.000000000000000,0.000000000000000,1
140801050501,Farmington Glade,-0.170000000000000,0.110000000000000,2,-0.010000000000000,0.270000000000000,3,0.010000000000000,0.260000000000000,3,-0.230000000000000,0.130000000000000,2,-0.320000000000000,0.510000000000000,2
140801051003,Canal Creek-San Juan River,0.200000000000000,0.160000000000000,4,-0.470000000000000,0.170000000000000,1,0.060000000000000,0.270000000000000,4,0.370000000000000,0.220000000000000,5,0.100000000000000,0.610000000000000,3
140801060205,Outlet Fajada Wash,-0.390000000000000,0.080000000000000,1,-0.210000000000000,0.230000000000000,2,0.220000000000000,0.310000000000000,4,-0.110000000000000,0.150000000000000,3,-0.290000000000000,0.520000000000000,2
140801061605,Outlet Captain Tom Wash,0.070000000000000,0.140000000000000,4,-0.460000000000000,0.170000000000000,1,-0.030000000000000,0.250000000000000,3,0.360000000000000,0.220000000000000,5,-1.240000000000000,0.300000000000000,1
140801061901,Pajarito Creek,-0.360000000000000,0.080000000000000,2,-0.350000000000000,0.190000000000000,2,-0.280000000000000,0.190000000000000,2,0.080000000000000,0.170000000000000,4,-0.200000000000000,0.540000000000000,2
140801061902,Pajarito Creek-Dead Man's Wash,-0.420000000000000,0.070000000000000,1,-0.300000000000000,0.210000000000000,2,-0.130000000000000,0.230000000000000,3,-0.110000000000000,0.150000000000000,3,0.090000000000000,0.610000000000000,3
140801061903,Cathedral Cliff-Dead Man's Wash,-0.020000000000000,0.130000000000000,3,-0.640000000000000,0.130000000000000,1,-0.610000000000000,0.120000000000000,1,0.430000000000000,0.230000000000000,5,-0.520000000000000,0.470000000000000,1
130301020802,Anthony Wash,-0.210000000000000,0.100000000000000,2,-0.200000000000000,0.230000000000000,2,0.100000000000000,0.280000000000000,4,-0.030000000000000,0.160000000000000,3,-1.000000000000000,0.350000000000000,1
130301020804,Avispa Canyon-Rio Grande,-0.500000000000000,0.060000000000000,1,-0.900000000000000,0.070000000000000,1,-0.860000000000000,0.060000000000000,1,0.180000000000000,0.190000000000000,4,-1.210000000000000,0.310000000000000,1
130302010808,Sycamore Canyon,-0.330000000000000,0.090000000000000,2,-0.290000000000000,0.210000000000000,2,0.010000000000000,0.260000000000000,3,-0.330000000000000,0.110000000000000,2,-0.140000000000000,0.560000000000000,2
130302020808,Town of Myndus,0.410000000000000,0.180000000000000,5,-0.780000000000000,0.100000000000000,1,-0.390000000000000,0.170000000000000,2,0.810000000000000,0.280000000000000,5,0.060000000000000,0.600000000000000,3
130302020901,Headwaters Mule Springs Creek,-0.070000000000000,0.120000000000000,3,0.170000000000000,0.310000000000000,4,0.000000000000000,0.250000000000000,3,-0.460000000000000,0.090000000000000,1,0.390000000000000,0.680000000000000,4
130302020902,Outlet Mule Springs Creek,-0.020000000000000,0.130000000000000,3,-0.510000000000000,0.160000000000000,1,-0.320000000000000,0.180000000000000,2,0.100000000000000,0.180000000000000,4,0.480000000000000,0.700000000000000,5
130302020903,Fort Cummings Draw,0.080000000000000,0.140000000000000,4,-0.460000000000000,0.170000000000000,1,-0.290000000000000,0.190000000000000,2,0.150000000000000,0.180000000000000,4,0.500000000000000,0.710000000000000,5
130302020904,Hadley Draw,0.090000000000000,0.140000000000000,4,-0.590000000000000,0.140000000000000,1,-0.230000000000000,0.200000000000000,2,0.280000000000000,0.200000000000000,4,0.500000000000000,0.710000000000000,5
130302020905,Cookes Range,0.520000000000000,0.200000000000000,5,-0.580000000000000,0.140000000000000,1,-0.300000000000000,0.190000000000000,2,0.660000000000000,0.260000000000000,5,0.340000000000000,0.670000000000000,4
130302020906,Lewis Flats,0.480000000000000,0.190000000000000,5,-0.900000000000000,0.070000000000000,1,-0.440000000000000,0.150000000000000,2,0.840000000000000,0.290000000000000,5,0.150000000000000,0.620000000000000,4
130302021001,Kimble Draw,-0.250000000000000,0.100000000000000,2,-0.790000000000000,0.100000000000000,1,-0.500000000000000,0.140000000000000,1,0.180000000000000,0.190000000000000,4,0.020000000000000,0.590000000000000,3
130302021002,Mason Draw,-0.180000000000000,0.110000000000000,2,-0.790000000000000,0.100000000000000,1,-0.570000000000000,0.120000000000000,1,0.240000000000000,0.200000000000000,4,0.130000000000000,0.620000000000000,3
130302021003,Mauries Lake,0.090000000000000,0.140000000000000,4,-0.650000000000000,0.130000000000000,1,-0.450000000000000,0.150000000000000,2,0.440000000000000,0.230000000000000,5,0.030000000000000,0.600000000000000,3
130302021004,James Tank,-0.110000000000000,0.110000000000000,3,-0.890000000000000,0.070000000000000,1,-0.590000000000000,0.120000000000000,1,0.320000000000000,0.210000000000000,5,0.150000000000000,0.620000000000000,4
130302021005,Providence Cone,0.170000000000000,0.150000000000000,4,-0.820000000000000,0.090000000000000,1,-0.520000000000000,0.140000000000000,1,0.530000000000000,0.240000000000000,5,0.050000000000000,0.600000000000000,3
130302021006,Apache Flats,-0.160000000000000,0.110000000000000,2,-0.640000000000000,0.130000000000000,1,-0.490000000000000,0.140000000000000,1,0.090000000000000,0.180000000000000,4,0.200000000000000,0.640000000000000,4
130302020101,Powderhorn Canyon-Mimbres River,0.090000000000000,0.140000000000000,4,0.840000000000000,0.460000000000000,5,0.800000000000000,0.440000000000000,5,-0.560000000000000,0.080000000000000,1,0.220000000000000,0.640000000000000,4
130302020102,Allie Canyon-Mimbres River,0.130000000000000,0.150000000000000,4,0.910000000000000,0.480000000000000,5,0.780000000000000,0.430000000000000,5,-0.520000000000000,0.080000000000000,1,0.160000000000000,0.630000000000000,4
130302020103,Sheppard Canyon-Mimbres River,0.070000000000000,0.140000000000000,4,0.760000000000000,0.440000000000000,5,0.720000000000000,0.420000000000000,5,-0.570000000000000,0.080000000000000,1,0.160000000000000,0.630000000000000,4
130302020104,Noonday Canyon,-0.100000000000000,0.120000000000000,3,0.540000000000000,0.390000000000000,5,0.730000000000000,0.420000000000000,5,-0.660000000000000,0.060000000000000,1,0.150000000000000,0.620000000000000,4
130302020105,Shingle Canyon-Mimbres River,0.110000000000000,0.140000000000000,4,0.530000000000000,0.390000000000000,5,0.420000000000000,0.350000000000000,5,-0.370000000000000,0.110000000000000,1,0.260000000000000,0.650000000000000,4
130302020602,Middle Porter Draw,-0.690000000000000,0.040000000000000,1,-0.960000000000000,0.060000000000000,1,-0.480000000000000,0.150000000000000,1,-0.040000000000000,0.160000000000000,3,0.260000000000000,0.650000000000000,4
130302020603,Lower Porter Draw,-0.300000000000000,0.090000000000000,2,-0.890000000000000,0.070000000000000,1,-0.700000000000000,0.090000000000000,1,0.220000000000000,0.190000000000000,4,0.230000000000000,0.640000000000000,4
130302020604,Black Mountain-Mimbres River,0.040000000000000,0.130000000000000,4,-0.660000000000000,0.130000000000000,1,-0.580000000000000,0.120000000000000,1,0.400000000000000,0.220000000000000,5,0.130000000000000,0.620000000000000,3
130302020605,Goat Ridge,-0.400000000000000,0.080000000000000,1,-0.920000000000000,0.070000000000000,1,-0.600000000000000,0.120000000000000,1,0.150000000000000,0.180000000000000,4,0.310000000000000,0.660000000000000,4
130302020606,China Draw,-0.490000000000000,0.060000000000000,1,-0.740000000000000,0.110000000000000,1,-0.450000000000000,0.150000000000000,2,-0.180000000000000,0.130000000000000,2,0.440000000000000,0.690000000000000,5
130302020607,Starvation Draw,-0.440000000000000,0.070000000000000,1,-0.670000000000000,0.120000000000000,1,-0.230000000000000,0.200000000000000,2,-0.250000000000000,0.120000000000000,2,0.510000000000000,0.710000000000000,5
130302020608,Town of Peruhill-Mimbres River,0.140000000000000,0.150000000000000,4,-0.750000000000000,0.110000000000000,1,-0.260000000000000,0.200000000000000,2,0.540000000000000,0.240000000000000,5,0.330000000000000,0.670000000000000,4
130302020701,130302020701,0.510000000000000,0.200000000000000,5,-0.030000000000000,0.270000000000000,3,-0.550000000000000,0.130000000000000,1,0.550000000000000,0.240000000000000,5,0.350000000000000,0.670000000000000,4
130302020702,Pole M Ranch,0.660000000000000,0.220000000000000,5,-0.010000000000000,0.270000000000000,3,-0.470000000000000,0.150000000000000,2,0.610000000000000,0.250000000000000,5,0.330000000000000,0.670000000000000,4
130302020703,Pine Canyon,0.170000000000000,0.150000000000000,4,0.020000000000000,0.280000000000000,3,0.110000000000000,0.280000000000000,4,0.080000000000000,0.180000000000000,4,0.150000000000000,0.620000000000000,4
130302021007,San Luis Lake,0.220000000000000,0.160000000000000,4,-0.670000000000000,0.120000000000000,1,-0.330000000000000,0.180000000000000,2,0.560000000000000,0.250000000000000,5,-0.070000000000000,0.570000000000000,3
130301020904,Town of La Union-Rio Grande,0.110000000000000,0.140000000000000,4,-0.410000000000000,0.180000000000000,2,-0.610000000000000,0.120000000000000,1,0.380000000000000,0.220000000000000,5,-0.780000000000000,0.410000000000000,1
130301020905,Mulberry Dam-Rio Grande,0.290000000000000,0.170000000000000,4,-0.060000000000000,0.260000000000000,3,-0.100000000000000,0.230000000000000,3,0.340000000000000,0.210000000000000,5,-1.010000000000000,0.350000000000000,1
130302021704,130302021704,0.120000000000000,0.140000000000000,4,-0.610000000000000,0.140000000000000,1,-0.280000000000000,0.190000000000000,2,0.470000000000000,0.230000000000000,5,-0.920000000000000,0.370000000000000,1
130302011002, ,-0.230000000000000,0.100000000000000,2,-0.270000000000000,0.210000000000000,2,-0.450000000000000,0.150000000000000,2,-0.250000000000000,0.120000000000000,2,0.360000000000000,0.670000000000000,4
130302010704,South Sheridan Canyon-Hachita Valley,0.060000000000000,0.140000000000000,4,-0.120000000000000,0.250000000000000,3,0.060000000000000,0.270000000000000,4,-0.080000000000000,0.150000000000000,3,-0.260000000000000,0.530000000000000,2
130302010606,130302010606,999.000000000000000,999.000000000000000,999,999.000000000000000,999.000000000000000,999,999.000000000000000,999.000000000000000,999,999.000000000000000,999.000000000000000,999,999.000000000000000,999.000000000000000,999
130302021801,Camel Mountain,-0.100000000000000,0.120000000000000,3,-0.690000000000000,0.120000000000000,1,-0.370000000000000,0.170000000000000,2,0.240000000000000,0.200000000000000,4,-0.680000000000000,0.430000000000000,1
130302020106,Gallinas Canyon,-0.080000000000000,0.120000000000000,3,0.790000000000000,0.450000000000000,5,1.040000000000000,0.490000000000000,5,-0.640000000000000,0.070000000000000,1,0.040000000000000,0.600000000000000,3
130302020107,Ancheta Canyon-Mimbres River,-0.140000000000000,0.110000000000000,3,0.240000000000000,0.330000000000000,4,0.300000000000000,0.320000000000000,4,-0.460000000000000,0.090000000000000,1,0.210000000000000,0.640000000000000,4
130302020201,Rio de Arenas,-0.370000000000000,0.080000000000000,2,-0.360000000000000,0.190000000000000,2,-0.240000000000000,0.200000000000000,2,-0.360000000000000,0.110000000000000,2,0.190000000000000,0.630000000000000,4
130302020202,Pipeline Draw,-0.170000000000000,0.110000000000000,2,0.120000000000000,0.300000000000000,4,0.080000000000000,0.270000000000000,4,-0.560000000000000,0.080000000000000,1,0.230000000000000,0.640000000000000,4
130302020203,Maudes Canyon-San Vicente Draw,-0.310000000000000,0.090000000000000,2,-0.160000000000000,0.240000000000000,3,0.070000000000000,0.270000000000000,4,-0.470000000000000,0.090000000000000,1,0.120000000000000,0.620000000000000,3
130302020204,Cameron Creek,-0.450000000000000,0.070000000000000,1,-0.270000000000000,0.210000000000000,2,-0.140000000000000,0.220000000000000,3,-0.460000000000000,0.090000000000000,1,0.170000000000000,0.630000000000000,4
130302020205,Oak Grove Creek-San Vicente Draw,-0.090000000000000,0.120000000000000,3,0.060000000000000,0.290000000000000,4,-0.310000000000000,0.180000000000000,2,-0.380000000000000,0.110000000000000,1,0.210000000000000,0.640000000000000,4
130302020301,Hogback Draw,0.270000000000000,0.170000000000000,4,0.150000000000000,0.310000000000000,4,-0.520000000000000,0.140000000000000,1,0.140000000000000,0.180000000000000,4,0.220000000000000,0.640000000000000,4
130302020302,Headwaters Whitewater Creek,-0.390000000000000,0.080000000000000,1,-0.030000000000000,0.270000000000000,3,0.270000000000000,0.320000000000000,4,-0.510000000000000,0.080000000000000,1,0.230000000000000,0.640000000000000,4
130302020303,Outlet Whitewater Creek,0.070000000000000,0.140000000000000,4,0.070000000000000,0.290000000000000,4,-0.080000000000000,0.240000000000000,3,0.310000000000000,0.210000000000000,4,0.100000000000000,0.610000000000000,3
130302020304,Antelope Draw,0.070000000000000,0.140000000000000,4,-0.450000000000000,0.170000000000000,1,-0.700000000000000,0.100000000000000,1,0.250000000000000,0.200000000000000,4,0.100000000000000,0.610000000000000,3
130302020305,Cherry Creek-San Vicente Draw,0.290000000000000,0.170000000000000,4,0.240000000000000,0.330000000000000,4,-0.270000000000000,0.190000000000000,2,0.180000000000000,0.190000000000000,4,0.130000000000000,0.620000000000000,3
130302020704,Horse Creek,0.600000000000000,0.210000000000000,5,-0.020000000000000,0.270000000000000,3,-0.090000000000000,0.230000000000000,3,0.440000000000000,0.230000000000000,5,0.240000000000000,0.640000000000000,4
130302020705,130302020705,0.050000000000000,0.130000000000000,4,-0.200000000000000,0.230000000000000,2,-0.050000000000000,0.240000000000000,3,0.190000000000000,0.190000000000000,4,0.120000000000000,0.620000000000000,3
130302020706,Uvas Valley,0.490000000000000,0.190000000000000,5,-0.470000000000000,0.170000000000000,1,-0.280000000000000,0.190000000000000,2,0.880000000000000,0.290000000000000,5,0.010000000000000,0.590000000000000,3
130302020801,Upper Macho Creek,-0.140000000000000,0.110000000000000,3,0.180000000000000,0.310000000000000,4,0.310000000000000,0.330000000000000,4,-0.490000000000000,0.090000000000000,1,0.250000000000000,0.650000000000000,4
130302020802,Middle Macho Creek,0.530000000000000,0.200000000000000,5,-0.320000000000000,0.200000000000000,2,-0.350000000000000,0.170000000000000,2,0.600000000000000,0.250000000000000,5,0.390000000000000,0.680000000000000,4
130302020803,Round Mountain,0.240000000000000,0.160000000000000,4,-0.410000000000000,0.180000000000000,2,-0.600000000000000,0.120000000000000,1,0.390000000000000,0.220000000000000,5,0.270000000000000,0.650000000000000,4
130302020804,130302020804,0.310000000000000,0.170000000000000,5,-0.540000000000000,0.150000000000000,1,-0.540000000000000,0.130000000000000,1,0.440000000000000,0.230000000000000,5,0.310000000000000,0.660000000000000,4
130302021605,Greasewood Hills-Seventysix Draw,0.190000000000000,0.150000000000000,4,-0.410000000000000,0.180000000000000,2,-0.190000000000000,0.210000000000000,3,0.420000000000000,0.230000000000000,5,-0.380000000000000,0.500000000000000,1
130302022001,Rascon Canyon,0.340000000000000,0.170000000000000,5,-0.540000000000000,0.150000000000000,1,-0.060000000000000,0.240000000000000,3,0.400000000000000,0.220000000000000,5,-0.800000000000000,0.400000000000000,1
130302022003, ,0.220000000000000,0.160000000000000,4,-0.780000000000000,0.100000000000000,1,-0.220000000000000,0.200000000000000,2,0.370000000000000,0.220000000000000,5,-0.700000000000000,0.430000000000000,1
130302022002, ,-0.090000000000000,0.120000000000000,3,-0.810000000000000,0.090000000000000,1,-0.200000000000000,0.210000000000000,3,0.400000000000000,0.220000000000000,5,-1.290000000000000,0.290000000000000,1
130302010809,Campbell Well,-0.300000000000000,0.090000000000000,2,-0.460000000000000,0.170000000000000,1,-0.150000000000000,0.220000000000000,3,-0.060000000000000,0.150000000000000,3,-0.210000000000000,0.540000000000000,2
130302010803,Deer Flat,-0.340000000000000,0.080000000000000,2,-0.490000000000000,0.160000000000000,1,-0.360000000000000,0.170000000000000,2,-0.090000000000000,0.150000000000000,3,-0.270000000000000,0.520000000000000,2
130302021207,Mesquite Lake,0.480000000000000,0.190000000000000,5,-0.340000000000000,0.200000000000000,2,-0.290000000000000,0.190000000000000,2,0.500000000000000,0.240000000000000,5,-0.180000000000000,0.550000000000000,2
130302021502,Snake Hills,-0.080000000000000,0.120000000000000,3,-0.990000000000000,0.050000000000000,1,-0.390000000000000,0.170000000000000,2,0.430000000000000,0.230000000000000,5,-0.220000000000000,0.540000000000000,2
130302021506,Brisbee Draw,0.410000000000000,0.180000000000000,5,-0.130000000000000,0.240000000000000,3,-0.140000000000000,0.220000000000000,3,0.360000000000000,0.220000000000000,5,-0.050000000000000,0.580000000000000,3
130302021507,Headwaters Tomerlin Draw,0.430000000000000,0.190000000000000,5,-0.070000000000000,0.260000000000000,3,-0.240000000000000,0.200000000000000,2,0.340000000000000,0.210000000000000,5,-0.060000000000000,0.570000000000000,3
130302021508,Outlet Tomerlin Draw,0.160000000000000,0.150000000000000,4,-0.170000000000000,0.230000000000000,3,-0.020000000000000,0.250000000000000,3,0.330000000000000,0.210000000000000,5,-0.310000000000000,0.520000000000000,2
130302021509,Bassett Lake-Seventysix Draw,0.020000000000000,0.130000000000000,3,-0.980000000000000,0.050000000000000,1,-0.040000000000000,0.240000000000000,3,0.650000000000000,0.260000000000000,5,-0.200000000000000,0.540000000000000,2
130302021601,Capitol Dome Draw,0.040000000000000,0.130000000000000,3,-0.560000000000000,0.150000000000000,1,0.150000000000000,0.290000000000000,4,0.440000000000000,0.230000000000000,5,0.190000000000000,0.630000000000000,4
130302021602,Mahoney Park,0.070000000000000,0.140000000000000,4,-0.630000000000000,0.130000000000000,1,0.000000000000000,0.250000000000000,3,0.500000000000000,0.240000000000000,5,0.100000000000000,0.610000000000000,3
130302021603,Crawford Ranch,0.040000000000000,0.130000000000000,3,-0.830000000000000,0.090000000000000,1,-0.030000000000000,0.250000000000000,3,0.590000000000000,0.250000000000000,5,-0.050000000000000,0.580000000000000,3
130302021604,Burns Draw-Seventysix Draw,0.500000000000000,0.190000000000000,5,-0.190000000000000,0.230000000000000,2,0.100000000000000,0.280000000000000,4,0.640000000000000,0.260000000000000,5,-0.270000000000000,0.530000000000000,2
130302021805,130302021805,-0.120000000000000,0.110000000000000,3,-0.770000000000000,0.100000000000000,1,-0.650000000000000,0.110000000000000,1,0.180000000000000,0.190000000000000,4,-0.540000000000000,0.460000000000000,1
130302021701,Indian Basin,-0.010000000000000,0.130000000000000,3,-0.500000000000000,0.160000000000000,1,-0.210000000000000,0.210000000000000,3,0.330000000000000,0.210000000000000,5,-0.550000000000000,0.460000000000000,1
130302021702,White Lakes Tank,0.000000000000000,0.130000000000000,3,-0.540000000000000,0.150000000000000,1,-0.210000000000000,0.210000000000000,3,0.440000000000000,0.230000000000000,5,-0.790000000000000,0.400000000000000,1
130302021703,Oney Tank,0.030000000000000,0.130000000000000,3,-0.610000000000000,0.140000000000000,1,-0.210000000000000,0.210000000000000,3,0.590000000000000,0.250000000000000,5,-1.320000000000000,0.280000000000000,1
130302021705,Dean Wells,-0.060000000000000,0.120000000000000,3,-0.780000000000000,0.100000000000000,1,-0.480000000000000,0.150000000000000,1,0.440000000000000,0.230000000000000,5,-1.580000000000000,0.220000000000000,1
130301020803,Vado Arroyo-Rio Grande,-0.090000000000000,0.120000000000000,3,-0.500000000000000,0.160000000000000,1,-0.250000000000000,0.200000000000000,2,0.350000000000000,0.220000000000000,5,-1.320000000000000,0.280000000000000,1
130301020902,City of Santa Teresa,0.110000000000000,0.140000000000000,4,-0.400000000000000,0.180000000000000,2,-0.530000000000000,0.130000000000000,1,0.380000000000000,0.220000000000000,5,-0.670000000000000,0.430000000000000,1
130302021208,Box Canyon,-0.120000000000000,0.110000000000000,3,-0.630000000000000,0.130000000000000,1,-0.270000000000000,0.190000000000000,2,0.340000000000000,0.210000000000000,5,-0.740000000000000,0.420000000000000,1
130302021301,Whiterock Canyon,-0.250000000000000,0.100000000000000,2,-0.340000000000000,0.200000000000000,2,-0.550000000000000,0.130000000000000,1,-0.260000000000000,0.120000000000000,2,0.360000000000000,0.670000000000000,4
130302021302,Hay Draw,-0.280000000000000,0.090000000000000,2,-0.800000000000000,0.090000000000000,1,-0.620000000000000,0.110000000000000,1,0.060000000000000,0.170000000000000,4,-0.010000000000000,0.590000000000000,3
130302021303,Pipeline Tank-Seventysix Draw,-0.150000000000000,0.110000000000000,2,-0.710000000000000,0.110000000000000,1,-0.730000000000000,0.090000000000000,1,0.270000000000000,0.200000000000000,4,-0.190000000000000,0.540000000000000,2
130302021304,Todd Hunter Reservoir-Seventysix Draw,0.390000000000000,0.180000000000000,5,-0.120000000000000,0.250000000000000,3,-0.350000000000000,0.170000000000000,2,0.440000000000000,0.230000000000000,5,-0.170000000000000,0.550000000000000,2
130302021401,Cedar Grove Draw,0.320000000000000,0.170000000000000,5,0.130000000000000,0.300000000000000,4,-0.100000000000000,0.230000000000000,3,0.160000000000000,0.190000000000000,4,0.040000000000000,0.600000000000000,3
130302021402,Headwaters Cow Spring Draw,-0.290000000000000,0.090000000000000,2,-0.510000000000000,0.160000000000000,1,-0.750000000000000,0.080000000000000,1,-0.220000000000000,0.130000000000000,2,0.270000000000000,0.650000000000000,4
130302021403,Outlet Cow Spring Draw,-0.100000000000000,0.120000000000000,3,-0.700000000000000,0.120000000000000,1,-0.630000000000000,0.110000000000000,1,0.180000000000000,0.190000000000000,4,-0.070000000000000,0.570000000000000,3
130302021404,Red Tank,0.160000000000000,0.150000000000000,4,-0.250000000000000,0.220000000000000,2,-0.310000000000000,0.180000000000000,2,0.280000000000000,0.200000000000000,4,-0.060000000000000,0.570000000000000,3
130302021405,Clabber Top Hill,0.070000000000000,0.140000000000000,4,-0.600000000000000,0.140000000000000,1,-0.700000000000000,0.090000000000000,1,0.240000000000000,0.200000000000000,4,-0.100000000000000,0.570000000000000,2
130302021406,130302021406,-0.170000000000000,0.110000000000000,2,-1.080000000000000,0.030000000000000,1,-0.680000000000000,0.100000000000000,1,0.360000000000000,0.220000000000000,5,-0.260000000000000,0.530000000000000,2
130302021407,Grandmother Mountain-Seventysix Draw,0.270000000000000,0.160000000000000,4,-0.570000000000000,0.150000000000000,1,-0.500000000000000,0.140000000000000,1,0.450000000000000,0.230000000000000,5,-0.210000000000000,0.540000000000000,2
130302021501,Headwaters Jones Spring Draw,0.300000000000000,0.170000000000000,5,-0.320000000000000,0.200000000000000,2,-0.670000000000000,0.100000000000000,1,0.380000000000000,0.220000000000000,5,0.080000000000000,0.610000000000000,3
130302021503,130302021503,-0.010000000000000,0.130000000000000,3,-1.020000000000000,0.050000000000000,1,-0.600000000000000,0.120000000000000,1,0.510000000000000,0.240000000000000,5,-0.300000000000000,0.520000000000000,2
130302021504,Outlet Jones Spring Draw,0.060000000000000,0.140000000000000,4,-0.840000000000000,0.090000000000000,1,-0.410000000000000,0.160000000000000,2,0.510000000000000,0.240000000000000,5,-0.070000000000000,0.570000000000000,3
130302021505,Burdick Hills -Seventysix Draw,0.730000000000000,0.230000000000000,5,-0.250000000000000,0.220000000000000,2,-0.230000000000000,0.200000000000000,2,0.720000000000000,0.270000000000000,5,-0.360000000000000,0.500000000000000,1
130302021105,Twin Tanks,-0.040000000000000,0.120000000000000,3,-0.750000000000000,0.100000000000000,1,-0.430000000000000,0.160000000000000,2,0.410000000000000,0.220000000000000,5,-0.250000000000000,0.530000000000000,2
130302021201,City of Deming,0.510000000000000,0.200000000000000,5,-0.480000000000000,0.170000000000000,1,0.130000000000000,0.280000000000000,4,0.760000000000000,0.280000000000000,5,0.360000000000000,0.670000000000000,4
130302021202,Rock Hound State Park,0.710000000000000,0.220000000000000,5,-0.060000000000000,0.260000000000000,3,0.260000000000000,0.310000000000000,4,0.730000000000000,0.270000000000000,5,0.340000000000000,0.670000000000000,4
130302021203,130302021203,0.060000000000000,0.140000000000000,4,-0.930000000000000,0.060000000000000,1,-0.320000000000000,0.180000000000000,2,0.650000000000000,0.260000000000000,5,-0.060000000000000,0.570000000000000,3
130302021204,Black Rock Canyon,0.680000000000000,0.220000000000000,5,0.040000000000000,0.280000000000000,3,0.090000000000000,0.280000000000000,4,0.490000000000000,0.240000000000000,5,0.120000000000000,0.620000000000000,3
130302021205,Sibley Hole,0.100000000000000,0.140000000000000,4,-0.770000000000000,0.100000000000000,1,-0.320000000000000,0.180000000000000,2,0.590000000000000,0.250000000000000,5,-0.280000000000000,0.520000000000000,2
130302021206,Copper Kettle Canyon,0.000000000000000,0.130000000000000,3,-0.550000000000000,0.150000000000000,1,-0.290000000000000,0.190000000000000,2,0.220000000000000,0.190000000000000,4,-0.420000000000000,0.490000000000000,1
130302021103,Jays Tank,-0.080000000000000,0.120000000000000,3,-0.480000000000000,0.170000000000000,1,-0.240000000000000,0.200000000000000,2,0.210000000000000,0.190000000000000,4,-0.060000000000000,0.570000000000000,3
130302021104,Portrillo Peak,-0.010000000000000,0.130000000000000,3,-0.530000000000000,0.160000000000000,1,-0.320000000000000,0.180000000000000,2,0.310000000000000,0.210000000000000,5,-0.240000000000000,0.530000000000000,2
130401000107,Ascarate Lake-Rio Grande,999.000000000000000,999.000000000000000,999,999.000000000000000,999.000000000000000,999,999.000000000000000,999.000000000000000,999,999.000000000000000,999.000000000000000,999,999.000000000000000,999.000000000000000,999
150400020608,Corral Canyon-Upper Gila River,0.030000000000000,0.130000000000000,3,-0.340000000000000,0.200000000000000,2,-0.060000000000000,0.240000000000000,3,-0.370000000000000,0.110000000000000,2,0.290000000000000,0.660000000000000,4
150400020701,Riley Canyon,-0.530000000000000,0.060000000000000,1,-0.400000000000000,0.180000000000000,2,-0.030000000000000,0.250000000000000,3,-0.750000000000000,0.050000000000000,1,0.530000000000000,0.710000000000000,5
150400020702,Cottonwood Canyon-Gila River,0.190000000000000,0.150000000000000,4,-0.120000000000000,0.250000000000000,3,-0.100000000000000,0.230000000000000,3,-0.110000000000000,0.150000000000000,3,0.370000000000000,0.670000000000000,4
150400030101,Headwaters China Draw,-0.240000000000000,0.100000000000000,2,-0.650000000000000,0.130000000000000,1,-0.810000000000000,0.070000000000000,1,-0.040000000000000,0.160000000000000,3,0.150000000000000,0.620000000000000,4
150400030102,Outlet China Draw,-0.420000000000000,0.070000000000000,1,-0.990000000000000,0.050000000000000,1,-1.010000000000000,0.020000000000000,1,0.160000000000000,0.190000000000000,4,-0.030000000000000,0.580000000000000,3
130202110806,Ash Canyon-Elephant Butte Reservoir,4.090000000000000,0.670000000000000,5,-0.410000000000000,0.180000000000000,2,-0.360000000000000,0.170000000000000,2,3.330000000000000,0.660000000000000,5,-1.010000000000000,0.350000000000000,1
130302010506,Brushy Creek,-0.410000000000000,0.070000000000000,1,-0.400000000000000,0.180000000000000,2,-0.320000000000000,0.180000000000000,2,-0.190000000000000,0.130000000000000,2,0.290000000000000,0.660000000000000,4
130302010507,Cowboy Creek,-0.380000000000000,0.080000000000000,1,-0.610000000000000,0.140000000000000,1,-0.410000000000000,0.160000000000000,2,-0.090000000000000,0.150000000000000,3,0.340000000000000,0.670000000000000,4
130301020906,City of Coronado Hills-Rio Grande,0.550000000000000,0.200000000000000,5,0.320000000000000,0.340000000000000,4,0.600000000000000,0.390000000000000,5,0.070000000000000,0.170000000000000,4,-1.230000000000000,0.300000000000000,1
150400030402,Hoodoo Canyon-Lordsburg Draw,-0.290000000000000,0.090000000000000,2,-0.590000000000000,0.140000000000000,1,-0.510000000000000,0.140000000000000,1,-0.060000000000000,0.150000000000000,3,0.390000000000000,0.680000000000000,4
130302020805,Lower Macho Creek,0.400000000000000,0.180000000000000,5,-0.790000000000000,0.100000000000000,1,-0.720000000000000,0.090000000000000,1,0.630000000000000,0.260000000000000,5,0.390000000000000,0.680000000000000,4
130302020806,Lazy E Ranch,0.220000000000000,0.160000000000000,4,-0.630000000000000,0.130000000000000,1,-0.550000000000000,0.130000000000000,1,0.450000000000000,0.230000000000000,5,0.300000000000000,0.660000000000000,4
130302020807,Town of Akela,0.360000000000000,0.180000000000000,5,-0.790000000000000,0.100000000000000,1,-0.570000000000000,0.130000000000000,1,0.680000000000000,0.260000000000000,5,0.240000000000000,0.640000000000000,4
130302021101,130302021101,0.210000000000000,0.160000000000000,4,-0.320000000000000,0.200000000000000,2,-0.170000000000000,0.220000000000000,3,0.330000000000000,0.210000000000000,5,0.110000000000000,0.610000000000000,3
130302021102,Malpais Ridge,0.010000000000000,0.130000000000000,3,-0.450000000000000,0.170000000000000,1,-0.250000000000000,0.200000000000000,2,0.270000000000000,0.200000000000000,4,0.020000000000000,0.590000000000000,3
130301030304,Blackshire Draw-Jornada Draw,0.070000000000000,0.140000000000000,4,-0.660000000000000,0.120000000000000,1,-0.510000000000000,0.140000000000000,1,0.360000000000000,0.220000000000000,5,-0.520000000000000,0.470000000000000,1
130302010811, ,999.000000000000000,999.000000000000000,999,999.000000000000000,999.000000000000000,999,999.000000000000000,999.000000000000000,999,999.000000000000000,999.000000000000000,999,999.000000000000000,999.000000000000000,999
130302022102, ,999.000000000000000,999.000000000000000,999,999.000000000000000,999.000000000000000,999,999.000000000000000,999.000000000000000,999,999.000000000000000,999.000000000000000,999,999.000000000000000,999.000000000000000,999
130500040302,Stockard Well,0.330000000000000,0.170000000000000,5,0.140000000000000,0.300000000000000,4,-0.440000000000000,0.160000000000000,2,0.400000000000000,0.220000000000000,5,-0.690000000000000,0.430000000000000,1
